game_date,away_team,home_team,status,winner,favored_team,away_win_probability,home_win_probability,game_id,away_score,home_score,away_record,home_record,away_win_pct,home_win_pct,away_pyth_pct,home_pyth_pct,away_run_diff_pg,home_run_diff_pg,away_rs_pg,home_rs_pg,away_ra_pg,home_ra_pg,away_era,home_era,away_probable_starter,home_probable_starter,away_probable_id,home_probable_id,season_type,season_slug,game_start_utc,game_time
2026-07-18,Pittsburgh Pirates,Cleveland Guardians,Final,Pittsburgh Pirates,Cleveland Guardians,0.4126,0.5874,401896568,7,1,51-47,51-47,0.5,0.503,0.517,0.492,0.17,-0.07,4.79,4.09,4.61,4.17,,,Jared Jones,Gavin Williams,4918156,4345076,2.0,regular-season,2026-07-18T17:10Z,1:10 PM ET
2026-07-18,Minnesota Twins,Chicago Cubs,Final,Chicago Cubs,Chicago Cubs,0.3849,0.6151,401816164,2,6,49-50,55-43,0.467,0.556,0.457,0.588,-0.45,0.94,4.57,5.34,5.02,4.4,,,Taj Bradley,Matthew Boyd,42480,34401,2.0,regular-season,2026-07-18T18:20Z,2:20 PM ET
2026-07-18,New York Mets,Philadelphia Phillies,Final,Philadelphia Phillies,Philadelphia Phillies,0.3474,0.6526,401816158,1,6,41-58,55-44,0.46,0.553,0.476,0.521,-0.23,0.21,4.29,4.5,4.53,4.29,,,Sean Manaea,Jesus Luzardo,33244,39667,2.0,regular-season,2026-07-18T19:05Z,3:05 PM ET
2026-07-18,Chicago White Sox,Toronto Blue Jays,Final,Toronto Blue Jays,Toronto Blue Jays,0.4435,0.5565,401816156,0,1,51-46,46-52,0.513,0.497,0.525,0.477,0.25,-0.21,4.68,4.06,4.43,4.27,,,Davis Martin,Shane Bieber,42823,40912,2.0,regular-season,2026-07-18T19:07Z,3:07 PM ET
2026-07-18,Cincinnati Reds,Colorado Rockies,Final,Colorado Rockies,Cincinnati Reds,0.6238,0.3762,401816166,3,10,44-53,40-60,0.467,0.367,0.404,0.402,-0.99,-1.13,4.17,4.69,5.15,5.82,,,Rhett Lowder,Tomoyuki Sugano,4758873,4142423,2.0,regular-season,2026-07-18T19:10Z,3:10 PM ET
2026-07-18,Tampa Bay Rays,Boston Red Sox,Final,Boston Red Sox,Tampa Bay Rays,0.5266,0.4734,401816160,6,7,56-41,49-48,0.604,0.547,0.549,0.565,0.46,0.59,4.58,4.42,4.11,3.83,,,Ian Seymour,Patrick Sandoval,4669425,40975,2.0,regular-season,2026-07-18T20:10Z,4:10 PM ET
2026-07-18,Texas Rangers,Atlanta Braves,Final,Texas Rangers,Atlanta Braves,0.3631,0.6369,401816161,7,6,50-48,56-41,0.493,0.583,0.469,0.58,-0.29,0.74,4.16,4.61,4.45,3.87,,,MacKenzie Gore,Owen Murphy,39636,5080750,2.0,regular-season,2026-07-18T20:10Z,4:10 PM ET
2026-07-18,Baltimore Orioles,Houston Astros,Final,Baltimore Orioles,Houston Astros,0.4354,0.5646,401816162,4,2,48-51,47-53,0.483,0.5,0.477,0.465,-0.23,-0.35,4.46,4.46,4.69,4.81,,,Trevor Rogers,Spencer Arrighetti,39640,4726080,2.0,regular-season,2026-07-18T20:10Z,4:10 PM ET
2026-07-18,Miami Marlins,Milwaukee Brewers,Final,Milwaukee Brewers,Milwaukee Brewers,0.3298,0.6702,401816163,6,8,52-47,61-37,0.49,0.62,0.503,0.629,0.03,1.3,4.46,5.19,4.42,3.89,,,Max Meyer,Shane Drohan,4345164,4315203,2.0,regular-season,2026-07-18T20:10Z,4:10 PM ET
2026-07-18,San Diego Padres,Kansas City Royals,Final,Kansas City Royals,San Diego Padres,0.6008,0.3992,401816165,1,6,48-50,40-59,0.547,0.44,0.517,0.437,0.15,-0.63,4.31,4.23,4.16,4.85,,,Griffin Canning,Randy Dobnak,41065,42214,2.0,regular-season,2026-07-18T20:10Z,4:10 PM ET
2026-07-18,St. Louis Cardinals,Arizona Diamondbacks,Final,Arizona Diamondbacks,Arizona Diamondbacks,0.4089,0.5911,401816169,3,5,51-46,50-48,0.497,0.53,0.496,0.502,-0.04,0.02,4.54,4.46,4.58,4.44,,,Dustin May,Brandon Pfaadt,40937,4721302,2.0,regular-season,2026-07-18T20:10Z,4:10 PM ET
2026-07-18,San Francisco Giants,Seattle Mariners,Final,Seattle Mariners,Seattle Mariners,0.3809,0.6191,401816168,3,4,42-56,49-50,0.411,0.464,0.447,0.458,-0.52,-0.4,4.19,4.08,4.71,4.48,,,Logan Webb,Bryan Woo,41216,4629089,2.0,regular-season,2026-07-19T00:08Z,8:08 PM ET
2026-07-18,Washington Nationals,Athletics,Final,Athletics,Athletics,0.4906,0.5094,401816170,1,15,49-50,42-56,0.464,0.407,0.502,0.379,0.02,-1.35,5.11,4.37,5.09,5.73,,,Zack Littell,J.T. Ginn,36052,4414002,2.0,regular-season,2026-07-19T02:05Z,10:05 PM ET
2026-07-18,Detroit Tigers,Los Angeles Angels,Final,Detroit Tigers,Detroit Tigers,0.5633,0.4367,401816167,7,0,46-52,38-61,0.473,0.38,0.551,0.448,0.47,-0.49,4.48,4.07,4.01,4.56,,,Tarik Skubal,Grayson Rodriguez,42409,41196,2.0,regular-season,2026-07-19T02:07Z,10:07 PM ET
2026-07-19,Chicago White Sox,Toronto Blue Jays,Final,Chicago White Sox,Toronto Blue Jays,0.4435,0.5565,401816171,3,0,52-46,46-53,0.513,0.497,0.525,0.477,0.25,-0.21,4.68,4.06,4.43,4.27,,,Sean Burke,Trey Yesavage,4867679,4949041,2.0,regular-season,2026-07-19T16:15Z,12:15 PM ET
2026-07-19,Los Angeles Dodgers,New York Yankees,Final,Los Angeles Dodgers,New York Yankees,0.4708,0.5292,401897386,8,2,63-36,54-44,0.607,0.58,0.619,0.595,1.15,0.87,4.97,4.57,3.81,3.7,,,Yoshinobu Yamamoto,Cam Schlittler,4872587,5134581,2.0,regular-season,2026-07-19T16:35Z,12:35 PM ET
2026-07-19,New York Mets,Philadelphia Phillies,Final,New York Mets,Philadelphia Phillies,0.3474,0.6526,401816173,6,1,42-58,55-45,0.46,0.553,0.476,0.521,-0.23,0.21,4.29,4.5,4.53,4.29,,,Nolan McLean,Alan Rangel,4433874,4917631,2.0,regular-season,2026-07-19T17:35Z,1:35 PM ET
2026-07-19,Tampa Bay Rays,Boston Red Sox,Final,Boston Red Sox,Tampa Bay Rays,0.5266,0.4734,401816175,1,6,56-42,50-48,0.604,0.547,0.549,0.565,0.46,0.59,4.58,4.42,4.11,3.83,,,Shane McClanahan,Sonny Gray,41199,32082,2.0,regular-season,2026-07-19T17:35Z,1:35 PM ET
2026-07-19,Texas Rangers,Atlanta Braves,Final,Atlanta Braves,Atlanta Braves,0.3631,0.6369,401816176,5,8,50-49,57-41,0.493,0.583,0.469,0.58,-0.29,0.74,4.16,4.61,4.45,3.87,,,Nathan Eovaldi,Grant Holmes,31174,33840,2.0,regular-season,2026-07-19T17:35Z,1:35 PM ET
2026-07-19,Pittsburgh Pirates,Cleveland Guardians,Final,Pittsburgh Pirates,Cleveland Guardians,0.4126,0.5874,401816174,7,1,52-48,52-48,0.5,0.503,0.517,0.492,0.17,-0.07,4.79,4.09,4.61,4.17,,,Paul Skenes,Joey Cantillo,4719507,42488,2.0,regular-season,2026-07-19T17:40Z,1:40 PM ET
2026-07-19,Baltimore Orioles,Houston Astros,Final,Baltimore Orioles,Houston Astros,0.4354,0.5646,401816177,5,2,49-51,47-54,0.483,0.5,0.477,0.465,-0.23,-0.35,4.46,4.46,4.69,4.81,,,Brandon Young,Hunter Brown,4414339,4717803,2.0,regular-season,2026-07-19T18:10Z,2:10 PM ET
2026-07-19,Miami Marlins,Milwaukee Brewers,Final,Milwaukee Brewers,Milwaukee Brewers,0.3298,0.6702,401816178,1,3,52-48,62-37,0.49,0.62,0.503,0.629,0.03,1.3,4.46,5.19,4.42,3.89,,,Eury Perez,Robert Gasser,4917854,4918251,2.0,regular-season,2026-07-19T18:10Z,2:10 PM ET
2026-07-19,San Diego Padres,Kansas City Royals,Final,San Diego Padres,San Diego Padres,0.6008,0.3992,401816180,19,2,49-50,40-60,0.547,0.44,0.517,0.437,0.15,-0.63,4.31,4.23,4.16,4.85,,,German Marquez,Noah Cameron,34874,4417208,2.0,regular-season,2026-07-19T18:10Z,2:10 PM ET
2026-07-19,Minnesota Twins,Chicago Cubs,Final,Chicago Cubs,Chicago Cubs,0.3849,0.6151,401816179,1,10,49-51,56-43,0.467,0.556,0.457,0.588,-0.45,0.94,4.57,5.34,5.02,4.4,,,Zebby Matthews,Shota Imanaga,4791597,5134630,2.0,regular-season,2026-07-19T18:20Z,2:20 PM ET
2026-07-19,Cincinnati Reds,Colorado Rockies,Final,Cincinnati Reds,Cincinnati Reds,0.6238,0.3762,401816181,9,6,45-53,40-61,0.467,0.367,0.404,0.402,-0.99,-1.13,4.17,4.69,5.15,5.82,,,Hunter Greene,Ryan Feltner,39635,4019484,2.0,regular-season,2026-07-19T19:10Z,3:10 PM ET
2026-07-19,Washington Nationals,Athletics,Final,Washington Nationals,Athletics,0.4906,0.5094,401816185,5,2,50-50,42-57,0.464,0.407,0.502,0.379,0.02,-1.35,5.11,4.37,5.09,5.73,,,Foster Griffin,Jacob Lopez,33773,42239,2.0,regular-season,2026-07-19T20:05Z,4:05 PM ET
2026-07-19,Detroit Tigers,Los Angeles Angels,Final,Los Angeles Angels,Detroit Tigers,0.5633,0.4367,401816182,2,3,46-53,39-61,0.473,0.38,0.551,0.448,0.47,-0.49,4.48,4.07,4.01,4.56,,,Casey Mize,Ryan Johnson,41167,5007859,2.0,regular-season,2026-07-19T20:07Z,4:07 PM ET
2026-07-19,San Francisco Giants,Seattle Mariners,Final,Seattle Mariners,Seattle Mariners,0.3809,0.6191,401816183,3,6,42-57,50-50,0.411,0.464,0.447,0.458,-0.52,-0.4,4.19,4.08,4.71,4.48,,,Robbie Ray,Logan Gilbert,32175,41221,2.0,regular-season,2026-07-19T20:10Z,4:10 PM ET
2026-07-19,St. Louis Cardinals,Arizona Diamondbacks,Final,Arizona Diamondbacks,Arizona Diamondbacks,0.4089,0.5911,401816184,7,8,51-47,51-48,0.497,0.53,0.496,0.502,-0.04,0.02,4.54,4.46,4.58,4.44,,,Andre Pallante,Eduardo Rodriguez,4109034,32675,2.0,regular-season,2026-07-19T20:10Z,4:10 PM ET
2026-07-20,Minnesota Twins,Cleveland Guardians,Final,Cleveland Guardians,Cleveland Guardians,0.3817,0.6183,401816188,4,13,49-52,53-48,0.467,0.503,0.457,0.492,-0.45,-0.07,4.57,4.09,5.02,4.17,,,Joe Ryan,Tanner Bibee,42450,4345278,2.0,regular-season,2026-07-20T22:40Z,6:40 PM ET
2026-07-20,Los Angeles Dodgers,Philadelphia Phillies,Final,Philadelphia Phillies,Los Angeles Dodgers,0.5056,0.4944,401816187,7,10,63-38,56-45,0.607,0.553,0.619,0.521,1.15,0.21,4.97,4.5,3.81,4.29,,,Emmet Sheehan,Cristopher Sanchez,4417806,42359,2.0,regular-season,2026-07-20T23:00Z,7:00 PM ET
2026-07-20,Pittsburgh Pirates,New York Yankees,Final,New York Yankees,New York Yankees,0.3385,0.6615,401816189,5,8,52-49,56-44,0.5,0.58,0.517,0.595,0.17,0.87,4.79,4.57,4.61,3.7,,,Braxton Ashcraft,Ryan Weathers,41282,41178,2.0,regular-season,2026-07-20T23:05Z,7:05 PM ET
2026-07-20,Tampa Bay Rays,Toronto Blue Jays,Final,Tampa Bay Rays,Tampa Bay Rays,0.5751,0.4249,401816191,7,1,57-42,46-54,0.604,0.497,0.549,0.477,0.46,-0.21,4.58,4.06,4.11,4.27,,,Nick Martinez,Dylan Cease,33372,34943,2.0,regular-season,2026-07-20T23:07Z,7:07 PM ET
2026-07-20,Baltimore Orioles,Boston Red Sox,Final,Boston Red Sox,Boston Red Sox,0.369,0.631,401816186,5,6,49-52,51-48,0.483,0.547,0.477,0.565,-0.23,0.59,4.46,4.42,4.69,3.83,,,Shane Baz,Payton Tolle,39639,4966140,2.0,regular-season,2026-07-20T23:10Z,7:10 PM ET
2026-07-20,San Diego Padres,Atlanta Braves,Final,Atlanta Braves,Atlanta Braves,0.4264,0.5736,401816190,2,3,49-51,58-41,0.547,0.583,0.517,0.58,0.15,0.74,4.31,4.61,4.16,3.87,,,JP Sears,Bryce Elder,39818,4301067,2.0,regular-season,2026-07-20T23:15Z,7:15 PM ET
2026-07-20,New York Mets,Milwaukee Brewers,Final,Milwaukee Brewers,Milwaukee Brewers,0.3026,0.6974,401816195,3,8,42-59,63-37,0.46,0.62,0.476,0.629,-0.23,1.3,4.29,5.19,4.53,3.89,,,Freddy Peralta,Jacob Misiorowski,39825,5080761,2.0,regular-season,2026-07-20T23:40Z,7:40 PM ET
2026-07-20,San Francisco Giants,Kansas City Royals,Final,Kansas City Royals,Kansas City Royals,0.4214,0.5786,401816196,3,4,42-58,41-60,0.411,0.44,0.447,0.437,-0.52,-0.63,4.19,4.23,4.71,4.85,,,Trevor McDonald,Michael Wacha,5185136,32640,2.0,regular-season,2026-07-20T23:40Z,7:40 PM ET
2026-07-20,Chicago White Sox,Texas Rangers,Final,Chicago White Sox,Texas Rangers,0.4551,0.5449,401816192,10,3,53-46,50-50,0.513,0.493,0.525,0.469,0.25,-0.29,4.68,4.16,4.43,4.45,,,Erick Fedde,Jacob deGrom,33793,32796,2.0,regular-season,2026-07-21T00:05Z,8:05 PM ET
2026-07-20,Detroit Tigers,Chicago Cubs,Final,Detroit Tigers,Chicago Cubs,0.3992,0.6008,401816193,8,6,47-53,56-44,0.473,0.556,0.551,0.588,0.47,0.94,4.48,5.34,4.01,4.4,,,Jack Flaherty,Jameson Taillon,33837,31258,2.0,regular-season,2026-07-21T00:05Z,8:05 PM ET
2026-07-20,Miami Marlins,Houston Astros,Final,Houston Astros,Houston Astros,0.4451,0.5549,401816194,5,8,52-49,48-54,0.49,0.5,0.503,0.465,0.03,-0.35,4.46,4.46,4.42,4.81,,,Janson Junk,Ronel Blanco,4881980,41829,2.0,regular-season,2026-07-21T00:10Z,8:10 PM ET
2026-07-20,Washington Nationals,Colorado Rockies,Final,Washington Nationals,Washington Nationals,0.5647,0.4353,401816197,7,3,51-50,40-62,0.464,0.367,0.502,0.402,0.02,-1.13,5.11,4.69,5.09,5.82,,,Andrew Alvarez,Kyle Freeland,4300668,33839,2.0,regular-season,2026-07-21T00:40Z,8:40 PM ET
2026-07-20,Athletics,Arizona Diamondbacks,Final,Athletics,Arizona Diamondbacks,0.306,0.694,401816198,5,2,43-57,51-49,0.407,0.53,0.379,0.502,-1.35,0.02,4.37,4.46,5.73,4.44,,,Jeffrey Springs,Mitch Bratt,35397,5123768,2.0,regular-season,2026-07-21T01:40Z,9:40 PM ET
2026-07-20,Cincinnati Reds,Seattle Mariners,Final,Seattle Mariners,Seattle Mariners,0.4574,0.5426,401816199,0,8,45-54,51-50,0.467,0.464,0.404,0.458,-0.99,-0.4,4.17,4.08,5.15,4.48,,,Andrew Abbott,George Kirby,4414528,42406,2.0,regular-season,2026-07-21T01:40Z,9:40 PM ET
2026-07-20,St. Louis Cardinals,Los Angeles Angels,Final,Los Angeles Angels,St. Louis Cardinals,0.5909,0.4091,401816200,2,3,51-48,40-61,0.497,0.38,0.496,0.448,-0.04,-0.49,4.54,4.07,4.58,4.56,,,Kyle Leahy,Jose Soriano,5006093,40973,2.0,regular-season,2026-07-21T02:00Z,10:00 PM ET
2026-07-21,Los Angeles Dodgers,Philadelphia Phillies,Final,Los Angeles Dodgers,Los Angeles Dodgers,0.5056,0.4944,401816202,2,1,64-38,56-46,0.607,0.553,0.619,0.521,1.15,0.21,4.97,4.5,3.81,4.29,,,Justin Wrobleski,Zack Wheeler,4417203,31267,2.0,regular-season,2026-07-21T22:40Z,6:40 PM ET
2026-07-21,Minnesota Twins,Cleveland Guardians,Final,Cleveland Guardians,Cleveland Guardians,0.3817,0.6183,401816203,2,5,49-53,54-48,0.467,0.503,0.457,0.492,-0.45,-0.07,4.57,4.09,5.02,4.17,,,Kendry Rojas,Parker Messick,5296012,4619898,2.0,regular-season,2026-07-21T22:40Z,6:40 PM ET
2026-07-21,Tampa Bay Rays,Toronto Blue Jays,Final,Tampa Bay Rays,Tampa Bay Rays,0.5751,0.4249,401816206,12,2,58-42,46-55,0.604,0.497,0.549,0.477,0.46,-0.21,4.58,4.06,4.11,4.27,,,Drew Rasmussen,Kevin Gausman,42584,32667,2.0,regular-season,2026-07-21T23:07Z,7:07 PM ET
2026-07-21,San Diego Padres,Atlanta Braves,Final,San Diego Padres,Atlanta Braves,0.4264,0.5736,401816205,8,3,50-51,58-42,0.547,0.583,0.517,0.58,0.15,0.74,4.31,4.61,4.16,3.87,,,Walker Buehler,Reynaldo Lopez,39251,33860,2.0,regular-season,2026-07-21T23:15Z,7:15 PM ET
2026-07-21,New York Mets,Milwaukee Brewers,Final,New York Mets,Milwaukee Brewers,0.3026,0.6974,401816210,4,0,43-59,63-38,0.46,0.62,0.476,0.629,-0.23,1.3,4.29,5.19,4.53,3.89,,,Zac Thornton,Brandon Sproat,5129576,4621041,2.0,regular-season,2026-07-21T23:40Z,7:40 PM ET
2026-07-21,San Francisco Giants,Kansas City Royals,Final,Kansas City Royals,Kansas City Royals,0.4214,0.5786,401816211,2,3,42-59,42-60,0.411,0.44,0.447,0.437,-0.52,-0.63,4.19,4.23,4.71,4.85,,,Tyler Mahle,Luinder Avila,34973,5201985,2.0,regular-season,2026-07-21T23:40Z,7:40 PM ET
2026-07-21,Chicago White Sox,Texas Rangers,Final,Texas Rangers,Texas Rangers,0.4551,0.5449,401816207,0,10,53-47,51-50,0.513,0.493,0.525,0.469,0.25,-0.29,4.68,4.16,4.43,4.45,,,Noah Schultz,Kumar Rocker,5080754,4414525,2.0,regular-season,2026-07-22T00:05Z,8:05 PM ET
2026-07-21,Detroit Tigers,Chicago Cubs,Final,Chicago Cubs,Chicago Cubs,0.3992,0.6008,401816208,2,11,47-54,57-44,0.473,0.556,0.551,0.588,0.47,0.94,4.48,5.34,4.01,4.4,,,Framber Valdez,David Peterson,36581,40921,2.0,regular-season,2026-07-22T00:05Z,8:05 PM ET
2026-07-21,Miami Marlins,Houston Astros,Final,Houston Astros,Houston Astros,0.4451,0.5549,401816209,3,5,52-50,49-54,0.49,0.5,0.503,0.465,0.03,-0.35,4.46,4.46,4.42,4.81,,,Tyler Phillips,Tatsuya Imai,41247,5330833,2.0,regular-season,2026-07-22T00:10Z,8:10 PM ET
2026-07-21,Washington Nationals,Colorado Rockies,Final,Colorado Rockies,Washington Nationals,0.5647,0.4353,401816212,7,8,51-51,41-62,0.464,0.367,0.502,0.402,0.02,-1.13,5.11,4.69,5.09,5.82,,,Carson Palmquist,Michael Lorenzen,4621424,33252,2.0,regular-season,2026-07-22T00:40Z,8:40 PM ET
2026-07-21,St. Louis Cardinals,Los Angeles Angels,Final,Los Angeles Angels,St. Louis Cardinals,0.5909,0.4091,401816215,1,5,51-49,41-61,0.497,0.38,0.496,0.448,-0.04,-0.49,4.54,4.07,4.58,4.56,,,Matthew Liberatore,Walbert Urena,41173,5197476,2.0,regular-season,2026-07-22T01:38Z,9:38 PM ET
2026-07-21,Athletics,Arizona Diamondbacks,Final,Arizona Diamondbacks,Arizona Diamondbacks,0.306,0.694,401816213,5,6,43-58,52-49,0.407,0.53,0.379,0.502,-1.35,0.02,4.37,4.46,5.73,4.44,,,Jack Perkins,Kohl Drake,4418686,5264737,2.0,regular-season,2026-07-22T01:40Z,9:40 PM ET
2026-07-21,Cincinnati Reds,Seattle Mariners,Final,Cincinnati Reds,Seattle Mariners,0.4574,0.5426,401816214,4,2,46-54,51-51,0.467,0.464,0.404,0.458,-0.99,-0.4,4.17,4.08,5.15,4.48,,,Chase Burns,Luis Castillo,4927516,35124,2.0,regular-season,2026-07-22T01:40Z,9:40 PM ET
2026-07-22,Pittsburgh Pirates,New York Yankees,Final,Pittsburgh Pirates,New York Yankees,0.3385,0.6615,401816219,5,3,53-49,56-45,0.5,0.58,0.517,0.595,0.17,0.87,4.79,4.57,4.61,3.7,,,Mitch Keller,Gerrit Cole,33722,32081,2.0,regular-season,2026-07-22T17:05Z,1:05 PM ET
2026-07-22,Baltimore Orioles,Boston Red Sox,Final,Boston Red Sox,Boston Red Sox,0.369,0.631,401898715,3,6,49-53,52-48,0.483,0.547,0.477,0.565,-0.23,0.59,4.46,4.42,4.69,3.83,,,Dean Kremer,Jake Bennett,38295,4654024,2.0,regular-season,2026-07-22T17:35Z,1:35 PM ET
2026-07-22,New York Mets,Milwaukee Brewers,Final,Milwaukee Brewers,Milwaukee Brewers,0.3026,0.6974,401816225,3,4,43-60,64-38,0.46,0.62,0.476,0.629,-0.23,1.3,4.29,5.19,4.53,3.89,,,Christian Scott,Logan Henderson,4414215,4917878,2.0,regular-season,2026-07-22T18:10Z,2:10 PM ET
2026-07-22,San Francisco Giants,Kansas City Royals,Final,Kansas City Royals,Kansas City Royals,0.4214,0.5786,401816226,4,5,42-60,43-60,0.411,0.44,0.447,0.437,-0.52,-0.63,4.19,4.23,4.71,4.85,,,Landen Roupp,Seth Lugo,4345404,34873,2.0,regular-season,2026-07-22T18:10Z,2:10 PM ET
2026-07-22,Washington Nationals,Colorado Rockies,Final,Washington Nationals,Washington Nationals,0.5647,0.4353,401816227,8,0,52-51,41-63,0.464,0.367,0.502,0.402,0.02,-1.13,5.11,4.69,5.09,5.82,,,Cade Cavalli,Gabriel Hughes,4308037,4634930,2.0,regular-season,2026-07-22T19:10Z,3:10 PM ET
2026-07-22,Athletics,Arizona Diamondbacks,Final,Arizona Diamondbacks,Arizona Diamondbacks,0.306,0.694,401816228,5,15,43-59,53-49,0.407,0.53,0.379,0.502,-1.35,0.02,4.37,4.46,5.73,4.44,,,Gage Jump,Merrill Kelly,5023852,32968,2.0,regular-season,2026-07-22T19:40Z,3:40 PM ET
2026-07-22,Cincinnati Reds,Seattle Mariners,Final,Cincinnati Reds,Seattle Mariners,0.4574,0.5426,401816229,5,3,47-54,51-52,0.467,0.464,0.404,0.458,-0.99,-0.4,4.17,4.08,5.15,4.48,,,Brady Singer,Emerson Hancock,41172,4297897,2.0,regular-season,2026-07-22T19:40Z,3:40 PM ET
2026-07-22,St. Louis Cardinals,Los Angeles Angels,Final,St. Louis Cardinals,St. Louis Cardinals,0.5909,0.4091,401816230,1,0,52-49,41-62,0.497,0.38,0.496,0.448,-0.04,-0.49,4.54,4.07,4.58,4.56,,,Hunter Dobbins,Reid Detmers,4415836,4326697,2.0,regular-season,2026-07-22T20:07Z,4:07 PM ET
2026-07-22,Los Angeles Dodgers,Philadelphia Phillies,Final,Los Angeles Dodgers,Los Angeles Dodgers,0.5056,0.4944,401816217,9,5,65-38,56-47,0.607,0.553,0.619,0.521,1.15,0.21,4.97,4.5,3.81,4.29,,,Eric Lauer,Aaron Nola,39915,33709,2.0,regular-season,2026-07-22T22:40Z,6:40 PM ET
2026-07-22,Minnesota Twins,Cleveland Guardians,Final,Minnesota Twins,Cleveland Guardians,0.3817,0.6183,401816218,10,6,50-53,54-49,0.467,0.503,0.457,0.492,-0.45,-0.07,4.57,4.09,5.02,4.17,,,Bailey Ober,Slade Cecconi,3107919,41462,2.0,regular-season,2026-07-22T22:40Z,6:40 PM ET
2026-07-22,Tampa Bay Rays,Toronto Blue Jays,Final,Tampa Bay Rays,Tampa Bay Rays,0.5751,0.4249,401816221,4,2,59-42,46-56,0.604,0.497,0.549,0.477,0.46,-0.21,4.58,4.06,4.11,4.27,,,Griffin Jax,Braydon Fisher,42604,41318,2.0,regular-season,2026-07-22T23:07Z,7:07 PM ET
2026-07-22,San Diego Padres,Atlanta Braves,Final,Atlanta Braves,Atlanta Braves,0.4264,0.5736,401816220,6,7,50-52,59-42,0.547,0.583,0.517,0.58,0.15,0.74,4.31,4.61,4.16,3.87,,,Michael King,Martin Perez,40429,31098,2.0,regular-season,2026-07-22T23:15Z,7:15 PM ET
2026-07-22,Detroit Tigers,Chicago Cubs,Final,Detroit Tigers,Chicago Cubs,0.3992,0.6008,401816223,5,1,48-54,57-45,0.473,0.556,0.551,0.588,0.47,0.94,4.48,5.34,4.01,4.4,,,Keider Montero,Colin Rea,5182933,33950,2.0,regular-season,2026-07-23T00:00Z,8:00 PM ET
2026-07-22,Chicago White Sox,Texas Rangers,Final,Chicago White Sox,Texas Rangers,0.4551,0.5449,401816222,4,2,54-47,51-51,0.513,0.493,0.525,0.469,0.25,-0.29,4.68,4.16,4.43,4.45,,,Anthony Kay,Tyler Alexander,40947,40360,2.0,regular-season,2026-07-23T00:05Z,8:05 PM ET
2026-07-22,Miami Marlins,Houston Astros,Final,Houston Astros,Houston Astros,0.4451,0.5549,401816224,2,5,52-51,50-54,0.49,0.5,0.503,0.465,0.03,-0.35,4.46,4.46,4.42,4.81,,,Sandy Alcantara,Peter Lambert,35241,39898,2.0,regular-season,2026-07-23T00:10Z,8:10 PM ET
2026-07-23,San Diego Padres,Atlanta Braves,Final,Atlanta Braves,Atlanta Braves,0.4264,0.5736,401816233,5,6,50-53,60-42,0.547,0.583,0.517,0.58,0.15,0.74,4.31,4.61,4.16,3.87,,,Kyle Hart,Chris Sale,39936,30948,2.0,regular-season,2026-07-23T16:15Z,12:15 PM ET
2026-07-23,Minnesota Twins,Cleveland Guardians,Final,Minnesota Twins,Cleveland Guardians,0.3817,0.6183,401816232,3,1,51-53,54-50,0.467,0.503,0.457,0.492,-0.45,-0.07,4.57,4.09,5.02,4.17,,,Taj Bradley,Gavin Williams,42480,4345076,2.0,regular-season,2026-07-23T17:10Z,1:10 PM ET
2026-07-23,Tampa Bay Rays,Toronto Blue Jays,Final,Toronto Blue Jays,Tampa Bay Rays,0.5751,0.4249,401816234,1,3,59-43,47-56,0.604,0.497,0.549,0.477,0.46,-0.21,4.58,4.06,4.11,4.27,,,Casey Legumina,Shane Bieber,4346117,40912,2.0,regular-season,2026-07-23T19:07Z,3:07 PM ET
2026-07-23,Arizona Diamondbacks,St. Louis Cardinals,Final,Arizona Diamondbacks,Arizona Diamondbacks,0.5089,0.4911,401881162,10,6,54-49,52-50,0.53,0.497,0.502,0.496,0.02,-0.04,4.46,4.54,4.44,4.58,,,Brandon Pfaadt,Michael McGreevy,4721302,4424141,2.0,regular-season,2026-07-23T21:15Z,5:15 PM ET
2026-07-23,Kansas City Royals,Detroit Tigers,Final,Detroit Tigers,Detroit Tigers,0.427,0.573,401816231,3,4,43-61,49-54,0.44,0.473,0.437,0.551,-0.63,0.47,4.23,4.48,4.85,4.01,,,Randy Dobnak,Troy Melton,42214,5294127,2.0,regular-season,2026-07-23T22:40Z,6:40 PM ET
2026-07-24,Colorado Rockies,Milwaukee Brewers,Final,Colorado Rockies,Milwaukee Brewers,0.1917,0.8083,401816246,5,2,42-63,64-39,0.367,0.62,0.402,0.629,-1.13,1.3,4.69,5.19,5.82,3.89,,,Tomoyuki Sugano,Shane Drohan,4142423,4315203,2.0,regular-season,2026-07-24T20:10Z,4:10 PM ET
2026-07-24,Chicago Cubs,Pittsburgh Pirates,Final,Chicago Cubs,Chicago Cubs,0.5017,0.4983,401816237,3,2,58-45,53-51,0.556,0.5,0.588,0.517,0.94,0.17,5.34,4.79,4.4,4.61,,,Matthew Boyd,Jared Jones,34401,4918156,2.0,regular-season,2026-07-24T22:40Z,6:40 PM ET
2026-07-24,Kansas City Royals,Detroit Tigers,Final,Detroit Tigers,Detroit Tigers,0.427,0.573,401816239,1,2,43-62,50-54,0.44,0.473,0.437,0.551,-0.63,0.47,4.23,4.48,4.85,4.01,,,Beck Way,Tarik Skubal,4683369,42409,2.0,regular-season,2026-07-24T22:40Z,6:40 PM ET
2026-07-24,Arizona Diamondbacks,Washington Nationals,Final,Arizona Diamondbacks,Arizona Diamondbacks,0.5884,0.4116,401816235,3,2,55-49,52-52,0.53,0.464,0.502,0.502,0.02,0.02,4.46,5.11,4.44,5.09,,,Eduardo Rodriguez,Carson Palmquist,32675,4621424,2.0,regular-season,2026-07-24T22:45Z,6:45 PM ET
2026-07-24,New York Yankees,Philadelphia Phillies,Final,New York Yankees,Philadelphia Phillies,0.4933,0.5067,401816241,1,0,58-45,56-48,0.58,0.553,0.595,0.521,0.87,0.21,4.57,4.5,3.7,4.29,,,Cam Schlittler,Jesus Luzardo,5134581,39667,2.0,regular-season,2026-07-24T22:45Z,6:45 PM ET
2026-07-24,Atlanta Braves,Baltimore Orioles,Final,Atlanta Braves,Atlanta Braves,0.5881,0.4119,401816236,7,6,61-42,50-54,0.583,0.483,0.58,0.477,0.74,-0.23,4.61,4.46,3.87,4.69,,,Grant Holmes,Trevor Rogers,33840,39640,2.0,regular-season,2026-07-24T23:05Z,7:05 PM ET
2026-07-24,Cleveland Guardians,Tampa Bay Rays,Final,Tampa Bay Rays,Tampa Bay Rays,0.3524,0.6476,401816238,3,11,54-51,60-43,0.503,0.604,0.492,0.549,-0.07,0.46,4.09,4.58,4.17,4.11,,,Joey Cantillo,Shane McClanahan,42488,41199,2.0,regular-season,2026-07-24T23:10Z,7:10 PM ET
2026-07-24,Los Angeles Dodgers,New York Mets,Final,Los Angeles Dodgers,Los Angeles Dodgers,0.6193,0.3807,401816240,4,2,66-38,43-61,0.607,0.46,0.619,0.476,1.15,-0.23,4.97,4.29,3.81,4.53,,,Roki Sasaki,Sean Manaea,5134638,33244,2.0,regular-season,2026-07-24T23:10Z,7:10 PM ET
2026-07-24,San Diego Padres,Miami Marlins,Final,San Diego Padres,San Diego Padres,0.5465,0.4535,401816242,4,2,51-53,52-52,0.547,0.49,0.517,0.503,0.15,0.03,4.31,4.46,4.16,4.42,,,German Marquez,Ryan Gusto,34874,5131986,2.0,regular-season,2026-07-24T23:10Z,7:10 PM ET
2026-07-24,Toronto Blue Jays,Boston Red Sox,Final,Boston Red Sox,Boston Red Sox,0.4104,0.5896,401816243,4,6,47-57,53-49,0.497,0.547,0.477,0.565,-0.21,0.59,4.06,4.42,4.27,3.83,,,Trey Yesavage,Patrick Sandoval,4949041,40975,2.0,regular-season,2026-07-24T23:15Z,7:15 PM ET
2026-07-24,Houston Astros,Chicago White Sox,Final,Houston Astros,Chicago White Sox,0.4535,0.5465,401816247,9,5,51-54,54-48,0.5,0.513,0.465,0.525,-0.35,0.25,4.46,4.68,4.81,4.43,,,Spencer Arrighetti,Davis Martin,4726080,42823,2.0,regular-season,2026-07-24T23:40Z,7:40 PM ET
2026-07-24,Seattle Mariners,Texas Rangers,Final,Texas Rangers,Texas Rangers,0.4238,0.5762,401816248,4,5,51-53,52-51,0.464,0.493,0.458,0.469,-0.4,-0.29,4.08,4.16,4.48,4.45,,,Bryce Miller,MacKenzie Gore,4654313,39636,2.0,regular-season,2026-07-25T00:05Z,8:05 PM ET
2026-07-24,Athletics,Minnesota Twins,Final,Athletics,Minnesota Twins,0.3908,0.6092,401816244,2,0,44-59,51-54,0.407,0.467,0.379,0.457,-1.35,-0.45,4.37,4.57,5.73,5.02,,,Jacob Lopez,Zebby Matthews,42239,4791597,2.0,regular-season,2026-07-25T00:10Z,8:10 PM ET
2026-07-24,Cincinnati Reds,St. Louis Cardinals,Final,Cincinnati Reds,St. Louis Cardinals,0.4396,0.5604,401816245,4,2,48-54,52-51,0.467,0.497,0.404,0.496,-0.99,-0.04,4.17,4.54,5.15,4.58,,,Rhett Lowder,Dustin May,4758873,40937,2.0,regular-season,2026-07-25T00:15Z,8:15 PM ET
2026-07-24,Los Angeles Angels,San Francisco Giants,Final,San Francisco Giants,San Francisco Giants,0.4233,0.5767,401816249,6,7,41-63,43-60,0.38,0.411,0.448,0.447,-0.49,-0.52,4.07,4.19,4.56,4.71,,,Grayson Rodriguez,Logan Webb,41196,41216,2.0,regular-season,2026-07-25T02:15Z,10:15 PM ET
2026-07-25,Kansas City Royals,Detroit Tigers,Final,Kansas City Royals,Detroit Tigers,0.427,0.573,401816254,3,2,44-62,50-55,0.44,0.473,0.437,0.551,-0.63,0.47,4.23,4.48,4.85,4.01,,,Michael Wacha,Casey Mize,32640,41167,2.0,regular-season,2026-07-25T17:10Z,1:10 PM ET
2026-07-25,Arizona Diamondbacks,Washington Nationals,Final,Washington Nationals,Arizona Diamondbacks,0.5884,0.4116,401816250,3,5,55-50,53-52,0.53,0.464,0.502,0.502,0.02,0.02,4.46,5.11,4.44,5.09,,,Mitch Bratt,Foster Griffin,5123768,33773,2.0,regular-season,2026-07-25T20:05Z,4:05 PM ET
2026-07-25,Los Angeles Angels,San Francisco Giants,Final,San Francisco Giants,San Francisco Giants,0.4233,0.5767,401816264,2,9,41-64,44-60,0.38,0.411,0.448,0.447,-0.49,-0.52,4.07,4.19,4.56,4.71,,,Ryan Johnson,Robbie Ray,5007859,32175,2.0,regular-season,2026-07-25T20:05Z,4:05 PM ET
2026-07-25,San Diego Padres,Miami Marlins,Final,San Diego Padres,San Diego Padres,0.5465,0.4535,401816257,7,2,52-53,52-53,0.547,0.49,0.517,0.503,0.15,0.03,4.31,4.46,4.16,4.42,,,Randy Vasquez,Eury Perez,4722847,4917854,2.0,regular-season,2026-07-25T20:10Z,4:10 PM ET
2026-07-25,Toronto Blue Jays,Boston Red Sox,Final,Toronto Blue Jays,Boston Red Sox,0.4104,0.5896,401816258,6,0,48-57,53-50,0.497,0.547,0.477,0.565,-0.21,0.59,4.06,4.42,4.27,3.83,,,Dylan Cease,Sonny Gray,34943,32082,2.0,regular-season,2026-07-25T20:10Z,4:10 PM ET
2026-07-25,New York Yankees,Philadelphia Phillies,Final,New York Yankees,Philadelphia Phillies,0.4933,0.5067,401816256,3,1,59-45,56-49,0.58,0.553,0.595,0.521,0.87,0.21,4.57,4.5,3.7,4.29,,,Ryan Weathers,Tim Mayza,41178,35773,2.0,regular-season,2026-07-25T22:05Z,6:05 PM ET
2026-07-25,Cleveland Guardians,Tampa Bay Rays,Final,Tampa Bay Rays,Tampa Bay Rays,0.3524,0.6476,401816253,0,3,54-52,61-43,0.503,0.604,0.492,0.549,-0.07,0.46,4.09,4.58,4.17,4.11,,,Tanner Bibee,Nick Martinez,4345278,33372,2.0,regular-season,2026-07-25T22:10Z,6:10 PM ET
2026-07-25,Chicago Cubs,Pittsburgh Pirates,Final,Chicago Cubs,Chicago Cubs,0.5017,0.4983,401816252,11,0,59-45,53-52,0.556,0.5,0.588,0.517,0.94,0.17,5.34,4.79,4.4,4.61,,,Shota Imanaga,Paul Skenes,5134630,4719507,2.0,regular-season,2026-07-25T22:40Z,6:40 PM ET
2026-07-25,Atlanta Braves,Baltimore Orioles,Final,Baltimore Orioles,Atlanta Braves,0.5881,0.4119,401816251,2,3,61-43,51-54,0.583,0.483,0.58,0.477,0.74,-0.23,4.61,4.46,3.87,4.69,,,Bryce Elder,Brandon Young,4301067,4414339,2.0,regular-season,2026-07-25T23:05Z,7:05 PM ET
2026-07-25,Athletics,Minnesota Twins,Final,Minnesota Twins,Minnesota Twins,0.3908,0.6092,401816259,0,2,44-60,52-54,0.407,0.467,0.379,0.457,-1.35,-0.45,4.37,4.57,5.73,5.02,,,Brady Basso,Mike Paredes,4179551,5337593,2.0,regular-season,2026-07-25T23:10Z,7:10 PM ET
2026-07-25,Colorado Rockies,Milwaukee Brewers,Final,Milwaukee Brewers,Milwaukee Brewers,0.1917,0.8083,401816261,5,8,42-64,65-39,0.367,0.62,0.402,0.629,-1.13,1.3,4.69,5.19,5.82,3.89,,,Ryan Feltner,Robert Gasser,4019484,4918251,2.0,regular-season,2026-07-25T23:10Z,7:10 PM ET
2026-07-25,Houston Astros,Chicago White Sox,Final,Houston Astros,Chicago White Sox,0.4535,0.5465,401816262,4,1,52-54,54-49,0.5,0.513,0.465,0.525,-0.35,0.25,4.46,4.68,4.81,4.43,,,Hunter Brown,Sean Burke,4717803,4867679,2.0,regular-season,2026-07-25T23:10Z,7:10 PM ET
2026-07-25,Los Angeles Dodgers,New York Mets,Final,Los Angeles Dodgers,Los Angeles Dodgers,0.6193,0.3807,401816255,4,3,67-38,43-62,0.607,0.46,0.619,0.476,1.15,-0.23,4.97,4.29,3.81,4.53,,,Yoshinobu Yamamoto,Nolan McLean,4872587,4433874,2.0,regular-season,2026-07-25T23:15Z,7:15 PM ET
2026-07-25,Cincinnati Reds,St. Louis Cardinals,Final,St. Louis Cardinals,St. Louis Cardinals,0.4396,0.5604,401816260,0,7,48-55,53-51,0.467,0.497,0.404,0.496,-0.99,-0.04,4.17,4.54,5.15,4.58,,,Hunter Greene,Andre Pallante,39635,4109034,2.0,regular-season,2026-07-25T23:15Z,7:15 PM ET
2026-07-25,Seattle Mariners,Texas Rangers,Final,Texas Rangers,Texas Rangers,0.4238,0.5762,401816263,1,7,51-54,53-51,0.464,0.493,0.458,0.469,-0.4,-0.29,4.08,4.16,4.48,4.45,,,Bryan Woo,Nathan Eovaldi,4629089,31174,2.0,regular-season,2026-07-25T23:15Z,7:15 PM ET
2026-07-26,Cleveland Guardians,Tampa Bay Rays,Final,Tampa Bay Rays,Tampa Bay Rays,0.3524,0.6476,401816268,0,1,54-53,62-43,0.503,0.604,0.492,0.549,-0.07,0.46,4.09,4.58,4.17,4.11,,,Parker Messick,Drew Rasmussen,4619898,42584,2.0,regular-season,2026-07-26T16:15Z,12:15 PM ET
2026-07-26,Arizona Diamondbacks,Washington Nationals,Final,Washington Nationals,Arizona Diamondbacks,0.5884,0.4116,401816265,7,10,55-51,54-52,0.53,0.464,0.502,0.502,0.02,0.02,4.46,5.11,4.44,5.09,,,Kohl Drake,Miles Mikolas,5264737,32116,2.0,regular-season,2026-07-26T17:35Z,1:35 PM ET
2026-07-26,Atlanta Braves,Baltimore Orioles,Final,Atlanta Braves,Atlanta Braves,0.5881,0.4119,401816266,3,2,62-43,51-55,0.583,0.483,0.58,0.477,0.74,-0.23,4.61,4.46,3.87,4.69,,,Reynaldo Lopez,Shane Baz,33860,39639,2.0,regular-season,2026-07-26T17:35Z,1:35 PM ET
2026-07-26,Chicago Cubs,Pittsburgh Pirates,Final,Pittsburgh Pirates,Chicago Cubs,0.5017,0.4983,401816267,7,8,59-46,54-52,0.556,0.5,0.588,0.517,0.94,0.17,5.34,4.79,4.4,4.61,,,Jameson Taillon,Braxton Ashcraft,31258,41282,2.0,regular-season,2026-07-26T17:35Z,1:35 PM ET
2026-07-26,Toronto Blue Jays,Boston Red Sox,Final,Boston Red Sox,Boston Red Sox,0.4104,0.5896,401816273,1,6,48-58,54-50,0.497,0.547,0.477,0.565,-0.21,0.59,4.06,4.42,4.27,3.83,,,Kevin Gausman,Ranger Suarez,32667,39817,2.0,regular-season,2026-07-26T17:35Z,1:35 PM ET
2026-07-26,Kansas City Royals,Detroit Tigers,Final,Kansas City Royals,Detroit Tigers,0.427,0.573,401816269,5,4,45-62,50-56,0.44,0.473,0.437,0.551,-0.63,0.47,4.23,4.48,4.85,4.01,,,Luinder Avila,Framber Valdez,5201985,36581,2.0,regular-season,2026-07-26T17:40Z,1:40 PM ET
2026-07-26,Los Angeles Dodgers,New York Mets,Final,New York Mets,Los Angeles Dodgers,0.6193,0.3807,401816270,3,8,67-39,44-62,0.607,0.46,0.619,0.476,1.15,-0.23,4.97,4.29,3.81,4.53,,,Emmet Sheehan,Freddy Peralta,4417806,39825,2.0,regular-season,2026-07-26T17:40Z,1:40 PM ET
2026-07-26,San Diego Padres,Miami Marlins,Final,San Diego Padres,San Diego Padres,0.5465,0.4535,401816272,5,3,53-53,52-54,0.547,0.49,0.517,0.503,0.15,0.03,4.31,4.46,4.16,4.42,,,Walker Buehler,Janson Junk,39251,4881980,2.0,regular-season,2026-07-26T17:40Z,1:40 PM ET
2026-07-26,Athletics,Minnesota Twins,Final,Minnesota Twins,Minnesota Twins,0.3908,0.6092,401816274,8,11,44-61,53-54,0.407,0.467,0.379,0.457,-1.35,-0.45,4.37,4.57,5.73,5.02,,,Jeffrey Springs,Connor Prielipp,35397,4620001,2.0,regular-season,2026-07-26T18:10Z,2:10 PM ET
2026-07-26,Colorado Rockies,Milwaukee Brewers,Final,Milwaukee Brewers,Milwaukee Brewers,0.1917,0.8083,401816276,2,11,42-65,66-39,0.367,0.62,0.402,0.629,-1.13,1.3,4.69,5.19,5.82,3.89,,,Kyle Freeland,Jacob Misiorowski,33839,5080761,2.0,regular-season,2026-07-26T18:10Z,2:10 PM ET
2026-07-26,Houston Astros,Chicago White Sox,Final,Chicago White Sox,Chicago White Sox,0.4535,0.5465,401816277,3,12,52-55,55-49,0.5,0.513,0.465,0.525,-0.35,0.25,4.46,4.68,4.81,4.43,,,Ronel Blanco,Erick Fedde,41829,33793,2.0,regular-season,2026-07-26T18:10Z,2:10 PM ET
2026-07-26,Cincinnati Reds,St. Louis Cardinals,Final,Cincinnati Reds,St. Louis Cardinals,0.4396,0.5604,401816275,5,3,49-55,53-52,0.467,0.497,0.404,0.496,-0.99,-0.04,4.17,4.54,5.15,4.58,,,Andrew Abbott,Kyle Leahy,4414528,5006093,2.0,regular-season,2026-07-26T18:15Z,2:15 PM ET
2026-07-26,Seattle Mariners,Texas Rangers,Final,Seattle Mariners,Texas Rangers,0.4238,0.5762,401816278,6,4,52-54,53-52,0.464,0.493,0.458,0.469,-0.4,-0.29,4.08,4.16,4.48,4.45,,,Logan Gilbert,Jacob deGrom,41221,32796,2.0,regular-season,2026-07-26T18:35Z,2:35 PM ET
2026-07-26,Los Angeles Angels,San Francisco Giants,Final,Los Angeles Angels,San Francisco Giants,0.4233,0.5767,401816279,4,3,42-64,44-61,0.38,0.411,0.448,0.447,-0.49,-0.52,4.07,4.19,4.56,4.71,,,Jose Soriano,Carson Whisenhunt,40973,4626232,2.0,regular-season,2026-07-26T20:05Z,4:05 PM ET
2026-07-26,New York Yankees,Philadelphia Phillies,Final,Philadelphia Phillies,Philadelphia Phillies,0.4933,0.5067,401816271,4,11,59-46,57-49,0.58,0.553,0.595,0.521,0.87,0.21,4.57,4.5,3.7,4.29,,,Will Warren,Cristopher Sanchez,5132011,42359,2.0,regular-season,2026-07-26T23:20Z,7:20 PM ET
2026-07-27,Seattle Mariners,Texas Rangers,Final,Texas Rangers,Texas Rangers,0.4238,0.5762,401816288,3,7,52-55,54-52,0.464,0.493,0.458,0.469,-0.4,-0.29,4.08,4.16,4.48,4.45,,,George Kirby,Kumar Rocker,42406,4414525,2.0,regular-season,2026-07-27T18:35Z,2:35 PM ET
2026-07-27,Arizona Diamondbacks,Pittsburgh Pirates,Final,Pittsburgh Pirates,Arizona Diamondbacks,0.5199,0.4801,401816280,2,3,55-52,55-52,0.53,0.5,0.502,0.517,0.02,0.17,4.46,4.79,4.44,4.61,,,Merrill Kelly,Mitch Keller,32968,33722,2.0,regular-season,2026-07-27T22:40Z,6:40 PM ET
2026-07-27,Baltimore Orioles,Detroit Tigers,Final,Baltimore Orioles,Detroit Tigers,0.4721,0.5279,401816282,8,5,52-55,50-57,0.483,0.473,0.477,0.551,-0.23,0.47,4.46,4.48,4.69,4.01,,,Kyle Bradish,Keider Montero,4311625,5182933,2.0,regular-season,2026-07-27T22:40Z,6:40 PM ET
2026-07-27,Philadelphia Phillies,Miami Marlins,Final,Miami Marlins,Philadelphia Phillies,0.5429,0.4571,401816284,7,8,57-50,53-54,0.553,0.49,0.521,0.503,0.21,0.03,4.5,4.46,4.29,4.42,,,Zack Wheeler,Tyler Phillips,31267,41247,2.0,regular-season,2026-07-27T22:40Z,6:40 PM ET
2026-07-27,Toronto Blue Jays,Washington Nationals,Final,Toronto Blue Jays,Toronto Blue Jays,0.5673,0.4327,401816285,3,2,49-58,54-53,0.497,0.464,0.477,0.502,-0.21,0.02,4.06,5.11,4.27,5.09,,,Max Scherzer,Eddy Yean,28976,4981345,2.0,regular-season,2026-07-27T22:45Z,6:45 PM ET
2026-07-27,Atlanta Braves,New York Mets,Final,New York Mets,Atlanta Braves,0.6088,0.3912,401816281,3,14,62-44,45-62,0.583,0.46,0.58,0.476,0.74,-0.23,4.61,4.29,3.87,4.53,,,Martin Perez,Zac Thornton,31098,5129576,2.0,regular-season,2026-07-27T23:10Z,7:10 PM ET
2026-07-27,New York Yankees,Chicago White Sox,Final,New York Yankees,New York Yankees,0.5592,0.4408,401816287,9,5,60-46,55-50,0.58,0.513,0.595,0.525,0.87,0.25,4.57,4.68,3.7,4.43,,,Max Fried,Noah Schultz,32685,5080754,2.0,regular-season,2026-07-27T23:40Z,7:40 PM ET
2026-07-27,Chicago Cubs,St. Louis Cardinals,Final,Chicago Cubs,St. Louis Cardinals,0.4907,0.5093,401816286,7,3,60-46,53-53,0.556,0.497,0.588,0.496,0.94,-0.04,5.34,4.54,4.4,4.58,,,David Peterson,Matthew Liberatore,40921,41173,2.0,regular-season,2026-07-27T23:45Z,7:45 PM ET
2026-07-27,Houston Astros,Los Angeles Angels,Final,Houston Astros,Houston Astros,0.5994,0.4006,401816290,6,4,53-55,42-65,0.5,0.38,0.465,0.448,-0.35,-0.49,4.46,4.07,4.81,4.56,,,Tatsuya Imai,Walbert Urena,5330833,5197476,2.0,regular-season,2026-07-28T01:38Z,9:38 PM ET
2026-07-27,Boston Red Sox,Athletics,Final,Boston Red Sox,Boston Red Sox,0.6447,0.3553,401816289,4,2,55-50,44-62,0.547,0.407,0.565,0.379,0.59,-1.35,4.42,4.37,3.83,5.73,,,Payton Tolle,Jack Perkins,4966140,4418686,2.0,regular-season,2026-07-28T01:40Z,9:40 PM ET
2026-07-27,Milwaukee Brewers,San Francisco Giants,Final,San Francisco Giants,Milwaukee Brewers,0.6789,0.3211,401816291,0,3,66-40,45-61,0.62,0.411,0.629,0.447,1.3,-0.52,5.19,4.19,3.89,4.71,,,Brandon Sproat,Tyler Mahle,4621041,34973,2.0,regular-season,2026-07-28T01:45Z,9:45 PM ET
2026-07-28,Cleveland Guardians,Cincinnati Reds,Final,Cleveland Guardians,Cleveland Guardians,0.5131,0.4869,401901849,6,5,55-53,49-56,0.503,0.467,0.492,0.404,-0.07,-0.99,4.09,4.17,4.17,5.15,,,Slade Cecconi,Chase Burns,41462,4927516,2.0,regular-season,2026-07-28T17:40Z,1:40 PM ET
2026-07-28,Arizona Diamondbacks,Pittsburgh Pirates,Final,Arizona Diamondbacks,Arizona Diamondbacks,0.5199,0.4801,401816292,8,7,56-52,55-53,0.53,0.5,0.502,0.517,0.02,0.17,4.46,4.79,4.44,4.61,,,Brandon Pfaadt,Bubba Chandler,4721302,4683325,2.0,regular-season,2026-07-28T22:40Z,6:40 PM ET
2026-07-28,Baltimore Orioles,Detroit Tigers,Final,Detroit Tigers,Detroit Tigers,0.4721,0.5279,401816294,0,14,52-56,51-57,0.483,0.473,0.477,0.551,-0.23,0.47,4.46,4.48,4.69,4.01,,,Dean Kremer,Troy Melton,38295,5294127,2.0,regular-season,2026-07-28T22:40Z,6:40 PM ET
2026-07-28,Philadelphia Phillies,Miami Marlins,Final,Miami Marlins,Philadelphia Phillies,0.5429,0.4571,401816296,0,1,57-51,54-54,0.553,0.49,0.521,0.503,0.21,0.03,4.5,4.46,4.29,4.42,,,Aaron Nola,Sandy Alcantara,33709,35241,2.0,regular-season,2026-07-28T22:40Z,6:40 PM ET
2026-07-28,Texas Rangers,Tampa Bay Rays,Final,Texas Rangers,Tampa Bay Rays,0.3357,0.6643,401816297,4,1,55-52,62-44,0.493,0.604,0.469,0.549,-0.29,0.46,4.16,4.58,4.45,4.11,,,Cal Quantrill,Griffin Jax,39875,42604,2.0,regular-season,2026-07-28T22:40Z,6:40 PM ET
2026-07-28,Toronto Blue Jays,Washington Nationals,Final,Washington Nationals,Toronto Blue Jays,0.5673,0.4327,401816298,6,8,49-59,55-53,0.497,0.464,0.477,0.502,-0.21,0.02,4.06,5.11,4.27,5.09,,,Shane Bieber,Cade Cavalli,40912,4308037,2.0,regular-season,2026-07-28T22:45Z,6:45 PM ET
2026-07-28,Kansas City Royals,Minnesota Twins,Final,Minnesota Twins,Minnesota Twins,0.4417,0.5583,401816300,2,3,45-63,54-54,0.44,0.467,0.437,0.457,-0.63,-0.45,4.23,4.57,4.85,5.02,,,Seth Lugo,Taj Bradley,34873,42480,2.0,regular-season,2026-07-28T23:40Z,7:40 PM ET
2026-07-28,New York Yankees,Chicago White Sox,Final,New York Yankees,New York Yankees,0.5592,0.4408,401816301,3,2,61-46,55-51,0.58,0.513,0.595,0.525,0.87,0.25,4.57,4.68,3.7,4.43,,,Gerrit Cole,Anthony Kay,32081,40947,2.0,regular-season,2026-07-28T23:40Z,7:40 PM ET
2026-07-28,Chicago Cubs,St. Louis Cardinals,Final,Chicago Cubs,St. Louis Cardinals,0.4907,0.5093,401816299,10,2,61-46,53-54,0.556,0.497,0.588,0.496,0.94,-0.04,5.34,4.54,4.4,4.58,,,Colin Rea,Michael McGreevy,33950,4424141,2.0,regular-season,2026-07-28T23:45Z,7:45 PM ET
2026-07-28,Houston Astros,Los Angeles Angels,Final,Houston Astros,Houston Astros,0.5994,0.4006,401816304,3,2,54-55,42-66,0.5,0.38,0.465,0.448,-0.35,-0.49,4.46,4.07,4.81,4.56,,,Peter Lambert,Reid Detmers,39898,4326697,2.0,regular-season,2026-07-29T01:38Z,9:38 PM ET
2026-07-28,Boston Red Sox,Athletics,Final,Athletics,Boston Red Sox,0.6447,0.3553,401816302,3,4,55-51,45-62,0.547,0.407,0.565,0.379,0.59,-1.35,4.42,4.37,3.83,5.73,,,Jake Bennett,Gage Jump,4654024,5023852,2.0,regular-season,2026-07-29T01:40Z,9:40 PM ET
2026-07-28,Colorado Rockies,San Diego Padres,Final,San Diego Padres,San Diego Padres,0.2228,0.7772,401816303,7,8,42-66,54-53,0.367,0.547,0.402,0.517,-1.13,0.15,4.69,4.31,5.82,4.16,,,Michael Lorenzen,Michael King,33252,40429,2.0,regular-season,2026-07-29T01:40Z,9:40 PM ET
2026-07-28,Milwaukee Brewers,San Francisco Giants,Final,Milwaukee Brewers,Milwaukee Brewers,0.6789,0.3211,401816305,8,2,67-40,45-62,0.62,0.411,0.629,0.447,1.3,-0.52,5.19,4.19,3.89,4.71,,,Logan Henderson,Landen Roupp,4917878,4345404,2.0,regular-season,2026-07-29T01:45Z,9:45 PM ET
2026-07-28,Seattle Mariners,Los Angeles Dodgers,Final,Seattle Mariners,Los Angeles Dodgers,0.3214,0.6786,401816306,7,6,53-55,67-40,0.464,0.607,0.458,0.619,-0.4,1.15,4.08,4.97,4.48,3.81,,,Luis Castillo,Justin Wrobleski,35124,4417203,2.0,regular-season,2026-07-29T02:10Z,10:10 PM ET
2026-07-29,Philadelphia Phillies,Miami Marlins,Final,Miami Marlins,Philadelphia Phillies,0.5429,0.4571,401816311,6,8,57-52,55-54,0.553,0.49,0.521,0.503,0.21,0.03,4.5,4.46,4.29,4.42,,,Jesus Luzardo,Ryan Gusto,39667,5131986,2.0,regular-season,2026-07-29T16:10Z,12:10 PM ET
2026-07-29,Arizona Diamondbacks,Pittsburgh Pirates,Final,Arizona Diamondbacks,Arizona Diamondbacks,0.5199,0.4801,401816307,3,0,57-52,55-54,0.53,0.5,0.502,0.517,0.02,0.17,4.46,4.79,4.44,4.61,,,Eduardo Rodriguez,Jared Jones,32675,4918156,2.0,regular-season,2026-07-29T16:35Z,12:35 PM ET
2026-07-29,Toronto Blue Jays,Washington Nationals,Final,Toronto Blue Jays,Toronto Blue Jays,0.5673,0.4327,401816313,5,2,50-59,55-54,0.497,0.464,0.477,0.502,-0.21,0.02,4.06,5.11,4.27,5.09,,,Trey Yesavage,Zack Littell,4949041,36052,2.0,regular-season,2026-07-29T17:05Z,1:05 PM ET
2026-07-29,Atlanta Braves,New York Mets,Final,New York Mets,Atlanta Braves,0.6088,0.3912,401816308,2,3,62-45,46-62,0.583,0.46,0.58,0.476,0.74,-0.23,4.61,4.29,3.87,4.53,,,AJ Smith-Shawver,Sean Manaea,4917640,33244,2.0,regular-season,2026-07-29T17:10Z,1:10 PM ET
2026-07-29,Baltimore Orioles,Detroit Tigers,Final,Baltimore Orioles,Detroit Tigers,0.4721,0.5279,401816309,10,9,53-56,51-58,0.483,0.473,0.477,0.551,-0.23,0.47,4.46,4.48,4.69,4.01,,,Trevor Rogers,Tarik Skubal,39640,42409,2.0,regular-season,2026-07-29T17:10Z,1:10 PM ET
2026-07-29,Milwaukee Brewers,San Francisco Giants,Final,San Francisco Giants,Milwaukee Brewers,0.6789,0.3211,401816320,3,16,67-41,46-62,0.62,0.411,0.629,0.447,1.3,-0.52,5.19,4.19,3.89,4.71,,,Thomas Pannone,Logan Webb,39709,41216,2.0,regular-season,2026-07-29T19:45Z,3:45 PM ET
2026-07-29,Colorado Rockies,San Diego Padres,Final,San Diego Padres,San Diego Padres,0.2228,0.7772,401816318,1,3,42-67,55-53,0.367,0.547,0.402,0.517,-1.13,0.15,4.69,4.31,5.82,4.16,,,Gabriel Hughes,Kyle Hart,4634930,39936,2.0,regular-season,2026-07-29T20:10Z,4:10 PM ET
2026-07-29,Texas Rangers,Tampa Bay Rays,Final,Tampa Bay Rays,Tampa Bay Rays,0.3357,0.6643,401816312,0,3,55-53,63-44,0.493,0.604,0.469,0.549,-0.29,0.46,4.16,4.58,4.45,4.11,,,MacKenzie Gore,Casey Legumina,39636,4346117,2.0,regular-season,2026-07-29T22:40Z,6:40 PM ET
2026-07-29,Cleveland Guardians,Cincinnati Reds,Final,Cleveland Guardians,Cleveland Guardians,0.5131,0.4869,401816310,6,1,56-54,50-57,0.503,0.467,0.492,0.404,-0.07,-0.99,4.09,4.17,4.17,5.15,,,Joey Cantillo,Brady Singer,42488,41172,2.0,regular-season,2026-07-29T23:10Z,7:10 PM ET
2026-07-29,Kansas City Royals,Minnesota Twins,Final,Kansas City Royals,Minnesota Twins,0.4417,0.5583,401816315,4,0,46-63,54-55,0.44,0.467,0.437,0.457,-0.63,-0.45,4.23,4.57,4.85,5.02,,,Randy Dobnak,Joe Ryan,42214,42450,2.0,regular-season,2026-07-29T23:40Z,7:40 PM ET
2026-07-29,New York Yankees,Chicago White Sox,Final,Chicago White Sox,New York Yankees,0.5592,0.4408,401816316,5,6,61-47,56-51,0.58,0.513,0.595,0.525,0.87,0.25,4.57,4.68,3.7,4.43,,,Cam Schlittler,Davis Martin,5134581,42823,2.0,regular-season,2026-07-29T23:40Z,7:40 PM ET
2026-07-29,Chicago Cubs,St. Louis Cardinals,Final,St. Louis Cardinals,St. Louis Cardinals,0.4907,0.5093,401816314,2,3,61-47,54-54,0.556,0.497,0.588,0.496,0.94,-0.04,5.34,4.54,4.4,4.58,,,Matthew Boyd,Dustin May,34401,40937,2.0,regular-season,2026-07-29T23:45Z,7:45 PM ET
2026-07-29,Houston Astros,Los Angeles Angels,Final,Houston Astros,Houston Astros,0.5994,0.4006,401816319,7,4,55-55,42-67,0.5,0.38,0.465,0.448,-0.35,-0.49,4.46,4.07,4.81,4.56,,,Hayden Wesneski,Grayson Rodriguez,42996,41196,2.0,regular-season,2026-07-30T01:38Z,9:38 PM ET
2026-07-29,Boston Red Sox,Athletics,Final,Boston Red Sox,Boston Red Sox,0.6447,0.3553,401816317,4,2,56-51,45-63,0.547,0.407,0.565,0.379,0.59,-1.35,4.42,4.37,3.83,5.73,,,Patrick Sandoval,Jacob Lopez,40975,42239,2.0,regular-season,2026-07-30T01:40Z,9:40 PM ET
2026-07-29,Seattle Mariners,Los Angeles Dodgers,Final,Los Angeles Dodgers,Los Angeles Dodgers,0.3214,0.6786,401816321,2,4,53-56,68-40,0.464,0.607,0.458,0.619,-0.4,1.15,4.08,4.97,4.48,3.81,,,Emerson Hancock,Eric Lauer,4297897,39915,2.0,regular-season,2026-07-30T02:10Z,10:10 PM ET
2026-07-30,Texas Rangers,Tampa Bay Rays,Final,Tampa Bay Rays,Tampa Bay Rays,0.3357,0.6643,401816324,2,3,55-54,64-44,0.493,0.604,0.469,0.549,-0.29,0.46,4.16,4.58,4.45,4.11,,,Cole Winn,Shane McClanahan,41177,41199,2.0,regular-season,2026-07-30T16:10Z,12:10 PM ET
2026-07-30,Kansas City Royals,Minnesota Twins,Final,Minnesota Twins,Minnesota Twins,0.4417,0.5583,401816327,3,4,46-64,55-55,0.44,0.467,0.437,0.457,-0.63,-0.45,4.23,4.57,4.85,5.02,,,Noah Cameron,Bailey Ober,4417208,3107919,2.0,regular-season,2026-07-30T17:40Z,1:40 PM ET
2026-07-30,New York Yankees,Chicago White Sox,Final,Chicago White Sox,New York Yankees,0.5592,0.4408,401816328,1,2,61-48,57-51,0.58,0.513,0.595,0.525,0.87,0.25,4.57,4.68,3.7,4.43,,,Ryan Weathers,Sean Burke,41178,4867679,2.0,regular-season,2026-07-30T18:10Z,2:10 PM ET
2026-07-30,Chicago Cubs,St. Louis Cardinals,Final,Chicago Cubs,St. Louis Cardinals,0.4907,0.5093,401816326,4,2,62-47,54-55,0.556,0.497,0.588,0.496,0.94,-0.04,5.34,4.54,4.4,4.58,,,Javier Assad,Andre Pallante,5002950,4109034,2.0,regular-season,2026-07-30T18:15Z,2:15 PM ET
2026-07-30,Washington Nationals,Atlanta Braves,Final,Atlanta Braves,Atlanta Braves,0.2784,0.7216,401816325,4,5,55-55,64-45,0.464,0.583,0.502,0.58,0.02,0.74,5.11,4.61,5.09,3.87,,,Jake Irvin,Grant Holmes,41290,33840,2.0,regular-season,2026-07-30T23:00Z,7:00 PM ET
2026-07-30,Miami Marlins,New York Mets,Final,New York Mets,New York Mets,0.4898,0.5102,401816322,2,4,55-55,47-63,0.49,0.46,0.503,0.476,0.03,-0.23,4.46,4.29,4.42,4.53,,,Eury Perez,Nolan McLean,4917854,4433874,2.0,regular-season,2026-07-30T23:10Z,7:10 PM ET
2026-07-30,Pittsburgh Pirates,Cincinnati Reds,Final,Cincinnati Reds,Cincinnati Reds,0.4665,0.5335,401816323,2,3,55-55,51-57,0.5,0.467,0.517,0.404,0.17,-0.99,4.79,4.17,4.61,5.15,,,Yohan Ramirez,Rhett Lowder,41893,4758873,2.0,regular-season,2026-07-30T23:10Z,7:10 PM ET
2026-07-30,Boston Red Sox,Athletics,Final,Boston Red Sox,Boston Red Sox,0.6447,0.3553,401816329,5,4,57-51,45-64,0.547,0.407,0.565,0.379,0.59,-1.35,4.42,4.37,3.83,5.73,,,Sonny Gray,Mason Barnett,32082,4620704,2.0,regular-season,2026-07-31T01:40Z,9:40 PM ET
2026-07-30,San Francisco Giants,San Diego Padres,Final,San Francisco Giants,San Diego Padres,0.2906,0.7094,401816331,4,1,47-62,55-54,0.411,0.547,0.447,0.517,-0.52,0.15,4.19,4.31,4.71,4.16,,,Robbie Ray,JP Sears,32175,39818,2.0,regular-season,2026-07-31T01:40Z,9:40 PM ET
2026-07-30,Seattle Mariners,Los Angeles Dodgers,Final,Los Angeles Dodgers,Los Angeles Dodgers,0.3214,0.6786,401816330,2,6,53-57,69-40,0.464,0.607,0.458,0.619,-0.4,1.15,4.08,4.97,4.48,3.81,,,Bryan Woo,Roki Sasaki,4629089,5134638,2.0,regular-season,2026-07-31T02:10Z,10:10 PM ET
2026-07-31,New York Yankees,Chicago Cubs,Final,New York Yankees,New York Yankees,0.5409,0.4591,401816339,2,0,62-48,62-48,0.58,0.556,0.595,0.588,0.87,0.94,4.57,5.34,3.7,4.4,,,Will Warren,Shota Imanaga,5132011,5134630,2.0,regular-season,2026-07-31T18:20Z,2:20 PM ET
2026-07-31,Pittsburgh Pirates,Cincinnati Reds,Final,Cincinnati Reds,Cincinnati Reds,0.4665,0.5335,401816336,7,8,55-56,52-57,0.5,0.467,0.517,0.404,0.17,-0.99,4.79,4.17,4.61,5.15,,,Paul Skenes,Hunter Greene,4719507,39635,2.0,regular-season,2026-07-31T22:10Z,6:10 PM ET
2026-07-31,Philadelphia Phillies,Baltimore Orioles,Final,Baltimore Orioles,Philadelphia Phillies,0.5527,0.4473,401816335,4,6,57-53,54-56,0.553,0.483,0.521,0.477,0.21,-0.23,4.5,4.46,4.29,4.69,,,Andrew Painter,Brandon Young,4872683,4414339,2.0,regular-season,2026-07-31T23:05Z,7:05 PM ET
2026-07-31,St. Louis Cardinals,Toronto Blue Jays,Final,Toronto Blue Jays,Toronto Blue Jays,0.4299,0.5701,401816337,1,3,54-56,51-59,0.497,0.497,0.496,0.477,-0.04,-0.21,4.54,4.06,4.58,4.27,,,Kyle Leahy,Dylan Cease,5006093,34943,2.0,regular-season,2026-07-31T23:07Z,7:07 PM ET
2026-07-31,Arizona Diamondbacks,Cleveland Guardians,Final,Arizona Diamondbacks,Cleveland Guardians,0.4732,0.5268,401816332,4,1,58-52,56-55,0.53,0.503,0.502,0.492,0.02,-0.07,4.46,4.09,4.44,4.17,,,Mitch Bratt,Tanner Bibee,5123768,4345278,2.0,regular-season,2026-07-31T23:10Z,7:10 PM ET
2026-07-31,Chicago White Sox,Tampa Bay Rays,Final,Chicago White Sox,Tampa Bay Rays,0.3327,0.6673,401816333,6,1,58-51,64-45,0.513,0.604,0.525,0.549,0.25,0.46,4.68,4.58,4.43,4.11,,,Erick Fedde,Nick Martinez,33793,33372,2.0,regular-season,2026-07-31T23:10Z,7:10 PM ET
2026-07-31,Miami Marlins,New York Mets,Final,Miami Marlins,New York Mets,0.4898,0.5102,401816334,5,2,56-55,47-64,0.49,0.46,0.503,0.476,0.03,-0.23,4.46,4.29,4.42,4.53,,,Janson Junk,Kodai Senga,4881980,4142421,2.0,regular-season,2026-07-31T23:10Z,7:10 PM ET
2026-07-31,Washington Nationals,Atlanta Braves,Final,Atlanta Braves,Atlanta Braves,0.2784,0.7216,401816338,2,6,55-56,65-45,0.464,0.583,0.502,0.58,0.02,0.74,5.11,4.61,5.09,3.87,,,Foster Griffin,Bryce Elder,33773,4301067,2.0,regular-season,2026-07-31T23:15Z,7:15 PM ET
2026-07-31,Texas Rangers,Houston Astros,Final,Houston Astros,Houston Astros,0.4669,0.5331,401816340,2,11,55-55,56-55,0.493,0.5,0.469,0.465,-0.29,-0.35,4.16,4.46,4.45,4.81,,,Nathan Eovaldi,Hunter Brown,31174,4717803,2.0,regular-season,2026-08-01T00:15Z,8:15 PM ET
2026-07-31,Kansas City Royals,Colorado Rockies,Final,Colorado Rockies,Kansas City Royals,0.5845,0.4155,401816341,1,3,46-65,43-67,0.44,0.367,0.437,0.402,-0.63,-1.13,4.23,4.69,4.85,5.82,,,Michael Wacha,Tomoyuki Sugano,32640,4142423,2.0,regular-season,2026-08-01T00:40Z,8:40 PM ET
2026-07-31,Milwaukee Brewers,Los Angeles Angels,Final,Milwaukee Brewers,Milwaukee Brewers,0.7093,0.2907,401816344,6,2,68-41,42-68,0.62,0.38,0.629,0.448,1.3,-0.49,5.19,4.07,3.89,4.56,,,Shane Drohan,Ryan Johnson,4315203,5007859,2.0,regular-season,2026-08-01T01:38Z,9:38 PM ET
2026-07-31,Detroit Tigers,Athletics,Final,Detroit Tigers,Detroit Tigers,0.5426,0.4574,401816343,13,1,52-58,45-65,0.473,0.407,0.551,0.379,0.47,-1.35,4.48,4.37,4.01,5.73,,,Tyler Holton,Jeffrey Springs,3983833,35397,2.0,regular-season,2026-08-01T01:40Z,9:40 PM ET
2026-07-31,San Francisco Giants,San Diego Padres,Final,San Diego Padres,San Diego Padres,0.2906,0.7094,401816346,0,7,47-63,56-54,0.411,0.547,0.447,0.517,-0.52,0.15,4.19,4.31,4.71,4.16,,,Carson Whisenhunt,Bradgley Rodriguez,4626232,5266086,2.0,regular-season,2026-08-01T01:45Z,9:45 PM ET
2026-07-31,Boston Red Sox,Los Angeles Dodgers,Final,Boston Red Sox,Los Angeles Dodgers,0.4101,0.5899,401816342,9,4,58-51,69-41,0.547,0.607,0.565,0.619,0.59,1.15,4.42,4.97,3.83,3.81,,,Ranger Suarez,Edgardo Henriquez,39817,5194684,2.0,regular-season,2026-08-01T02:10Z,10:10 PM ET
2026-07-31,Minnesota Twins,Seattle Mariners,Final,Minnesota Twins,Seattle Mariners,0.4335,0.5665,401816345,5,3,56-55,53-58,0.467,0.464,0.457,0.458,-0.45,-0.4,4.57,4.08,5.02,4.48,,,Zebby Matthews,Bryce Miller,4791597,4654313,2.0,regular-season,2026-08-01T02:10Z,10:10 PM ET
2026-08-01,St. Louis Cardinals,Toronto Blue Jays,Final,Toronto Blue Jays,Toronto Blue Jays,0.4299,0.5701,401816352,1,5,54-57,52-59,0.497,0.497,0.496,0.477,-0.04,-0.21,4.54,4.06,4.58,4.27,,,Quinn Mathews,Kevin Gausman,4837405,32667,2.0,regular-season,2026-08-01T19:07Z,3:07 PM ET
2026-08-01,Chicago White Sox,Tampa Bay Rays,Final,Tampa Bay Rays,Tampa Bay Rays,0.3327,0.6673,401816348,0,1,58-52,65-45,0.513,0.604,0.525,0.549,0.25,0.46,4.68,4.58,4.43,4.11,,,Jordan Hicks,Drew Rasmussen,37909,42584,2.0,regular-season,2026-08-01T20:10Z,4:10 PM ET
2026-08-01,Miami Marlins,New York Mets,Final,Miami Marlins,New York Mets,0.4898,0.5102,401816349,6,2,57-55,47-65,0.49,0.46,0.503,0.476,0.03,-0.23,4.46,4.29,4.42,4.53,,,Tyler Phillips,Zac Thornton,41247,5129576,2.0,regular-season,2026-08-01T20:10Z,4:10 PM ET
2026-08-01,Minnesota Twins,Seattle Mariners,Final,Seattle Mariners,Seattle Mariners,0.4335,0.5665,401816360,3,4,56-56,54-58,0.467,0.464,0.457,0.458,-0.45,-0.4,4.57,4.08,5.02,4.48,,,Connor Prielipp,Logan Gilbert,4620001,41221,2.0,regular-season,2026-08-01T20:10Z,4:10 PM ET
2026-08-01,Pittsburgh Pirates,Cincinnati Reds,Final,Pittsburgh Pirates,Cincinnati Reds,0.4665,0.5335,401816351,4,1,56-56,52-58,0.5,0.467,0.517,0.404,0.17,-0.99,4.79,4.17,4.61,5.15,,,Braxton Ashcraft,Andrew Abbott,41282,4414528,2.0,regular-season,2026-08-01T22:40Z,6:40 PM ET
2026-08-01,Philadelphia Phillies,Baltimore Orioles,Final,Philadelphia Phillies,Philadelphia Phillies,0.5527,0.4473,401816350,5,0,58-53,54-57,0.553,0.483,0.521,0.477,0.21,-0.23,4.5,4.46,4.29,4.69,,,Cristopher Sanchez,Shane Baz,42359,39639,2.0,regular-season,2026-08-01T23:05Z,7:05 PM ET
2026-08-01,Texas Rangers,Houston Astros,Final,Houston Astros,Houston Astros,0.4669,0.5331,401816355,4,5,55-56,57-55,0.493,0.5,0.469,0.465,-0.29,-0.35,4.16,4.46,4.45,4.81,,,Jacob deGrom,Ronel Blanco,32796,41829,2.0,regular-season,2026-08-01T23:10Z,7:10 PM ET
2026-08-01,Arizona Diamondbacks,Cleveland Guardians,Final,Arizona Diamondbacks,Cleveland Guardians,0.4732,0.5268,401816347,12,8,59-52,56-56,0.53,0.503,0.502,0.492,0.02,-0.07,4.46,4.09,4.44,4.17,,,Kohl Drake,Parker Messick,5264737,4619898,2.0,regular-season,2026-08-01T23:15Z,7:15 PM ET
2026-08-01,Washington Nationals,Atlanta Braves,Final,Atlanta Braves,Atlanta Braves,0.2784,0.7216,401816353,3,8,55-57,66-45,0.464,0.583,0.502,0.58,0.02,0.74,5.11,4.61,5.09,3.87,,,Miles Mikolas,Martin Perez,32116,31098,2.0,regular-season,2026-08-01T23:15Z,7:15 PM ET
2026-08-01,New York Yankees,Chicago Cubs,Final,Chicago Cubs,New York Yankees,0.5409,0.4591,401816354,2,5,62-49,63-48,0.58,0.556,0.595,0.588,0.87,0.94,4.57,5.34,3.7,4.4,,,Max Fried,David Peterson,32685,40921,2.0,regular-season,2026-08-01T23:15Z,7:15 PM ET
2026-08-01,Kansas City Royals,Colorado Rockies,Final,Colorado Rockies,Kansas City Royals,0.5845,0.4155,401816356,6,12,46-66,44-67,0.44,0.367,0.437,0.402,-0.63,-1.13,4.23,4.69,4.85,5.82,,,Luinder Avila,Ryan Feltner,5201985,4019484,2.0,regular-season,2026-08-02T00:10Z,8:10 PM ET
2026-08-01,San Francisco Giants,San Diego Padres,Final,San Diego Padres,San Diego Padres,0.2906,0.7094,401816361,5,6,47-64,57-54,0.411,0.547,0.447,0.517,-0.52,0.15,4.19,4.31,4.71,4.16,,,Tyler Mahle,Walker Buehler,34973,39251,2.0,regular-season,2026-08-02T00:40Z,8:40 PM ET
2026-08-01,Boston Red Sox,Los Angeles Dodgers,Final,Boston Red Sox,Los Angeles Dodgers,0.4101,0.5899,401816357,3,2,59-51,69-42,0.547,0.607,0.565,0.619,0.59,1.15,4.42,4.97,3.83,3.81,,,Payton Tolle,Yoshinobu Yamamoto,4966140,4872587,2.0,regular-season,2026-08-02T01:10Z,9:10 PM ET
2026-08-01,Milwaukee Brewers,Los Angeles Angels,Final,Milwaukee Brewers,Milwaukee Brewers,0.7093,0.2907,401816359,3,1,69-41,42-69,0.62,0.38,0.629,0.448,1.3,-0.49,5.19,4.07,3.89,4.56,,,Robert Gasser,Brent Suter,4918251,36023,2.0,regular-season,2026-08-02T01:38Z,9:38 PM ET
2026-08-01,Detroit Tigers,Athletics,Final,Detroit Tigers,Detroit Tigers,0.5426,0.4574,401816358,8,6,53-58,45-66,0.473,0.407,0.551,0.379,0.47,-1.35,4.48,4.37,4.01,5.73,,,Framber Valdez,Jack Perkins,36581,4418686,2.0,regular-season,2026-08-02T01:40Z,9:40 PM ET
2026-08-02,Philadelphia Phillies,Baltimore Orioles,Final,Philadelphia Phillies,Philadelphia Phillies,0.5527,0.4473,401816365,8,0,59-53,54-58,0.553,0.483,0.521,0.477,0.21,-0.23,4.5,4.46,4.29,4.69,,,Zack Wheeler,Kyle Bradish,31267,4311625,2.0,regular-season,2026-08-02T17:35Z,1:35 PM ET
2026-08-02,Washington Nationals,Atlanta Braves,Final,Atlanta Braves,Atlanta Braves,0.2784,0.7216,401816368,2,4,55-58,67-45,0.464,0.583,0.502,0.58,0.02,0.74,5.11,4.61,5.09,3.87,,,Cade Cavalli,JR Ritchie,4308037,5080757,2.0,regular-season,2026-08-02T17:35Z,1:35 PM ET
2026-08-02,St. Louis Cardinals,Toronto Blue Jays,Final,St. Louis Cardinals,Toronto Blue Jays,0.4299,0.5701,401816367,5,1,55-57,52-60,0.497,0.497,0.496,0.477,-0.04,-0.21,4.54,4.06,4.58,4.27,,,Matthew Liberatore,Max Scherzer,41173,28976,2.0,regular-season,2026-08-02T17:37Z,1:37 PM ET
2026-08-02,Arizona Diamondbacks,Cleveland Guardians,Final,Cleveland Guardians,Cleveland Guardians,0.4732,0.5268,401816362,0,5,59-53,57-56,0.53,0.503,0.502,0.492,0.02,-0.07,4.46,4.09,4.44,4.17,,,Merrill Kelly,Gavin Williams,32968,4345076,2.0,regular-season,2026-08-02T17:40Z,1:40 PM ET
2026-08-02,Chicago White Sox,Tampa Bay Rays,Final,Chicago White Sox,Tampa Bay Rays,0.3327,0.6673,401816363,9,1,59-52,65-46,0.513,0.604,0.525,0.549,0.25,0.46,4.68,4.58,4.43,4.11,,,Anthony Kay,Griffin Jax,40947,42604,2.0,regular-season,2026-08-02T17:40Z,1:40 PM ET
2026-08-02,Miami Marlins,New York Mets,Final,Miami Marlins,New York Mets,0.4898,0.5102,401816364,2,0,58-55,47-66,0.49,0.46,0.503,0.476,0.03,-0.23,4.46,4.29,4.42,4.53,,,Sandy Alcantara,Robert Stock,35241,30577,2.0,regular-season,2026-08-02T17:40Z,1:40 PM ET
2026-08-02,Pittsburgh Pirates,Cincinnati Reds,Final,Cincinnati Reds,Cincinnati Reds,0.4665,0.5335,401816366,2,10,56-57,53-58,0.5,0.467,0.517,0.404,0.17,-0.99,4.79,4.17,4.61,5.15,,,Mitch Keller,Chase Burns,33722,4927516,2.0,regular-season,2026-08-02T17:40Z,1:40 PM ET
2026-08-02,Texas Rangers,Houston Astros,Final,Houston Astros,Houston Astros,0.4669,0.5331,401816370,3,7,55-57,58-55,0.493,0.5,0.469,0.465,-0.29,-0.35,4.16,4.46,4.45,4.81,,,Kumar Rocker,Peter Lambert,4414525,39898,2.0,regular-season,2026-08-02T18:10Z,2:10 PM ET
2026-08-02,New York Yankees,Chicago Cubs,Final,New York Yankees,New York Yankees,0.5409,0.4591,401816369,2,1,63-49,63-49,0.58,0.556,0.595,0.588,0.87,0.94,4.57,5.34,3.7,4.4,,,Gerrit Cole,Colin Rea,32081,33950,2.0,regular-season,2026-08-02T18:20Z,2:20 PM ET
2026-08-02,Kansas City Royals,Colorado Rockies,Final,Colorado Rockies,Kansas City Royals,0.5845,0.4155,401816371,1,8,46-67,45-67,0.44,0.367,0.437,0.402,-0.63,-1.13,4.23,4.69,4.85,5.82,,,Seth Lugo,Kyle Freeland,34873,33839,2.0,regular-season,2026-08-02T19:10Z,3:10 PM ET
2026-08-02,Milwaukee Brewers,Los Angeles Angels,Final,Los Angeles Angels,Milwaukee Brewers,0.7093,0.2907,401816374,0,3,69-42,43-69,0.62,0.38,0.629,0.448,1.3,-0.49,5.19,4.07,3.89,4.56,,,Jacob Misiorowski,Walbert Urena,5080761,5197476,2.0,regular-season,2026-08-02T19:15Z,3:15 PM ET
2026-08-02,Detroit Tigers,Athletics,Final,Detroit Tigers,Detroit Tigers,0.5426,0.4574,401816373,11,0,54-58,45-67,0.473,0.407,0.551,0.379,0.47,-1.35,4.48,4.37,4.01,5.73,,,Keider Montero,Gage Jump,5182933,5023852,2.0,regular-season,2026-08-02T20:05Z,4:05 PM ET
2026-08-02,Minnesota Twins,Seattle Mariners,Final,Seattle Mariners,Seattle Mariners,0.4335,0.5665,401816375,6,7,56-57,55-58,0.467,0.464,0.457,0.458,-0.45,-0.4,4.57,4.08,5.02,4.48,,,Taj Bradley,George Kirby,42480,42406,2.0,regular-season,2026-08-02T20:10Z,4:10 PM ET
2026-08-02,San Francisco Giants,San Diego Padres,Final,San Diego Padres,San Diego Padres,0.2906,0.7094,401816376,4,5,47-65,58-54,0.411,0.547,0.447,0.517,-0.52,0.15,4.19,4.31,4.71,4.16,,,Landen Roupp,Kyle Hart,4345404,39936,2.0,regular-season,2026-08-02T20:10Z,4:10 PM ET
2026-08-02,Boston Red Sox,Los Angeles Dodgers,Final,Boston Red Sox,Los Angeles Dodgers,0.4101,0.5899,401816372,8,4,60-51,69-43,0.547,0.607,0.565,0.619,0.59,1.15,4.42,4.97,3.83,3.81,,,Jake Bennett,Emmet Sheehan,4654024,4417806,2.0,regular-season,2026-08-02T23:20Z,7:20 PM ET
2026-08-03,Washington Nationals,Philadelphia Phillies,Final,Philadelphia Phillies,Philadelphia Phillies,0.3083,0.6917,401816378,3,6,55-59,60-53,0.464,0.553,0.502,0.521,0.02,0.21,5.11,4.5,5.09,4.29,,,Andrew Alvarez,Aaron Nola,4300668,33709,2.0,regular-season,2026-08-03T22:40Z,6:40 PM ET
2026-08-03,St. Louis Cardinals,New York Yankees,Final,St. Louis Cardinals,New York Yankees,0.3484,0.6516,401816377,13,7,56-57,63-50,0.497,0.58,0.496,0.595,-0.04,0.87,4.54,4.57,4.58,3.7,,,Michael McGreevy,Cam Schlittler,4424141,5134581,2.0,regular-season,2026-08-03T23:05Z,7:05 PM ET
2026-08-03,Pittsburgh Pirates,Milwaukee Brewers,Final,Pittsburgh Pirates,Milwaukee Brewers,0.3242,0.6758,401816380,4,3,57-57,69-43,0.5,0.62,0.517,0.629,0.17,1.3,4.79,5.19,4.61,3.89,,,Bubba Chandler,Brandon Sproat,4683325,4621041,2.0,regular-season,2026-08-03T23:40Z,7:40 PM ET
2026-08-03,San Francisco Giants,Texas Rangers,Final,San Francisco Giants,Texas Rangers,0.3483,0.6517,401816381,5,1,48-65,55-58,0.411,0.493,0.447,0.469,-0.52,-0.29,4.19,4.16,4.71,4.45,,,Logan Webb,Cal Quantrill,41216,39875,2.0,regular-season,2026-08-04T00:00Z,8:00 PM ET
2026-08-03,Los Angeles Dodgers,Chicago Cubs,Final,Chicago Cubs,Los Angeles Dodgers,0.5531,0.4469,401816379,5,10,69-44,64-49,0.607,0.556,0.619,0.588,1.15,0.94,4.97,5.34,3.81,4.4,,,Justin Wrobleski,Matthew Boyd,4417203,34401,2.0,regular-season,2026-08-04T00:05Z,8:05 PM ET
2026-08-03,Toronto Blue Jays,Houston Astros,Final,Toronto Blue Jays,Houston Astros,0.4786,0.5214,401816382,3,1,53-60,58-56,0.497,0.5,0.477,0.465,-0.21,-0.35,4.06,4.46,4.27,4.81,,,Shane Bieber,Cristian Javier,40912,41261,2.0,regular-season,2026-08-04T00:10Z,8:10 PM ET
2026-08-03,Tampa Bay Rays,Colorado Rockies,Final,Tampa Bay Rays,Tampa Bay Rays,0.7625,0.2375,401816383,13,9,66-46,45-68,0.604,0.367,0.549,0.402,0.46,-1.13,4.58,4.69,4.11,5.82,,,Ian Seymour,Michael Lorenzen,4669425,33252,2.0,regular-season,2026-08-04T00:40Z,8:40 PM ET
2026-08-03,San Diego Padres,Arizona Diamondbacks,Final,Arizona Diamondbacks,Arizona Diamondbacks,0.4915,0.5085,401815079,1,5,58-55,60-53,0.547,0.53,0.517,0.502,0.15,0.02,4.31,4.46,4.16,4.44,,,Michael King,Brandon Pfaadt,40429,4721302,2.0,regular-season,2026-08-04T01:40Z,9:40 PM ET
2026-08-04,Los Angeles Angels,Baltimore Orioles,Final,Baltimore Orioles,Baltimore Orioles,0.3447,0.6553,401816384,1,3,43-70,55-58,0.38,0.483,0.448,0.477,-0.49,-0.23,4.07,4.46,4.56,4.69,,,Grayson Rodriguez,Cade Povich,41196,5085743,2.0,regular-season,2026-08-04T22:35Z,6:35 PM ET
2026-08-04,Athletics,Cincinnati Reds,Final,Cincinnati Reds,Cincinnati Reds,0.368,0.632,401816385,4,5,45-68,54-58,0.407,0.467,0.379,0.404,-1.35,-0.99,4.37,4.17,5.73,5.15,,,J.T. Ginn,Brady Singer,4414002,41172,2.0,regular-season,2026-08-04T22:40Z,6:40 PM ET
2026-08-04,New York Mets,Cleveland Guardians,Final,New York Mets,Cleveland Guardians,0.3885,0.6115,401816388,6,2,48-66,57-57,0.46,0.503,0.476,0.492,-0.23,-0.07,4.29,4.09,4.53,4.17,,,Sean Manaea,Joey Cantillo,33244,42488,2.0,regular-season,2026-08-04T22:40Z,6:40 PM ET
2026-08-04,Washington Nationals,Philadelphia Phillies,Final,Philadelphia Phillies,Philadelphia Phillies,0.3083,0.6917,401816390,0,5,55-60,61-53,0.464,0.553,0.502,0.521,0.02,0.21,5.11,4.5,5.09,4.29,,,Carson Palmquist,Jesus Luzardo,4621424,39667,2.0,regular-season,2026-08-04T22:40Z,6:40 PM ET
2026-08-04,St. Louis Cardinals,New York Yankees,Final,New York Yankees,New York Yankees,0.3484,0.6516,401816389,0,2,56-58,64-50,0.497,0.58,0.496,0.595,-0.04,0.87,4.54,4.57,4.58,3.7,,,Hunter Dobbins,Ryan Weathers,4415836,41178,2.0,regular-season,2026-08-04T23:05Z,7:05 PM ET
2026-08-04,Chicago White Sox,Boston Red Sox,Final,Boston Red Sox,Boston Red Sox,0.3958,0.6042,401816386,2,14,59-53,61-51,0.513,0.547,0.525,0.565,0.25,0.59,4.68,4.42,4.43,3.83,,,Davis Martin,Patrick Sandoval,42823,40975,2.0,regular-season,2026-08-04T23:10Z,7:10 PM ET
2026-08-04,Miami Marlins,Atlanta Braves,Final,Atlanta Braves,Atlanta Braves,0.3431,0.6569,401816387,2,4,58-56,68-45,0.49,0.583,0.503,0.58,0.03,0.74,4.46,4.61,4.42,3.87,,,Ryan Gusto,Grant Holmes,5131986,33840,2.0,regular-season,2026-08-04T23:15Z,7:15 PM ET
2026-08-04,Minnesota Twins,Kansas City Royals,Final,Kansas City Royals,Kansas City Royals,0.4753,0.5247,401816392,2,8,56-58,47-67,0.467,0.44,0.457,0.437,-0.45,-0.63,4.57,4.23,5.02,4.85,,,Joe Ryan,Randy Dobnak,42450,42214,2.0,regular-season,2026-08-04T23:40Z,7:40 PM ET
2026-08-04,Pittsburgh Pirates,Milwaukee Brewers,Final,Milwaukee Brewers,Milwaukee Brewers,0.3242,0.6758,401816393,2,4,57-58,70-43,0.5,0.62,0.517,0.629,0.17,1.3,4.79,5.19,4.61,3.89,,,Jared Jones,Logan Henderson,4918156,4917878,2.0,regular-season,2026-08-04T23:40Z,7:40 PM ET
2026-08-04,Los Angeles Dodgers,Chicago Cubs,Final,Chicago Cubs,Los Angeles Dodgers,0.5531,0.4469,401816391,1,5,69-45,65-49,0.607,0.556,0.619,0.588,1.15,0.94,4.97,5.34,3.81,4.4,,,Tarik Skubal,Javier Assad,42409,5002950,2.0,regular-season,2026-08-05T00:05Z,8:05 PM ET
2026-08-04,San Francisco Giants,Texas Rangers,Final,Texas Rangers,Texas Rangers,0.3483,0.6517,401816394,4,5,48-66,56-58,0.411,0.493,0.447,0.469,-0.52,-0.29,4.19,4.16,4.71,4.45,,,Blade Tidwell,MacKenzie Gore,4719088,39636,2.0,regular-season,2026-08-05T00:05Z,8:05 PM ET
2026-08-04,Toronto Blue Jays,Houston Astros,Final,Houston Astros,Houston Astros,0.4786,0.5214,401816395,2,7,53-61,59-56,0.497,0.5,0.477,0.465,-0.21,-0.35,4.06,4.46,4.27,4.81,,,Trey Yesavage,Hayden Wesneski,4949041,42996,2.0,regular-season,2026-08-05T00:10Z,8:10 PM ET
2026-08-04,Tampa Bay Rays,Colorado Rockies,Final,Tampa Bay Rays,Tampa Bay Rays,0.7625,0.2375,401816396,9,7,67-46,45-69,0.604,0.367,0.549,0.402,0.46,-1.13,4.58,4.69,4.11,5.82,,,Freddy Peralta,Gabriel Hughes,39825,4634930,2.0,regular-season,2026-08-05T00:40Z,8:40 PM ET
2026-08-04,Detroit Tigers,Seattle Mariners,Final,Detroit Tigers,Seattle Mariners,0.4483,0.5517,401816397,8,0,55-58,55-59,0.473,0.464,0.551,0.458,0.47,-0.4,4.48,4.08,4.01,4.48,,,Troy Melton,Emerson Hancock,5294127,4297897,2.0,regular-season,2026-08-05T01:40Z,9:40 PM ET
2026-08-04,San Diego Padres,Arizona Diamondbacks,Final,San Diego Padres,Arizona Diamondbacks,0.4915,0.5085,401816398,9,4,59-55,60-54,0.547,0.53,0.517,0.502,0.15,0.02,4.31,4.46,4.16,4.44,,,Randy Vasquez,Eduardo Rodriguez,4722847,32675,2.0,regular-season,2026-08-05T01:40Z,9:40 PM ET
2026-08-05,Toronto Blue Jays,Houston Astros,Final,Toronto Blue Jays,Houston Astros,0.4786,0.5214,401816410,5,4,54-61,59-57,0.497,0.5,0.477,0.465,-0.21,-0.35,4.06,4.46,4.27,4.81,,,Jameson Taillon,Hunter Brown,31258,4717803,2.0,regular-season,2026-08-05T18:10Z,2:10 PM ET
2026-08-05,Los Angeles Dodgers,Chicago Cubs,Final,Chicago Cubs,Los Angeles Dodgers,0.5531,0.4469,401816406,6,7,69-46,66-49,0.607,0.556,0.619,0.588,1.15,0.94,4.97,5.34,3.81,4.4,,,Eric Lauer,Shota Imanaga,39915,5134630,2.0,regular-season,2026-08-05T18:20Z,2:20 PM ET
2026-08-05,San Francisco Giants,Texas Rangers,Final,Texas Rangers,Texas Rangers,0.3483,0.6517,401816409,0,6,48-67,57-58,0.411,0.493,0.447,0.469,-0.52,-0.29,4.19,4.16,4.71,4.45,,,Carson Whisenhunt,Cody Bradford,4626232,4142539,2.0,regular-season,2026-08-05T18:35Z,2:35 PM ET
2026-08-05,Tampa Bay Rays,Colorado Rockies,Final,Tampa Bay Rays,Tampa Bay Rays,0.7625,0.2375,401816411,4,0,68-46,45-70,0.604,0.367,0.549,0.402,0.46,-1.13,4.58,4.69,4.11,5.82,,,Nick Martinez,Tomoyuki Sugano,33372,4142423,2.0,regular-season,2026-08-05T19:10Z,3:10 PM ET
2026-08-05,Los Angeles Angels,Baltimore Orioles,Final,Baltimore Orioles,Baltimore Orioles,0.3447,0.6553,401816399,2,5,43-71,56-58,0.38,0.483,0.448,0.477,-0.49,-0.23,4.07,4.46,4.56,4.69,,,Reid Detmers,Trevor Rogers,4326697,39640,2.0,regular-season,2026-08-05T22:35Z,6:35 PM ET
2026-08-05,Athletics,Cincinnati Reds,Final,Cincinnati Reds,Cincinnati Reds,0.368,0.632,401816400,2,3,45-69,55-58,0.407,0.467,0.379,0.404,-1.35,-0.99,4.37,4.17,5.73,5.15,,,Jacob Lopez,Rhett Lowder,42239,4758873,2.0,regular-season,2026-08-05T22:40Z,6:40 PM ET
2026-08-05,New York Mets,Cleveland Guardians,Final,New York Mets,Cleveland Guardians,0.3885,0.6115,401816403,6,5,49-66,57-58,0.46,0.503,0.476,0.492,-0.23,-0.07,4.29,4.09,4.53,4.17,,,Christian Scott,Tanner Bibee,4414215,4345278,2.0,regular-season,2026-08-05T22:40Z,6:40 PM ET
2026-08-05,St. Louis Cardinals,New York Yankees,Final,St. Louis Cardinals,New York Yankees,0.3484,0.6516,401816404,3,1,57-58,64-51,0.497,0.58,0.496,0.595,-0.04,0.87,4.54,4.57,4.58,3.7,,,Andre Pallante,Will Warren,4109034,5132011,2.0,regular-season,2026-08-05T23:05Z,7:05 PM ET
2026-08-05,Washington Nationals,Philadelphia Phillies,Final,Washington Nationals,Philadelphia Phillies,0.3083,0.6917,401816405,10,4,56-60,61-54,0.464,0.553,0.502,0.521,0.02,0.21,5.11,4.5,5.09,4.29,,,Jake Irvin,Andrew Painter,41290,4872683,2.0,regular-season,2026-08-05T23:05Z,7:05 PM ET
2026-08-05,Chicago White Sox,Boston Red Sox,Final,Boston Red Sox,Boston Red Sox,0.3958,0.6042,401816401,0,4,59-54,62-51,0.513,0.547,0.525,0.565,0.25,0.59,4.68,4.42,4.43,3.83,,,Sean Burke,Sonny Gray,4867679,32082,2.0,regular-season,2026-08-05T23:10Z,7:10 PM ET
2026-08-05,Miami Marlins,Atlanta Braves,Final,Atlanta Braves,Atlanta Braves,0.3431,0.6569,401816402,1,4,58-57,69-45,0.49,0.583,0.503,0.58,0.03,0.74,4.46,4.61,4.42,3.87,,,Eury Perez,Bryce Elder,4917854,4301067,2.0,regular-season,2026-08-05T23:15Z,7:15 PM ET
2026-08-05,Pittsburgh Pirates,Milwaukee Brewers,Final,Milwaukee Brewers,Milwaukee Brewers,0.3242,0.6758,401816408,2,4,57-59,71-43,0.5,0.62,0.517,0.629,0.17,1.3,4.79,5.19,4.61,3.89,,,Paul Skenes,Kyle Harrison,4719507,4683375,2.0,regular-season,2026-08-05T23:30Z,7:30 PM ET
2026-08-05,Minnesota Twins,Kansas City Royals,Final,Kansas City Royals,Kansas City Royals,0.4753,0.5247,401816407,1,2,56-59,48-67,0.467,0.44,0.457,0.437,-0.45,-0.63,4.57,4.23,5.02,4.85,,,Dean Kremer,Noah Cameron,38295,4417208,2.0,regular-season,2026-08-05T23:40Z,7:40 PM ET
2026-08-05,Detroit Tigers,Seattle Mariners,Final,Seattle Mariners,Seattle Mariners,0.4483,0.5517,401816412,2,4,55-59,56-59,0.473,0.464,0.551,0.458,0.47,-0.4,4.48,4.08,4.01,4.48,,,Drew Anderson,Bryan Woo,41125,4629089,2.0,regular-season,2026-08-06T01:40Z,9:40 PM ET
2026-08-05,San Diego Padres,Arizona Diamondbacks,Final,Arizona Diamondbacks,Arizona Diamondbacks,0.4915,0.5085,401816413,4,10,59-56,61-54,0.547,0.53,0.517,0.502,0.15,0.02,4.31,4.46,4.16,4.44,,,Casey Mize,Mitch Bratt,41167,5123768,2.0,regular-season,2026-08-06T01:40Z,9:40 PM ET
2026-08-06,Los Angeles Angels,Baltimore Orioles,Final,Los Angeles Angels,Baltimore Orioles,0.3447,0.6553,401816414,4,1,44-71,56-59,0.38,0.483,0.448,0.477,-0.49,-0.23,4.07,4.46,4.56,4.69,,,Ryan Johnson,Brandon Young,5007859,4414339,2.0,regular-season,2026-08-06T16:35Z,12:35 PM ET
2026-08-06,Athletics,Cincinnati Reds,Final,Cincinnati Reds,Cincinnati Reds,0.368,0.632,401816415,5,6,45-70,56-58,0.407,0.467,0.379,0.404,-1.35,-0.99,4.37,4.17,5.73,5.15,,,Mason Barnett,Andrew Abbott,4620704,4414528,2.0,regular-season,2026-08-06T16:40Z,12:40 PM ET
2026-08-06,New York Mets,Cleveland Guardians,Final,New York Mets,Cleveland Guardians,0.3885,0.6115,401816418,13,6,50-66,57-59,0.46,0.503,0.476,0.492,-0.23,-0.07,4.29,4.09,4.53,4.17,,,Nolan McLean,Foster Griffin,4433874,33773,2.0,regular-season,2026-08-06T17:10Z,1:10 PM ET
2026-08-06,Pittsburgh Pirates,Milwaukee Brewers,Final,Milwaukee Brewers,Milwaukee Brewers,0.3242,0.6758,401816421,2,5,57-60,72-43,0.5,0.62,0.517,0.629,0.17,1.3,4.79,5.19,4.61,3.89,,,Braxton Ashcraft,Dustin May,41282,40937,2.0,regular-season,2026-08-06T18:10Z,2:10 PM ET
2026-08-06,Toronto Blue Jays,Chicago Cubs,Final,Chicago Cubs,Chicago Cubs,0.4551,0.5449,401879389,2,3,54-62,67-49,0.497,0.556,0.477,0.588,-0.21,0.94,4.06,5.34,4.27,4.4,,,Dylan Cease,David Peterson,34943,40921,2.0,regular-season,2026-08-06T18:20Z,2:20 PM ET
2026-08-06,Detroit Tigers,Seattle Mariners,Final,Detroit Tigers,Seattle Mariners,0.4483,0.5517,401816422,11,0,56-59,56-60,0.473,0.464,0.551,0.458,0.47,-0.4,4.48,4.08,4.01,4.48,,,Framber Valdez,Bryce Miller,36581,4654313,2.0,regular-season,2026-08-06T20:10Z,4:10 PM ET
2026-08-06,Washington Nationals,Philadelphia Phillies,Final,Philadelphia Phillies,Philadelphia Phillies,0.3083,0.6917,401816419,3,7,56-61,62-54,0.464,0.553,0.502,0.521,0.02,0.21,5.11,4.5,5.09,4.29,,,Miles Mikolas,Cristopher Sanchez,32116,42359,2.0,regular-season,2026-08-06T22:05Z,6:05 PM ET
2026-08-06,Chicago White Sox,Boston Red Sox,Final,Boston Red Sox,Boston Red Sox,0.3958,0.6042,401816416,11,12,59-55,63-51,0.513,0.547,0.525,0.565,0.25,0.59,4.68,4.42,4.43,3.83,,,Luis Castillo,Ranger Suarez,35124,39817,2.0,regular-season,2026-08-06T23:10Z,7:10 PM ET
2026-08-06,Miami Marlins,Atlanta Braves,Final,Atlanta Braves,Atlanta Braves,0.3431,0.6569,401816417,3,11,58-58,70-45,0.49,0.583,0.503,0.58,0.03,0.74,4.46,4.61,4.42,3.87,,,Janson Junk,Martin Perez,4881980,31098,2.0,regular-season,2026-08-06T23:15Z,7:15 PM ET
2026-08-06,Minnesota Twins,Kansas City Royals,Final,Minnesota Twins,Kansas City Royals,0.4753,0.5247,401816420,4,3,57-59,48-68,0.467,0.44,0.457,0.437,-0.45,-0.63,4.57,4.23,5.02,4.85,,,Bailey Ober,Michael Wacha,3107919,32640,2.0,regular-season,2026-08-06T23:30Z,7:30 PM ET
2026-08-06,San Diego Padres,Arizona Diamondbacks,Final,San Diego Padres,Arizona Diamondbacks,0.4915,0.5085,401816423,5,1,60-56,61-55,0.547,0.53,0.517,0.502,0.15,0.02,4.31,4.46,4.16,4.44,,,Walker Buehler,Kohl Drake,39251,5264737,2.0,regular-season,2026-08-07T01:40Z,9:40 PM ET
2026-08-07,New York Mets,Pittsburgh Pirates,Final,New York Mets,Pittsburgh Pirates,0.4337,0.5663,401816428,6,4,51-66,57-61,0.46,0.5,0.476,0.517,-0.23,0.17,4.29,4.79,4.53,4.61,,,Zac Thornton,Carmen Mlodzinski,5129576,4298378,2.0,regular-season,2026-08-07T22:40Z,6:40 PM ET
2026-08-07,Toronto Blue Jays,Philadelphia Phillies,Final,Toronto Blue Jays,Philadelphia Phillies,0.4084,0.5916,401816429,5,4,55-62,62-55,0.497,0.553,0.477,0.521,-0.21,0.21,4.06,4.5,4.27,4.29,,,Jose Soriano,Zack Wheeler,40973,31267,2.0,regular-season,2026-08-07T22:40Z,6:40 PM ET
2026-08-07,Cincinnati Reds,Washington Nationals,Final,Washington Nationals,Cincinnati Reds,0.5197,0.4803,401816427,3,5,56-59,57-61,0.467,0.464,0.404,0.502,-0.99,0.02,4.17,5.11,5.15,5.09,,,Chase Petty,Cade Cavalli,4872687,4308037,2.0,regular-season,2026-08-07T22:45Z,6:45 PM ET
2026-08-07,Atlanta Braves,New York Yankees,Final,New York Yankees,New York Yankees,0.4597,0.5403,401816426,2,3,70-46,65-51,0.583,0.58,0.58,0.595,0.74,0.87,4.61,4.57,3.87,3.7,,,Tyler Mahle,Max Fried,34973,32685,2.0,regular-season,2026-08-07T23:05Z,7:05 PM ET
2026-08-07,Los Angeles Angels,Miami Marlins,Final,Los Angeles Angels,Miami Marlins,0.3358,0.6642,401816424,4,3,45-71,58-59,0.38,0.49,0.448,0.503,-0.49,0.03,4.07,4.46,4.56,4.42,,,George Klassen,Tyler Phillips,5134517,41247,2.0,regular-season,2026-08-07T23:10Z,7:10 PM ET
2026-08-07,Athletics,Boston Red Sox,Final,Boston Red Sox,Boston Red Sox,0.2832,0.7168,401816425,1,13,45-71,64-51,0.407,0.547,0.379,0.565,-1.35,0.59,4.37,4.42,5.73,3.83,,,Jack Perkins,Payton Tolle,4418686,4966140,2.0,regular-season,2026-08-07T23:10Z,7:10 PM ET
2026-08-07,Cleveland Guardians,Chicago White Sox,Final,Cleveland Guardians,Chicago White Sox,0.4803,0.5197,401816432,8,2,58-59,59-56,0.503,0.513,0.492,0.525,-0.07,0.25,4.09,4.68,4.17,4.43,,,Parker Messick,Noah Schultz,4619898,5080754,2.0,regular-season,2026-08-07T23:40Z,7:40 PM ET
2026-08-07,Minnesota Twins,Milwaukee Brewers,Final,Minnesota Twins,Milwaukee Brewers,0.2966,0.7034,401816434,8,6,58-59,72-44,0.467,0.62,0.457,0.629,-0.45,1.3,4.57,5.19,5.02,3.89,,,Zebby Matthews,Shane Drohan,4791597,4315203,2.0,regular-season,2026-08-07T23:40Z,7:40 PM ET
2026-08-07,Chicago Cubs,Kansas City Royals,Final,Chicago Cubs,Chicago Cubs,0.5507,0.4493,401816431,6,4,68-49,48-69,0.556,0.44,0.588,0.437,0.94,-0.63,5.34,4.23,4.4,4.85,,,Kevin Gausman,Daniel Lynch IV,32667,41227,2.0,regular-season,2026-08-08T00:10Z,8:10 PM ET
2026-08-07,Baltimore Orioles,Texas Rangers,Final,Texas Rangers,Texas Rangers,0.4271,0.5729,401816430,1,2,56-60,58-58,0.483,0.493,0.477,0.469,-0.23,-0.29,4.46,4.16,4.69,4.45,,,Shane Baz,Nathan Eovaldi,39639,31174,2.0,regular-season,2026-08-08T00:15Z,8:15 PM ET
2026-08-07,Colorado Rockies,St. Louis Cardinals,Final,St. Louis Cardinals,St. Louis Cardinals,0.286,0.714,401816433,2,3,45-71,58-58,0.367,0.497,0.402,0.496,-1.13,-0.04,4.69,4.54,5.82,4.58,,,Ryan Feltner,Kyle Leahy,4019484,5006093,2.0,regular-season,2026-08-08T00:15Z,8:15 PM ET
2026-08-07,Houston Astros,San Diego Padres,Final,Houston Astros,San Diego Padres,0.3856,0.6144,401816436,6,3,60-57,60-57,0.5,0.547,0.465,0.517,-0.35,0.15,4.46,4.31,4.81,4.16,,,Ronel Blanco,Robbie Ray,41829,32175,2.0,regular-season,2026-08-08T01:40Z,9:40 PM ET
2026-08-07,Los Angeles Dodgers,Arizona Diamondbacks,Final,Arizona Diamondbacks,Los Angeles Dodgers,0.535,0.465,401816437,3,4,69-47,62-55,0.607,0.53,0.619,0.502,1.15,0.02,4.97,4.46,3.81,4.44,,,Roki Sasaki,Merrill Kelly,5134638,32968,2.0,regular-season,2026-08-08T01:40Z,9:40 PM ET
2026-08-07,Tampa Bay Rays,Seattle Mariners,Final,Tampa Bay Rays,Tampa Bay Rays,0.6202,0.3798,401816438,2,1,69-46,56-61,0.604,0.464,0.549,0.458,0.46,-0.4,4.58,4.08,4.11,4.48,,,Drew Rasmussen,Logan Gilbert,42584,41221,2.0,regular-season,2026-08-08T01:45Z,9:45 PM ET
2026-08-07,Detroit Tigers,San Francisco Giants,Final,San Francisco Giants,Detroit Tigers,0.5279,0.4721,401816435,2,5,56-60,49-67,0.473,0.411,0.551,0.447,0.47,-0.52,4.48,4.19,4.01,4.71,,,Keider Montero,JT Brubaker,5182933,41460,2.0,regular-season,2026-08-08T02:15Z,10:15 PM ET
2026-08-08,Atlanta Braves,New York Yankees,Final,New York Yankees,New York Yankees,0.4597,0.5403,401816441,4,5,70-47,66-51,0.583,0.58,0.58,0.595,0.74,0.87,4.61,4.57,3.87,3.7,,,Chris Sale,Gerrit Cole,30948,32081,2.0,regular-season,2026-08-08T19:05Z,3:05 PM ET
2026-08-08,Los Angeles Angels,Miami Marlins,Final,Miami Marlins,Miami Marlins,0.3358,0.6642,401816439,0,7,45-72,59-59,0.38,0.49,0.448,0.503,-0.49,0.03,4.07,4.46,4.56,4.42,,,Walbert Urena,Sandy Alcantara,5197476,35241,2.0,regular-season,2026-08-08T20:10Z,4:10 PM ET
2026-08-08,Athletics,Boston Red Sox,Final,Athletics,Boston Red Sox,0.2832,0.7168,401816440,7,3,46-71,64-52,0.407,0.547,0.379,0.565,-1.35,0.59,4.37,4.42,5.73,3.83,,,Gage Jump,Jake Bennett,5023852,4654024,2.0,regular-season,2026-08-08T20:10Z,4:10 PM ET
2026-08-08,Toronto Blue Jays,Philadelphia Phillies,Final,Toronto Blue Jays,Philadelphia Phillies,0.4084,0.5916,401816444,7,5,56-62,62-56,0.497,0.553,0.477,0.521,-0.21,0.21,4.06,4.5,4.27,4.29,,,Max Scherzer,Aaron Nola,28976,33709,2.0,regular-season,2026-08-08T22:05Z,6:05 PM ET
2026-08-08,New York Mets,Pittsburgh Pirates,Final,Pittsburgh Pirates,Pittsburgh Pirates,0.4337,0.5663,401816443,0,9,51-67,58-61,0.46,0.5,0.476,0.517,-0.23,0.17,4.29,4.79,4.53,4.61,,,Robert Stock,Bubba Chandler,30577,4683325,2.0,regular-season,2026-08-08T22:40Z,6:40 PM ET
2026-08-08,Cincinnati Reds,Washington Nationals,Final,Washington Nationals,Cincinnati Reds,0.5197,0.4803,401816442,2,8,56-60,58-61,0.467,0.464,0.404,0.502,-0.99,0.02,4.17,5.11,5.15,5.09,,,Chase Burns,Andrew Alvarez,4927516,4300668,2.0,regular-season,2026-08-08T22:45Z,6:45 PM ET
2026-08-08,Chicago Cubs,Kansas City Royals,Final,Kansas City Royals,Chicago Cubs,0.5507,0.4493,401816446,3,6,68-50,49-69,0.556,0.44,0.588,0.437,0.94,-0.63,5.34,4.23,4.4,4.85,,,Clay Holmes,Seth Lugo,32827,34873,2.0,regular-season,2026-08-08T23:10Z,7:10 PM ET
2026-08-08,Minnesota Twins,Milwaukee Brewers,Final,Milwaukee Brewers,Milwaukee Brewers,0.2966,0.7034,401816449,3,4,58-60,73-44,0.467,0.62,0.457,0.629,-0.45,1.3,4.57,5.19,5.02,3.89,,,Taj Bradley,Robert Gasser,42480,4918251,2.0,regular-season,2026-08-08T23:10Z,7:10 PM ET
2026-08-08,Baltimore Orioles,Texas Rangers,Final,Texas Rangers,Texas Rangers,0.4271,0.5729,401816445,1,5,56-61,59-58,0.483,0.493,0.477,0.469,-0.23,-0.29,4.46,4.16,4.69,4.45,,,Kyle Bradish,Jacob deGrom,4311625,32796,2.0,regular-season,2026-08-08T23:15Z,7:15 PM ET
2026-08-08,Cleveland Guardians,Chicago White Sox,Final,Chicago White Sox,Chicago White Sox,0.4803,0.5197,401816447,3,6,58-60,60-56,0.503,0.513,0.492,0.525,-0.07,0.25,4.09,4.68,4.17,4.43,,,Gavin Williams,Anthony Kay,4345076,40947,2.0,regular-season,2026-08-08T23:15Z,7:15 PM ET
2026-08-08,Colorado Rockies,St. Louis Cardinals,Final,Colorado Rockies,St. Louis Cardinals,0.286,0.714,401816448,8,6,46-71,58-59,0.367,0.497,0.402,0.496,-1.13,-0.04,4.69,4.54,5.82,4.58,,,Kyle Freeland,Matthew Liberatore,33839,41173,2.0,regular-season,2026-08-08T23:15Z,7:15 PM ET
2026-08-08,Detroit Tigers,San Francisco Giants,Final,Detroit Tigers,Detroit Tigers,0.5279,0.4721,401816450,8,0,57-60,49-68,0.473,0.411,0.551,0.447,0.47,-0.52,4.48,4.19,4.01,4.71,,,Jackson Jobe,Landen Roupp,4872647,4345404,2.0,regular-season,2026-08-08T23:15Z,7:15 PM ET
2026-08-08,Houston Astros,San Diego Padres,Final,San Diego Padres,San Diego Padres,0.3856,0.6144,401816451,2,3,60-58,61-57,0.5,0.547,0.465,0.517,-0.35,0.15,4.46,4.31,4.81,4.16,,,Peter Lambert,Michael King,39898,40429,2.0,regular-season,2026-08-08T23:15Z,7:15 PM ET
2026-08-08,Los Angeles Dodgers,Arizona Diamondbacks,Final,Los Angeles Dodgers,Los Angeles Dodgers,0.535,0.465,401816452,2,1,70-47,62-56,0.607,0.53,0.619,0.502,1.15,0.02,4.97,4.46,3.81,4.44,,,Yoshinobu Yamamoto,Brandon Pfaadt,4872587,4721302,2.0,regular-season,2026-08-09T00:10Z,8:10 PM ET
2026-08-08,Tampa Bay Rays,Seattle Mariners,Final,Tampa Bay Rays,Tampa Bay Rays,0.6202,0.3798,401816453,3,2,70-46,56-62,0.604,0.464,0.549,0.458,0.46,-0.4,4.58,4.08,4.11,4.48,,,Casey Legumina,George Kirby,4346117,42406,2.0,regular-season,2026-08-09T01:50Z,9:50 PM ET
2026-08-09,Cincinnati Reds,Washington Nationals,Final,Washington Nationals,Cincinnati Reds,0.5197,0.4803,401816457,1,7,56-61,59-61,0.467,0.464,0.404,0.502,-0.99,0.02,4.17,5.11,5.15,5.09,,,Brady Singer,Brad Lord,41172,4866810,2.0,regular-season,2026-08-09T16:15Z,12:15 PM ET
2026-08-09,Athletics,Boston Red Sox,Final,Athletics,Boston Red Sox,0.2832,0.7168,401816455,4,3,47-71,64-53,0.407,0.547,0.379,0.565,-1.35,0.59,4.37,4.42,5.73,3.83,,,J.T. Ginn,Erik Miller,4414002,4152950,2.0,regular-season,2026-08-09T17:35Z,1:35 PM ET
2026-08-09,Atlanta Braves,New York Yankees,Final,Atlanta Braves,New York Yankees,0.4597,0.5403,401816456,2,1,71-47,66-52,0.583,0.58,0.58,0.595,0.74,0.87,4.61,4.57,3.87,3.7,,,Grant Holmes,Cam Schlittler,33840,5134581,2.0,regular-season,2026-08-09T17:35Z,1:35 PM ET
2026-08-09,New York Mets,Pittsburgh Pirates,Final,New York Mets,Pittsburgh Pirates,0.4337,0.5663,401816458,11,1,52-67,58-62,0.46,0.5,0.476,0.517,-0.23,0.17,4.29,4.79,4.53,4.61,,,Sean Manaea,Jared Jones,33244,4918156,2.0,regular-season,2026-08-09T17:35Z,1:35 PM ET
2026-08-09,Toronto Blue Jays,Philadelphia Phillies,Final,Philadelphia Phillies,Philadelphia Phillies,0.4084,0.5916,401816459,6,7,56-63,63-56,0.497,0.553,0.477,0.521,-0.21,0.21,4.06,4.5,4.27,4.29,,,Shane Bieber,Jesus Luzardo,40912,39667,2.0,regular-season,2026-08-09T17:35Z,1:35 PM ET
2026-08-09,Los Angeles Angels,Miami Marlins,Final,Miami Marlins,Miami Marlins,0.3358,0.6642,401816454,3,12,45-73,60-59,0.38,0.49,0.448,0.503,-0.49,0.03,4.07,4.46,4.56,4.42,,,Grayson Rodriguez,Ryan Gusto,41196,5131986,2.0,regular-season,2026-08-09T17:40Z,1:40 PM ET
2026-08-09,Chicago Cubs,Kansas City Royals,Final,Chicago Cubs,Chicago Cubs,0.5507,0.4493,401816461,10,2,69-50,49-70,0.556,0.44,0.588,0.437,0.94,-0.63,5.34,4.23,4.4,4.85,,,Matthew Boyd,Randy Dobnak,34401,42214,2.0,regular-season,2026-08-09T18:10Z,2:10 PM ET
2026-08-09,Cleveland Guardians,Chicago White Sox,Final,Chicago White Sox,Chicago White Sox,0.4803,0.5197,401816462,3,5,58-61,61-56,0.503,0.513,0.492,0.525,-0.07,0.25,4.09,4.68,4.17,4.43,,,Joey Cantillo,Davis Martin,42488,42823,2.0,regular-season,2026-08-09T18:10Z,2:10 PM ET
2026-08-09,Minnesota Twins,Milwaukee Brewers,Final,Milwaukee Brewers,Milwaukee Brewers,0.2966,0.7034,401816464,3,4,58-61,74-44,0.467,0.62,0.457,0.629,-0.45,1.3,4.57,5.19,5.02,3.89,,,Connor Prielipp,Jacob Misiorowski,4620001,5080761,2.0,regular-season,2026-08-09T18:10Z,2:10 PM ET
2026-08-09,Colorado Rockies,St. Louis Cardinals,Final,St. Louis Cardinals,St. Louis Cardinals,0.286,0.714,401816463,4,7,46-72,59-59,0.367,0.497,0.402,0.496,-1.13,-0.04,4.69,4.54,5.82,4.58,,,Michael Lorenzen,Michael McGreevy,33252,4424141,2.0,regular-season,2026-08-09T18:15Z,2:15 PM ET
2026-08-09,Baltimore Orioles,Texas Rangers,Final,Baltimore Orioles,Texas Rangers,0.4271,0.5729,401816460,10,5,57-61,59-59,0.483,0.493,0.477,0.469,-0.23,-0.29,4.46,4.16,4.69,4.45,,,Cade Povich,Kumar Rocker,5085743,4414525,2.0,regular-season,2026-08-09T18:35Z,2:35 PM ET
2026-08-09,Detroit Tigers,San Francisco Giants,Final,Detroit Tigers,Detroit Tigers,0.5279,0.4721,401816465,3,1,58-60,49-69,0.473,0.411,0.551,0.447,0.47,-0.52,4.48,4.19,4.01,4.71,,,Troy Melton,Logan Webb,5294127,41216,2.0,regular-season,2026-08-09T20:05Z,4:05 PM ET
2026-08-09,Los Angeles Dodgers,Arizona Diamondbacks,Final,Arizona Diamondbacks,Los Angeles Dodgers,0.535,0.465,401816467,2,4,70-48,63-56,0.607,0.53,0.619,0.502,1.15,0.02,4.97,4.46,3.81,4.44,,,Justin Wrobleski,Eduardo Rodriguez,4417203,32675,2.0,regular-season,2026-08-09T20:10Z,4:10 PM ET
2026-08-09,Tampa Bay Rays,Seattle Mariners,Final,Tampa Bay Rays,Tampa Bay Rays,0.6202,0.3798,401816468,4,1,71-46,56-63,0.604,0.464,0.549,0.458,0.46,-0.4,4.58,4.08,4.11,4.48,,,Ian Seymour,Emerson Hancock,4669425,4297897,2.0,regular-season,2026-08-09T20:10Z,4:10 PM ET
2026-08-09,Houston Astros,San Diego Padres,Final,San Diego Padres,San Diego Padres,0.3856,0.6144,401816466,2,7,60-59,62-57,0.5,0.547,0.465,0.517,-0.35,0.15,4.46,4.31,4.81,4.16,,,Cristian Javier,Randy Vasquez,41261,4722847,2.0,regular-season,2026-08-10T00:20Z,8:20 PM ET
2026-08-10,Boston Red Sox,Toronto Blue Jays,Final,Toronto Blue Jays,Boston Red Sox,0.5074,0.4926,401816469,1,2,64-54,57-63,0.547,0.497,0.565,0.477,0.59,-0.21,4.42,4.06,3.83,4.27,,,Sonny Gray,Jameson Taillon,32082,31258,2.0,regular-season,2026-08-10T23:07Z,7:07 PM ET
2026-08-10,New York Mets,Atlanta Braves,Final,New York Mets,Atlanta Braves,0.3153,0.6847,401816470,8,5,53-67,71-48,0.46,0.583,0.476,0.58,-0.23,0.74,4.29,4.61,4.53,3.87,,,Christian Scott,Bryce Elder,4414215,4301067,2.0,regular-season,2026-08-10T23:15Z,7:15 PM ET
2026-08-10,Baltimore Orioles,Minnesota Twins,Final,Minnesota Twins,Minnesota Twins,0.4871,0.5129,401816471,5,9,57-62,59-61,0.483,0.467,0.477,0.457,-0.23,-0.45,4.46,4.57,4.69,5.02,,,Trevor Rogers,Dean Kremer,39640,38295,2.0,regular-season,2026-08-10T23:40Z,7:40 PM ET
2026-08-10,Philadelphia Phillies,St. Louis Cardinals,Final,Philadelphia Phillies,Philadelphia Phillies,0.5383,0.4617,401816472,6,5,64-56,59-60,0.553,0.497,0.521,0.496,0.21,-0.04,4.5,4.54,4.29,4.58,,,Andrew Painter,Hunter Dobbins,4872683,4415836,2.0,regular-season,2026-08-10T23:45Z,7:45 PM ET
2026-08-10,Texas Rangers,Los Angeles Angels,Final,Texas Rangers,Texas Rangers,0.6075,0.3925,401816478,4,1,60-59,45-74,0.493,0.38,0.469,0.448,-0.29,-0.49,4.16,4.07,4.45,4.56,,,MacKenzie Gore,Reid Detmers,39636,4326697,2.0,regular-season,2026-08-11T01:38Z,9:38 PM ET
2026-08-10,Colorado Rockies,Arizona Diamondbacks,Final,Arizona Diamondbacks,Arizona Diamondbacks,0.2466,0.7534,401816473,0,9,46-73,64-56,0.367,0.53,0.402,0.502,-1.13,0.02,4.69,4.46,5.82,4.44,,,Gabriel Hughes,Michael Soroka,4634930,34984,2.0,regular-season,2026-08-11T01:40Z,9:40 PM ET
2026-08-10,Milwaukee Brewers,San Diego Padres,Final,San Diego Padres,Milwaukee Brewers,0.5057,0.4943,401816476,2,3,74-45,63-57,0.62,0.547,0.629,0.517,1.3,0.15,5.19,4.31,3.89,4.16,,,Logan Henderson,Casey Mize,4917878,41167,2.0,regular-season,2026-08-11T01:40Z,9:40 PM ET
2026-08-10,Tampa Bay Rays,Athletics,Final,Tampa Bay Rays,Tampa Bay Rays,0.7045,0.2955,401816477,10,6,72-46,47-72,0.604,0.407,0.549,0.379,0.46,-1.35,4.58,4.37,4.11,5.73,,,Freddy Peralta,Jacob Lopez,39825,42239,2.0,regular-season,2026-08-11T01:40Z,9:40 PM ET
2026-08-10,Houston Astros,San Francisco Giants,Final,Houston Astros,Houston Astros,0.5646,0.4354,401816474,6,3,61-59,49-70,0.5,0.411,0.465,0.447,-0.35,-0.52,4.46,4.19,4.81,4.71,,,Hayden Wesneski,Blade Tidwell,42996,4719088,2.0,regular-season,2026-08-11T01:45Z,9:45 PM ET
2026-08-10,Kansas City Royals,Los Angeles Dodgers,Final,Los Angeles Dodgers,Los Angeles Dodgers,0.2857,0.7143,401816475,5,6,49-71,71-48,0.44,0.607,0.437,0.619,-0.63,1.15,4.23,4.97,4.85,3.81,,,Noah Cameron,Tarik Skubal,4417208,42409,2.0,regular-season,2026-08-11T02:10Z,10:10 PM ET
2026-08-11,Cleveland Guardians,Detroit Tigers,Final,Detroit Tigers,Cleveland Guardians,0.5223,0.4777,401816481,4,6,58-62,59-60,0.503,0.473,0.492,0.551,-0.07,0.47,4.09,4.48,4.17,4.01,,,Tanner Bibee,Drew Anderson,4345278,41125,2.0,regular-season,2026-08-11T22:40Z,6:40 PM ET
2026-08-11,Pittsburgh Pirates,Miami Marlins,Final,Miami Marlins,Miami Marlins,0.4522,0.5478,401816483,0,2,58-63,61-59,0.5,0.49,0.517,0.503,0.17,0.03,4.79,4.46,4.61,4.42,,,Paul Skenes,Eury Perez,4719507,4917854,2.0,regular-season,2026-08-11T22:40Z,6:40 PM ET
2026-08-11,Chicago Cubs,Washington Nationals,Final,Chicago Cubs,Chicago Cubs,0.5706,0.4294,401816480,8,6,70-50,59-62,0.556,0.464,0.588,0.502,0.94,0.02,5.34,5.11,4.4,5.09,,,Shota Imanaga,Jake Irvin,5134630,41290,2.0,regular-season,2026-08-11T22:45Z,6:45 PM ET
2026-08-11,Seattle Mariners,New York Yankees,Final,New York Yankees,New York Yankees,0.3322,0.6678,401816484,1,4,56-64,67-52,0.464,0.58,0.458,0.595,-0.4,0.87,4.08,4.57,4.48,3.7,,,Bryan Woo,Ryan Weathers,4629089,41178,2.0,regular-season,2026-08-11T23:05Z,7:05 PM ET
2026-08-11,Boston Red Sox,Toronto Blue Jays,Final,Toronto Blue Jays,Boston Red Sox,0.5074,0.4926,401816479,3,5,64-55,58-63,0.547,0.497,0.565,0.477,0.59,-0.21,4.42,4.06,3.83,4.27,,,Patrick Sandoval,Dylan Cease,40975,34943,2.0,regular-season,2026-08-11T23:07Z,7:07 PM ET
2026-08-11,New York Mets,Atlanta Braves,Final,Atlanta Braves,Atlanta Braves,0.3153,0.6847,401816482,0,4,53-68,72-48,0.46,0.583,0.476,0.58,-0.23,0.74,4.29,4.61,4.53,3.87,,,Nolan McLean,Martin Perez,4433874,31098,2.0,regular-season,2026-08-11T23:15Z,7:15 PM ET
2026-08-11,Baltimore Orioles,Minnesota Twins,Final,Baltimore Orioles,Minnesota Twins,0.4871,0.5129,401816485,5,2,58-62,59-62,0.483,0.467,0.477,0.457,-0.23,-0.45,4.46,4.57,4.69,5.02,,,Brandon Young,Bailey Ober,4414339,3107919,2.0,regular-season,2026-08-11T23:40Z,7:40 PM ET
2026-08-11,Cincinnati Reds,Chicago White Sox,Final,Cincinnati Reds,Chicago White Sox,0.4261,0.5739,401816486,5,4,57-61,61-57,0.467,0.513,0.404,0.525,-0.99,0.25,4.17,4.68,5.15,4.43,,,Nick Lodolo,Sean Burke,42433,4867679,2.0,regular-season,2026-08-11T23:40Z,7:40 PM ET
2026-08-11,Philadelphia Phillies,St. Louis Cardinals,Final,St. Louis Cardinals,Philadelphia Phillies,0.5383,0.4617,401816487,0,2,64-57,60-60,0.553,0.497,0.521,0.496,0.21,-0.04,4.5,4.54,4.29,4.58,,,Cristopher Sanchez,Andre Pallante,42359,4109034,2.0,regular-season,2026-08-11T23:45Z,7:45 PM ET
2026-08-11,Texas Rangers,Los Angeles Angels,Final,Los Angeles Angels,Texas Rangers,0.6075,0.3925,401816493,2,3,60-60,46-74,0.493,0.38,0.469,0.448,-0.29,-0.49,4.16,4.07,4.45,4.56,,,Cody Bradford,Ryan Johnson,4142539,5007859,2.0,regular-season,2026-08-12T01:38Z,9:38 PM ET
2026-08-11,Colorado Rockies,Arizona Diamondbacks,Final,Colorado Rockies,Arizona Diamondbacks,0.2466,0.7534,401816488,3,2,47-73,64-57,0.367,0.53,0.402,0.502,-1.13,0.02,4.69,4.46,5.82,4.44,,,Tomoyuki Sugano,Mitch Bratt,4142423,5123768,2.0,regular-season,2026-08-12T01:40Z,9:40 PM ET
2026-08-11,Milwaukee Brewers,San Diego Padres,Final,San Diego Padres,Milwaukee Brewers,0.5057,0.4943,401816491,2,11,74-46,64-57,0.62,0.547,0.629,0.517,1.3,0.15,5.19,4.31,3.89,4.16,,,Kyle Harrison,Walker Buehler,4683375,39251,2.0,regular-season,2026-08-12T01:40Z,9:40 PM ET
2026-08-11,Tampa Bay Rays,Athletics,Final,Tampa Bay Rays,Tampa Bay Rays,0.7045,0.2955,401816492,12,4,73-46,47-73,0.604,0.407,0.549,0.379,0.46,-1.35,4.58,4.37,4.11,5.73,,,Nick Martinez,Mason Barnett,33372,4620704,2.0,regular-season,2026-08-12T01:40Z,9:40 PM ET
2026-08-11,Houston Astros,San Francisco Giants,Final,San Francisco Giants,Houston Astros,0.5646,0.4354,401816489,1,4,61-60,50-70,0.5,0.411,0.465,0.447,-0.35,-0.52,4.46,4.19,4.81,4.71,,,Hunter Brown,Carson Whisenhunt,4717803,4626232,2.0,regular-season,2026-08-12T01:45Z,9:45 PM ET
2026-08-11,Kansas City Royals,Los Angeles Dodgers,Final,Los Angeles Dodgers,Los Angeles Dodgers,0.2857,0.7143,401816490,4,5,49-72,72-48,0.44,0.607,0.437,0.619,-0.63,1.15,4.23,4.97,4.85,3.81,,,Michael Wacha,Blake Snell,32640,33748,2.0,regular-season,2026-08-12T02:10Z,10:10 PM ET
2026-08-12,Baltimore Orioles,Minnesota Twins,Final,Minnesota Twins,Minnesota Twins,0.4871,0.5129,401816500,5,7,58-63,60-62,0.483,0.467,0.477,0.457,-0.23,-0.45,4.46,4.57,4.69,5.02,,,Shane Baz,Zebby Matthews,39639,4791597,2.0,regular-season,2026-08-12T17:40Z,1:40 PM ET
2026-08-12,Philadelphia Phillies,St. Louis Cardinals,Final,St. Louis Cardinals,Philadelphia Phillies,0.5383,0.4617,401816502,1,7,64-58,61-60,0.553,0.497,0.521,0.496,0.21,-0.04,4.5,4.54,4.29,4.58,,,Zack Wheeler,Kyle Leahy,31267,5006093,2.0,regular-season,2026-08-12T18:15Z,2:15 PM ET
2026-08-12,Tampa Bay Rays,Athletics,Final,Tampa Bay Rays,Tampa Bay Rays,0.7045,0.2955,401816507,8,4,74-46,47-74,0.604,0.407,0.549,0.379,0.46,-1.35,4.58,4.37,4.11,5.73,,,Drew Rasmussen,Jack Perkins,42584,4418686,2.0,regular-season,2026-08-12T19:05Z,3:05 PM ET
2026-08-12,Colorado Rockies,Arizona Diamondbacks,Final,Colorado Rockies,Arizona Diamondbacks,0.2466,0.7534,401816503,6,4,48-73,64-58,0.367,0.53,0.402,0.502,-1.13,0.02,4.69,4.46,5.82,4.44,,,Ryan Feltner,Merrill Kelly,4019484,32968,2.0,regular-season,2026-08-12T19:40Z,3:40 PM ET
2026-08-12,Houston Astros,San Francisco Giants,Final,Houston Astros,Houston Astros,0.5646,0.4354,401816504,2,1,62-60,50-71,0.5,0.411,0.465,0.447,-0.35,-0.52,4.46,4.19,4.81,4.71,,,Bryan King,Adrian Houser,5201821,32157,2.0,regular-season,2026-08-12T19:45Z,3:45 PM ET
2026-08-12,Milwaukee Brewers,San Diego Padres,Final,San Diego Padres,Milwaukee Brewers,0.5057,0.4943,401816506,3,4,74-47,65-57,0.62,0.547,0.629,0.517,1.3,0.15,5.19,4.31,3.89,4.16,,,Dustin May,Robbie Ray,40937,32175,2.0,regular-season,2026-08-12T20:10Z,4:10 PM ET
2026-08-12,Cleveland Guardians,Detroit Tigers,Final,Cleveland Guardians,Cleveland Guardians,0.5223,0.4777,401816496,6,4,59-62,59-61,0.503,0.473,0.492,0.551,-0.07,0.47,4.09,4.48,4.17,4.01,,,Foster Griffin,Framber Valdez,33773,36581,2.0,regular-season,2026-08-12T22:40Z,6:40 PM ET
2026-08-12,Pittsburgh Pirates,Miami Marlins,Final,Miami Marlins,Miami Marlins,0.4522,0.5478,401816498,2,8,58-64,62-59,0.5,0.49,0.517,0.503,0.17,0.03,4.79,4.46,4.61,4.42,,,Carmen Mlodzinski,Janson Junk,4298378,4881980,2.0,regular-season,2026-08-12T22:40Z,6:40 PM ET
2026-08-12,Chicago Cubs,Washington Nationals,Final,Chicago Cubs,Chicago Cubs,0.5706,0.4294,401816495,12,6,71-50,59-63,0.556,0.464,0.588,0.502,0.94,0.02,5.34,5.11,4.4,5.09,,,David Peterson,Jackson Kent,40921,5007807,2.0,regular-season,2026-08-12T22:45Z,6:45 PM ET
2026-08-12,Seattle Mariners,New York Yankees,Final,New York Yankees,New York Yankees,0.3322,0.6678,401816499,5,10,56-65,68-52,0.464,0.58,0.458,0.595,-0.4,0.87,4.08,4.57,4.48,3.7,,,Bryce Miller,Will Warren,4654313,5132011,2.0,regular-season,2026-08-12T23:00Z,7:00 PM ET
2026-08-12,Boston Red Sox,Toronto Blue Jays,Final,Toronto Blue Jays,Boston Red Sox,0.5074,0.4926,401816494,4,6,64-56,59-63,0.547,0.497,0.565,0.477,0.59,-0.21,4.42,4.06,3.83,4.27,,,Ranger Suarez,Jose Soriano,39817,40973,2.0,regular-season,2026-08-12T23:07Z,7:07 PM ET
2026-08-12,New York Mets,Atlanta Braves,Final,Atlanta Braves,Atlanta Braves,0.3153,0.6847,401816497,3,6,53-69,73-48,0.46,0.583,0.476,0.58,-0.23,0.74,4.29,4.61,4.53,3.87,,,Zac Thornton,Tyler Mahle,5129576,34973,2.0,regular-season,2026-08-12T23:15Z,7:15 PM ET
2026-08-12,Cincinnati Reds,Chicago White Sox,Final,Chicago White Sox,Chicago White Sox,0.4261,0.5739,401816501,0,5,57-62,62-57,0.467,0.513,0.404,0.525,-0.99,0.25,4.17,4.68,5.15,4.43,,,Rhett Lowder,Luis Castillo,4758873,35124,2.0,regular-season,2026-08-12T23:40Z,7:40 PM ET
2026-08-12,Texas Rangers,Los Angeles Angels,Final,Los Angeles Angels,Texas Rangers,0.6075,0.3925,401816508,2,5,60-61,47-74,0.493,0.38,0.469,0.448,-0.29,-0.49,4.16,4.07,4.45,4.56,,,Cal Quantrill,George Klassen,39875,5134517,2.0,regular-season,2026-08-13T02:00Z,10:00 PM ET
2026-08-12,Kansas City Royals,Los Angeles Dodgers,Final,Los Angeles Dodgers,Los Angeles Dodgers,0.2857,0.7143,401816505,2,4,49-73,73-48,0.44,0.607,0.437,0.619,-0.63,1.15,4.23,4.97,4.85,3.81,,,Daniel Lynch IV,Eric Lauer,41227,39915,2.0,regular-season,2026-08-13T02:10Z,10:10 PM ET
2026-08-13,Cleveland Guardians,Detroit Tigers,Final,Detroit Tigers,Cleveland Guardians,0.5223,0.4777,401816511,0,3,59-63,60-61,0.503,0.473,0.492,0.551,-0.07,0.47,4.09,4.48,4.17,4.01,,,Parker Messick,Keider Montero,4619898,5182933,2.0,regular-season,2026-08-13T17:10Z,1:10 PM ET
2026-08-13,Pittsburgh Pirates,Miami Marlins,Final,Pittsburgh Pirates,Miami Marlins,0.4522,0.5478,401816512,13,1,59-64,62-60,0.5,0.49,0.517,0.503,0.17,0.03,4.79,4.46,4.61,4.42,,,Braxton Ashcraft,Tyler Phillips,41282,41247,2.0,regular-season,2026-08-13T17:10Z,1:10 PM ET
2026-08-13,Cincinnati Reds,Chicago White Sox,Final,Cincinnati Reds,Chicago White Sox,0.4261,0.5739,401816514,9,8,58-62,62-58,0.467,0.513,0.404,0.525,-0.99,0.25,4.17,4.68,5.15,4.43,,,Andrew Abbott,Davis Martin,4414528,42823,2.0,regular-season,2026-08-13T17:10Z,1:10 PM ET
2026-08-13,Seattle Mariners,New York Yankees,Final,Seattle Mariners,New York Yankees,0.3322,0.6678,401816513,1,0,57-65,68-53,0.464,0.58,0.458,0.595,-0.4,0.87,4.08,4.57,4.48,3.7,,,Logan Gilbert,Max Fried,41221,32685,2.0,regular-season,2026-08-13T17:35Z,1:35 PM ET
2026-08-13,Boston Red Sox,Toronto Blue Jays,Final,Boston Red Sox,Boston Red Sox,0.5074,0.4926,401816509,7,0,65-56,59-64,0.547,0.497,0.565,0.477,0.59,-0.21,4.42,4.06,3.83,4.27,,,Payton Tolle,Max Scherzer,4966140,28976,2.0,regular-season,2026-08-13T19:07Z,3:07 PM ET
2026-08-13,Chicago Cubs,Washington Nationals,Final,Washington Nationals,Chicago Cubs,0.5706,0.4294,401816510,0,7,71-51,60-63,0.556,0.464,0.588,0.502,0.94,0.02,5.34,5.11,4.4,5.09,,,Kevin Gausman,Cade Cavalli,32667,4308037,2.0,regular-season,2026-08-13T20:05Z,4:05 PM ET
2026-08-13,Philadelphia Phillies,Minnesota Twins,Final,Philadelphia Phillies,Philadelphia Phillies,0.5809,0.4191,401816525,7,1,65-58,60-63,0.553,0.467,0.521,0.457,0.21,-0.45,4.5,4.57,4.29,5.02,,,Aaron Nola,Taj Bradley,33709,42480,2.0,regular-season,2026-08-13T23:30Z,7:30 PM ET
2026-08-13,Texas Rangers,Los Angeles Angels,Final,Los Angeles Angels,Texas Rangers,0.6075,0.3925,401816516,0,7,60-62,48-74,0.493,0.38,0.469,0.448,-0.29,-0.49,4.16,4.07,4.45,4.56,,,Jacob deGrom,Walbert Urena,32796,5197476,2.0,regular-season,2026-08-14T02:07Z,10:07 PM ET
2026-08-13,Milwaukee Brewers,Los Angeles Dodgers,Final,Milwaukee Brewers,Los Angeles Dodgers,0.4622,0.5378,401816515,5,4,75-47,73-49,0.62,0.607,0.629,0.619,1.3,1.15,5.19,4.97,3.89,3.81,,,Shane Drohan,Roki Sasaki,4315203,5134638,2.0,regular-season,2026-08-14T02:10Z,10:10 PM ET
2026-08-14,St. Louis Cardinals,Chicago Cubs,Final,Chicago Cubs,Chicago Cubs,0.4266,0.5734,401816527,0,3,61-61,72-51,0.497,0.556,0.496,0.588,-0.04,0.94,4.54,5.34,4.58,4.4,,,Matthew Liberatore,Clay Holmes,41173,32827,2.0,regular-season,2026-08-14T18:20Z,2:20 PM ET
2026-08-14,Miami Marlins,Cincinnati Reds,Final,Cincinnati Reds,Cincinnati Reds,0.4728,0.5272,401816521,0,1,62-61,59-62,0.49,0.467,0.503,0.404,0.03,-0.99,4.46,4.17,4.42,5.15,,,Sandy Alcantara,Chase Burns,35241,4927516,2.0,regular-season,2026-08-14T22:10Z,6:10 PM ET
2026-08-14,Boston Red Sox,Pittsburgh Pirates,Final,Pittsburgh Pirates,Boston Red Sox,0.5472,0.4528,401816519,4,8,65-57,60-64,0.547,0.5,0.565,0.517,0.59,0.17,4.42,4.79,3.83,4.61,,,Jake Bennett,Bubba Chandler,4654024,4683325,2.0,regular-season,2026-08-14T22:40Z,6:40 PM ET
2026-08-14,Chicago White Sox,Detroit Tigers,Final,Chicago White Sox,Chicago White Sox,0.5005,0.4995,401816520,9,5,63-58,60-62,0.513,0.473,0.525,0.551,0.25,0.47,4.68,4.48,4.43,4.01,,,Sean Newcomb,Jackson Jobe,33856,4872647,2.0,regular-season,2026-08-14T22:40Z,6:40 PM ET
2026-08-14,Baltimore Orioles,Tampa Bay Rays,Final,Baltimore Orioles,Tampa Bay Rays,0.308,0.692,401816518,6,5,59-63,74-47,0.483,0.604,0.477,0.549,-0.23,0.46,4.46,4.58,4.69,4.11,,,Kyle Bradish,Steven Matz,4311625,33106,2.0,regular-season,2026-08-14T23:10Z,7:10 PM ET
2026-08-14,San Diego Padres,Cleveland Guardians,Final,San Diego Padres,San Diego Padres,0.5063,0.4937,401816523,7,5,66-57,59-64,0.547,0.503,0.517,0.492,0.15,-0.07,4.31,4.09,4.16,4.17,,,Michael King,Gavin Williams,40429,4345076,2.0,regular-season,2026-08-14T23:10Z,7:10 PM ET
2026-08-14,Washington Nationals,New York Mets,Final,New York Mets,New York Mets,0.4149,0.5851,401816524,1,4,60-64,54-69,0.464,0.46,0.502,0.476,0.02,-0.23,5.11,4.29,5.09,4.53,,,Andrew Alvarez,Robert Stock,4300668,30577,2.0,regular-season,2026-08-14T23:10Z,7:10 PM ET
2026-08-14,Arizona Diamondbacks,Atlanta Braves,Final,Arizona Diamondbacks,Atlanta Braves,0.3944,0.6056,401816517,2,0,65-58,73-49,0.53,0.583,0.502,0.58,0.02,0.74,4.46,4.61,4.44,3.87,,,Brandon Pfaadt,Chris Sale,4721302,30948,2.0,regular-season,2026-08-14T23:15Z,7:15 PM ET
2026-08-14,New York Yankees,Toronto Blue Jays,Final,Toronto Blue Jays,New York Yankees,0.5442,0.4558,401816522,1,3,68-54,60-64,0.58,0.497,0.595,0.477,0.87,-0.21,4.57,4.06,3.7,4.27,,,Gerrit Cole,Shane Bieber,32081,40912,2.0,regular-season,2026-08-14T23:15Z,7:15 PM ET
2026-08-14,Seattle Mariners,Houston Astros,Final,Houston Astros,Houston Astros,0.432,0.568,401816526,7,10,57-66,63-60,0.464,0.5,0.458,0.465,-0.4,-0.35,4.08,4.46,4.48,4.81,,,George Kirby,Peter Lambert,42406,39898,2.0,regular-season,2026-08-15T00:10Z,8:10 PM ET
2026-08-14,Kansas City Royals,Los Angeles Angels,Final,Kansas City Royals,Kansas City Royals,0.5317,0.4683,401816529,7,6,50-73,48-75,0.44,0.38,0.437,0.448,-0.63,-0.49,4.23,4.07,4.85,4.56,,,Seth Lugo,Grayson Rodriguez,34873,41196,2.0,regular-season,2026-08-15T01:38Z,9:38 PM ET
2026-08-14,Texas Rangers,Athletics,Final,Athletics,Texas Rangers,0.5873,0.4127,401816531,3,8,60-63,48-74,0.493,0.407,0.469,0.379,-0.29,-1.35,4.16,4.37,4.45,5.73,,,Kumar Rocker,Gage Jump,4414525,5023852,2.0,regular-season,2026-08-15T01:40Z,9:40 PM ET
2026-08-14,Milwaukee Brewers,Los Angeles Dodgers,Final,Los Angeles Dodgers,Los Angeles Dodgers,0.4622,0.5378,401816530,1,3,75-48,74-49,0.62,0.607,0.629,0.619,1.3,1.15,5.19,4.97,3.89,3.81,,,Robert Gasser,Yoshinobu Yamamoto,4918251,4872587,2.0,regular-season,2026-08-15T02:10Z,10:10 PM ET
2026-08-14,Colorado Rockies,San Francisco Giants,Final,Colorado Rockies,San Francisco Giants,0.372,0.628,401816528,5,2,49-73,50-72,0.367,0.411,0.402,0.447,-1.13,-0.52,4.69,4.19,5.82,4.71,,,Kyle Freeland,Landen Roupp,33839,4345404,2.0,regular-season,2026-08-15T02:15Z,10:15 PM ET
2026-08-15,Chicago White Sox,Detroit Tigers,Final,Chicago White Sox,Chicago White Sox,0.5005,0.4995,401816535,4,3,64-58,60-63,0.513,0.473,0.525,0.551,0.25,0.47,4.68,4.48,4.43,4.01,,,Anthony Kay,Troy Melton,40947,5294127,2.0,regular-season,2026-08-15T17:10Z,1:10 PM ET
2026-08-15,St. Louis Cardinals,Chicago Cubs,Final,St. Louis Cardinals,Chicago Cubs,0.4266,0.5734,401816542,8,4,62-61,72-52,0.497,0.556,0.496,0.588,-0.04,0.94,4.54,5.34,4.58,4.4,,,Michael McGreevy,Matthew Boyd,4424141,34401,2.0,regular-season,2026-08-15T18:20Z,2:20 PM ET
2026-08-15,New York Yankees,Toronto Blue Jays,Final,Toronto Blue Jays,New York Yankees,0.5442,0.4558,401816537,1,4,68-55,61-64,0.58,0.497,0.595,0.477,0.87,-0.21,4.57,4.06,3.7,4.27,,,Cam Schlittler,Braydon Fisher,5134581,41318,2.0,regular-season,2026-08-15T19:07Z,3:07 PM ET
2026-08-15,Colorado Rockies,San Francisco Giants,Final,San Francisco Giants,San Francisco Giants,0.372,0.628,401816543,1,7,49-74,51-72,0.367,0.411,0.402,0.447,-1.13,-0.52,4.69,4.19,5.82,4.71,,,Michael Lorenzen,Logan Webb,33252,41216,2.0,regular-season,2026-08-15T20:05Z,4:05 PM ET
2026-08-15,Washington Nationals,New York Mets,Final,New York Mets,New York Mets,0.4149,0.5851,401816539,4,5,60-65,55-69,0.464,0.46,0.502,0.476,0.02,-0.23,5.11,4.29,5.09,4.53,,,Brad Lord,Sean Manaea,4866810,33244,2.0,regular-season,2026-08-15T20:10Z,4:10 PM ET
2026-08-15,Baltimore Orioles,Tampa Bay Rays,Final,Baltimore Orioles,Tampa Bay Rays,0.308,0.692,401816533,4,3,60-63,74-48,0.483,0.604,0.477,0.549,-0.23,0.46,4.46,4.58,4.69,4.11,,,Kyle Bradish,Ian Seymour,4311625,4669425,2.0,regular-season,2026-08-15T22:10Z,6:10 PM ET
2026-08-15,Miami Marlins,Cincinnati Reds,Final,Miami Marlins,Cincinnati Reds,0.4728,0.5272,401816536,8,4,63-61,59-63,0.49,0.467,0.503,0.404,0.03,-0.99,4.46,4.17,4.42,5.15,,,Ryan Gusto,Brady Singer,5131986,41172,2.0,regular-season,2026-08-15T22:40Z,6:40 PM ET
2026-08-15,San Diego Padres,Cleveland Guardians,Final,Cleveland Guardians,San Diego Padres,0.5063,0.4937,401816538,1,6,66-58,60-64,0.547,0.503,0.517,0.492,0.15,-0.07,4.31,4.09,4.16,4.17,,,Wandy Peralta,Joey Cantillo,36036,42488,2.0,regular-season,2026-08-15T23:10Z,7:10 PM ET
2026-08-15,Philadelphia Phillies,Minnesota Twins,Final,Philadelphia Phillies,Philadelphia Phillies,0.5809,0.4191,401816540,9,1,66-58,60-64,0.553,0.467,0.521,0.457,0.21,-0.45,4.5,4.57,4.29,5.02,,,Jesus Luzardo,Connor Prielipp,39667,4620001,2.0,regular-season,2026-08-15T23:10Z,7:10 PM ET
2026-08-15,Seattle Mariners,Houston Astros,Final,Seattle Mariners,Houston Astros,0.432,0.568,401816541,10,5,58-66,63-61,0.464,0.5,0.458,0.465,-0.4,-0.35,4.08,4.46,4.48,4.81,,,Emerson Hancock,Hayden Wesneski,4297897,42996,2.0,regular-season,2026-08-15T23:10Z,7:10 PM ET
2026-08-15,Arizona Diamondbacks,Atlanta Braves,Final,Arizona Diamondbacks,Atlanta Braves,0.3944,0.6056,401816532,10,3,66-58,73-50,0.53,0.583,0.502,0.58,0.02,0.74,4.46,4.61,4.44,3.87,,,Eduardo Rodriguez,Grant Holmes,32675,33840,2.0,regular-season,2026-08-15T23:15Z,7:15 PM ET
2026-08-15,Boston Red Sox,Pittsburgh Pirates,Final,Boston Red Sox,Boston Red Sox,0.5472,0.4528,401816534,4,0,66-57,60-65,0.547,0.5,0.565,0.517,0.59,0.17,4.42,4.79,3.83,4.61,,,Sonny Gray,Jared Jones,32082,4918156,2.0,regular-season,2026-08-15T23:15Z,7:15 PM ET
2026-08-15,Milwaukee Brewers,Los Angeles Dodgers,Final,Milwaukee Brewers,Los Angeles Dodgers,0.4622,0.5378,401816545,4,1,76-48,74-50,0.62,0.607,0.629,0.619,1.3,1.15,5.19,4.97,3.89,3.81,,,Jacob Misiorowski,Justin Wrobleski,5080761,4417203,2.0,regular-season,2026-08-15T23:15Z,7:15 PM ET
2026-08-15,Kansas City Royals,Los Angeles Angels,Final,Los Angeles Angels,Kansas City Royals,0.5317,0.4683,401816544,0,1,50-74,49-75,0.44,0.38,0.437,0.448,-0.63,-0.49,4.23,4.07,4.85,4.56,,,Randy Dobnak,Reid Detmers,42214,4326697,2.0,regular-season,2026-08-16T01:38Z,9:38 PM ET
2026-08-15,Texas Rangers,Athletics,Final,Texas Rangers,Texas Rangers,0.5873,0.4127,401816546,5,3,61-63,48-75,0.493,0.407,0.469,0.379,-0.29,-1.35,4.16,4.37,4.45,5.73,,,MacKenzie Gore,J.T. Ginn,39636,4414002,2.0,regular-season,2026-08-16T01:40Z,9:40 PM ET
2026-08-16,Baltimore Orioles,Tampa Bay Rays,Final,Baltimore Orioles,Tampa Bay Rays,0.308,0.692,401816548,10,2,61-63,74-49,0.483,0.604,0.477,0.549,-0.23,0.46,4.46,4.58,4.69,4.11,,,Trevor Rogers,Freddy Peralta,39640,39825,2.0,regular-season,2026-08-16T16:15Z,12:15 PM ET
2026-08-16,Arizona Diamondbacks,Atlanta Braves,Final,Atlanta Braves,Atlanta Braves,0.3944,0.6056,401816547,3,5,66-59,74-50,0.53,0.583,0.502,0.58,0.02,0.74,4.46,4.61,4.44,3.87,,,Michael Soroka,Bryce Elder,34984,4301067,2.0,regular-season,2026-08-16T17:35Z,1:35 PM ET
2026-08-16,Boston Red Sox,Pittsburgh Pirates,Final,Pittsburgh Pirates,Boston Red Sox,0.5472,0.4528,401816549,3,8,66-58,61-65,0.547,0.5,0.565,0.517,0.59,0.17,4.42,4.79,3.83,4.61,,,Patrick Sandoval,Lake Bachar,40975,42592,2.0,regular-season,2026-08-16T17:35Z,1:35 PM ET
2026-08-16,New York Yankees,Toronto Blue Jays,Final,New York Yankees,New York Yankees,0.5442,0.4558,401816552,4,3,69-55,61-65,0.58,0.497,0.595,0.477,0.87,-0.21,4.57,4.06,3.7,4.27,,,Ryan Weathers,Dylan Cease,41178,34943,2.0,regular-season,2026-08-16T17:37Z,1:37 PM ET
2026-08-16,Chicago White Sox,Detroit Tigers,Final,Chicago White Sox,Chicago White Sox,0.5005,0.4995,401816550,7,5,65-58,60-64,0.513,0.473,0.525,0.551,0.25,0.47,4.68,4.48,4.43,4.01,,,Sean Burke,Drew Anderson,4867679,41125,2.0,regular-season,2026-08-16T17:40Z,1:40 PM ET
2026-08-16,Miami Marlins,Cincinnati Reds,Final,Miami Marlins,Cincinnati Reds,0.4728,0.5272,401816551,7,1,64-61,59-64,0.49,0.467,0.503,0.404,0.03,-0.99,4.46,4.17,4.42,5.15,,,Eury Perez,Nick Lodolo,4917854,42433,2.0,regular-season,2026-08-16T17:40Z,1:40 PM ET
2026-08-16,San Diego Padres,Cleveland Guardians,Final,San Diego Padres,San Diego Padres,0.5063,0.4937,401816553,5,0,67-58,60-65,0.547,0.503,0.517,0.492,0.15,-0.07,4.31,4.09,4.16,4.17,,,Casey Mize,Tanner Bibee,41167,4345278,2.0,regular-season,2026-08-16T17:40Z,1:40 PM ET
2026-08-16,Washington Nationals,New York Mets,Final,New York Mets,New York Mets,0.4149,0.5851,401816554,3,4,60-66,56-69,0.464,0.46,0.502,0.476,0.02,-0.23,5.11,4.29,5.09,4.53,,,Jake Irvin,Christian Scott,41290,4414215,2.0,regular-season,2026-08-16T17:40Z,1:40 PM ET
2026-08-16,Philadelphia Phillies,Minnesota Twins,Final,Philadelphia Phillies,Philadelphia Phillies,0.5809,0.4191,401816555,7,5,67-58,60-65,0.553,0.467,0.521,0.457,0.21,-0.45,4.5,4.57,4.29,5.02,,,Andrew Painter,Dean Kremer,4872683,38295,2.0,regular-season,2026-08-16T18:10Z,2:10 PM ET
2026-08-16,St. Louis Cardinals,Chicago Cubs,Final,St. Louis Cardinals,Chicago Cubs,0.4266,0.5734,401816557,11,4,63-61,72-53,0.497,0.556,0.496,0.588,-0.04,0.94,4.54,5.34,4.58,4.4,,,Hunter Dobbins,Edward Cabrera,4415836,40944,2.0,regular-season,2026-08-16T19:00Z,3:00 PM ET
2026-08-16,Colorado Rockies,San Francisco Giants,Final,Colorado Rockies,San Francisco Giants,0.372,0.628,401816558,13,7,50-74,51-73,0.367,0.411,0.402,0.447,-1.13,-0.52,4.69,4.19,5.82,4.71,,,Gabriel Hughes,Blade Tidwell,4634930,4719088,2.0,regular-season,2026-08-16T20:05Z,4:05 PM ET
2026-08-16,Texas Rangers,Athletics,Final,Athletics,Texas Rangers,0.5873,0.4127,401816561,2,5,61-64,49-75,0.493,0.407,0.469,0.379,-0.29,-1.35,4.16,4.37,4.45,5.73,,,Cody Bradford,Jacob Lopez,4142539,42239,2.0,regular-season,2026-08-16T20:05Z,4:05 PM ET
2026-08-16,Kansas City Royals,Los Angeles Angels,Final,Kansas City Royals,Kansas City Royals,0.5317,0.4683,401816559,3,0,51-74,49-76,0.44,0.38,0.437,0.448,-0.63,-0.49,4.23,4.07,4.85,4.56,,,Noah Cameron,Ryan Johnson,4417208,5007859,2.0,regular-season,2026-08-16T20:07Z,4:07 PM ET
2026-08-16,Milwaukee Brewers,Los Angeles Dodgers,Final,Milwaukee Brewers,Los Angeles Dodgers,0.4622,0.5378,401816560,6,2,77-48,74-51,0.62,0.607,0.629,0.619,1.3,1.15,5.19,4.97,3.89,3.81,,,Logan Henderson,Tarik Skubal,4917878,42409,2.0,regular-season,2026-08-16T20:10Z,4:10 PM ET
2026-08-16,Seattle Mariners,Houston Astros,Final,Seattle Mariners,Houston Astros,0.432,0.568,401816556,3,2,59-66,63-62,0.464,0.5,0.458,0.465,-0.4,-0.35,4.08,4.46,4.48,4.81,,,Bryan Woo,Hunter Brown,4629089,4717803,2.0,regular-season,2026-08-16T23:20Z,7:20 PM ET
2026-08-17,St. Louis Cardinals,Cincinnati Reds,Final,St. Louis Cardinals,Cincinnati Reds,0.4775,0.5225,401873710,2,1,64-61,59-65,0.497,0.467,0.496,0.404,-0.04,-0.99,4.54,4.17,4.58,5.15,,,Quinn Mathews,Kent Emanuel,4837405,39527,2.0,regular-season,2026-08-17T17:40Z,1:40 PM ET
2026-08-17,Baltimore Orioles,Tampa Bay Rays,Final,Tampa Bay Rays,Tampa Bay Rays,0.308,0.692,401816563,6,7,61-64,75-49,0.483,0.604,0.477,0.549,-0.23,0.46,4.46,4.58,4.69,4.11,,,Brandon Young,Shane McClanahan,4414339,41199,2.0,regular-season,2026-08-17T22:05Z,6:05 PM ET
2026-08-17,Miami Marlins,Philadelphia Phillies,Final,Philadelphia Phillies,Philadelphia Phillies,0.3763,0.6237,401816565,5,6,64-62,68-58,0.49,0.553,0.503,0.521,0.03,0.21,4.46,4.5,4.42,4.29,,,Janson Junk,Cristopher Sanchez,4881980,42359,2.0,regular-season,2026-08-17T22:40Z,6:40 PM ET
2026-08-17,Detroit Tigers,Pittsburgh Pirates,Final,Detroit Tigers,Pittsburgh Pirates,0.4413,0.5587,401816564,8,5,61-64,61-66,0.473,0.5,0.551,0.517,0.47,0.17,4.48,4.79,4.01,4.61,,,Framber Valdez,Carmen Mlodzinski,36581,4298378,2.0,regular-season,2026-08-17T23:00Z,7:00 PM ET
2026-08-17,Arizona Diamondbacks,Boston Red Sox,Final,Boston Red Sox,Boston Red Sox,0.4314,0.5686,401816562,1,11,66-60,67-58,0.53,0.547,0.502,0.565,0.02,0.59,4.46,4.42,4.44,3.83,,,Mitch Bratt,Alec Gamboa,5123768,5200550,2.0,regular-season,2026-08-17T23:10Z,7:10 PM ET
2026-08-17,San Diego Padres,New York Mets,Final,New York Mets,San Diego Padres,0.5774,0.4226,401816566,1,2,67-59,57-69,0.547,0.46,0.517,0.476,0.15,-0.23,4.31,4.29,4.16,4.53,,,Walker Buehler,Nolan McLean,39251,4433874,2.0,regular-season,2026-08-17T23:10Z,7:10 PM ET
2026-08-17,Athletics,Kansas City Royals,Final,Kansas City Royals,Kansas City Royals,0.407,0.593,401816568,5,9,49-76,52-74,0.407,0.44,0.379,0.437,-1.35,-0.63,4.37,4.23,5.73,4.85,,,Mason Barnett,Michael Wacha,4620704,32640,2.0,regular-season,2026-08-17T23:40Z,7:40 PM ET
2026-08-17,Atlanta Braves,Minnesota Twins,Final,Minnesota Twins,Atlanta Braves,0.6156,0.3844,401816581,2,4,74-51,61-65,0.583,0.467,0.58,0.457,0.74,-0.45,4.61,4.57,3.87,5.02,,,Martin Perez,Bailey Ober,31098,3107919,2.0,regular-season,2026-08-17T23:40Z,7:40 PM ET
2026-08-17,Chicago White Sox,Chicago Cubs,Final,Chicago Cubs,Chicago Cubs,0.4401,0.5599,401816569,5,7,65-59,73-53,0.513,0.556,0.525,0.588,0.25,0.94,4.68,5.34,4.43,4.4,,,Luis Castillo,Shota Imanaga,35124,5134630,2.0,regular-season,2026-08-18T00:05Z,8:05 PM ET
2026-08-17,Los Angeles Dodgers,Colorado Rockies,Final,Los Angeles Dodgers,Los Angeles Dodgers,0.7485,0.2515,401816570,11,5,75-51,50-75,0.607,0.367,0.619,0.402,1.15,-1.13,4.97,4.69,3.81,5.82,,,Blake Snell,Tomoyuki Sugano,33748,4142423,2.0,regular-season,2026-08-18T00:40Z,8:40 PM ET
2026-08-18,New York Yankees,Baltimore Orioles,Final,New York Yankees,New York Yankees,0.5869,0.4131,401816574,3,1,70-55,61-65,0.58,0.483,0.595,0.477,0.87,-0.23,4.57,4.46,3.7,4.69,,,Carlos Rodon,Shane Baz,33696,39639,2.0,regular-season,2026-08-18T22:35Z,6:35 PM ET
2026-08-18,Detroit Tigers,Pittsburgh Pirates,Final,Pittsburgh Pirates,Pittsburgh Pirates,0.4413,0.5587,401816572,1,4,61-65,62-66,0.473,0.5,0.551,0.517,0.47,0.17,4.48,4.79,4.01,4.61,,,Keider Montero,Braxton Ashcraft,5182933,41282,2.0,regular-season,2026-08-18T22:40Z,6:40 PM ET
2026-08-18,Miami Marlins,Philadelphia Phillies,Final,Philadelphia Phillies,Philadelphia Phillies,0.3763,0.6237,401816573,4,6,64-63,69-58,0.49,0.553,0.503,0.521,0.03,0.21,4.46,4.5,4.42,4.29,,,Cade Gibson,Zack Wheeler,5273591,31267,2.0,regular-season,2026-08-18T22:40Z,6:40 PM ET
2026-08-18,San Francisco Giants,Cleveland Guardians,Final,Cleveland Guardians,Cleveland Guardians,0.3317,0.6683,401816576,1,8,51-74,61-65,0.411,0.503,0.447,0.492,-0.52,-0.07,4.19,4.09,4.71,4.17,,,Carson Whisenhunt,Foster Griffin,4626232,33773,2.0,regular-season,2026-08-18T22:40Z,6:40 PM ET
2026-08-18,St. Louis Cardinals,Cincinnati Reds,Final,St. Louis Cardinals,Cincinnati Reds,0.4775,0.5225,401816577,3,0,65-62,60-66,0.497,0.467,0.496,0.404,-0.04,-0.99,4.54,4.17,4.58,5.15,,,Kyle Leahy,Andrew Abbott,5006093,4414528,2.0,regular-season,2026-08-18T22:40Z,6:40 PM ET
2026-08-18,Toronto Blue Jays,Tampa Bay Rays,Final,Toronto Blue Jays,Tampa Bay Rays,0.3463,0.6537,401816578,10,5,62-65,75-50,0.497,0.604,0.477,0.549,-0.21,0.46,4.06,4.58,4.27,4.11,,,Jose Soriano,Nick Martinez,40973,33372,2.0,regular-season,2026-08-18T22:40Z,6:40 PM ET
2026-08-18,Arizona Diamondbacks,Boston Red Sox,Final,Boston Red Sox,Boston Red Sox,0.4314,0.5686,401816571,4,9,66-61,68-58,0.53,0.547,0.502,0.565,0.02,0.59,4.46,4.42,4.44,3.83,,,Merrill Kelly,Ranger Suarez,32968,39817,2.0,regular-season,2026-08-18T23:10Z,7:10 PM ET
2026-08-18,San Diego Padres,New York Mets,Final,San Diego Padres,San Diego Padres,0.5774,0.4226,401816575,5,2,68-59,57-70,0.547,0.46,0.517,0.476,0.15,-0.23,4.31,4.29,4.16,4.53,,,Robbie Ray,Zac Thornton,32175,5129576,2.0,regular-season,2026-08-18T23:10Z,7:10 PM ET
2026-08-18,Athletics,Kansas City Royals,Final,Kansas City Royals,Kansas City Royals,0.407,0.593,401816580,3,4,49-77,53-74,0.407,0.44,0.379,0.437,-1.35,-0.63,4.37,4.23,5.73,4.85,,,Jack Perkins,Daniel Lynch IV,4418686,41227,2.0,regular-season,2026-08-18T23:40Z,7:40 PM ET
2026-08-18,Seattle Mariners,Milwaukee Brewers,Final,Milwaukee Brewers,Milwaukee Brewers,0.3181,0.6819,401816583,0,22,59-67,78-48,0.464,0.62,0.458,0.629,-0.4,1.3,4.08,5.19,4.48,3.89,,,Bryce Miller,Kyle Harrison,4654313,4683375,2.0,regular-season,2026-08-18T23:40Z,7:40 PM ET
2026-08-18,Atlanta Braves,Minnesota Twins,Final,Minnesota Twins,Atlanta Braves,0.6156,0.3844,401816596,1,4,74-52,62-65,0.583,0.467,0.58,0.457,0.74,-0.45,4.61,4.57,3.87,5.02,,,Tyler Mahle,Zebby Matthews,34973,4791597,2.0,regular-season,2026-08-18T23:40Z,7:40 PM ET
2026-08-18,Chicago White Sox,Chicago Cubs,Final,Chicago Cubs,Chicago Cubs,0.4401,0.5599,401816582,3,4,65-60,74-53,0.513,0.556,0.525,0.588,0.25,0.94,4.68,5.34,4.43,4.4,,,Bryan Hudson,Kevin Gausman,4991171,32667,2.0,regular-season,2026-08-19T00:05Z,8:05 PM ET
2026-08-18,Washington Nationals,Texas Rangers,Final,Texas Rangers,Texas Rangers,0.3642,0.6358,401816584,0,5,60-67,62-64,0.464,0.493,0.502,0.469,0.02,-0.29,5.11,4.16,5.09,4.45,,,Jackson Kent,Cal Quantrill,5007807,39875,2.0,regular-season,2026-08-19T00:05Z,8:05 PM ET
2026-08-18,Los Angeles Angels,Houston Astros,Final,Los Angeles Angels,Houston Astros,0.3239,0.6761,401816579,3,1,50-76,63-63,0.38,0.5,0.448,0.465,-0.49,-0.35,4.07,4.46,4.56,4.81,,,George Klassen,Cristian Javier,5134517,41261,2.0,regular-season,2026-08-19T00:10Z,8:10 PM ET
2026-08-18,Los Angeles Dodgers,Colorado Rockies,Final,Los Angeles Dodgers,Los Angeles Dodgers,0.7485,0.2515,401816585,7,6,76-51,50-76,0.607,0.367,0.619,0.402,1.15,-1.13,4.97,4.69,3.81,5.82,,,Eric Lauer,Ryan Feltner,39915,4019484,2.0,regular-season,2026-08-19T00:40Z,8:40 PM ET
2026-08-19,Detroit Tigers,Pittsburgh Pirates,Final,Pittsburgh Pirates,Pittsburgh Pirates,0.4413,0.5587,401816587,3,4,61-66,63-66,0.473,0.5,0.551,0.517,0.47,0.17,4.48,4.79,4.01,4.61,,,Jackson Jobe,Paul Skenes,4872647,4719507,2.0,regular-season,2026-08-19T16:35Z,12:35 PM ET
2026-08-19,San Diego Padres,New York Mets,Final,New York Mets,San Diego Padres,0.5774,0.4226,401816590,2,4,68-60,58-70,0.547,0.46,0.517,0.476,0.15,-0.23,4.31,4.29,4.16,4.53,,,Michael King,Robert Stock,40429,30577,2.0,regular-season,2026-08-19T17:10Z,1:10 PM ET
2026-08-19,Atlanta Braves,Minnesota Twins,Final,Minnesota Twins,Atlanta Braves,0.6156,0.3844,401816607,4,6,74-53,63-65,0.583,0.467,0.58,0.457,0.74,-0.45,4.61,4.57,3.87,5.02,,,AJ Smith-Shawver,Taj Bradley,4917640,42480,2.0,regular-season,2026-08-19T17:40Z,1:40 PM ET
2026-08-19,Chicago White Sox,Chicago Cubs,Final,Chicago White Sox,Chicago Cubs,0.4401,0.5599,401816597,3,0,66-60,74-54,0.513,0.556,0.525,0.588,0.25,0.94,4.68,5.34,4.43,4.4,,,Sean Newcomb,Clay Holmes,33856,32827,2.0,regular-season,2026-08-19T18:20Z,2:20 PM ET
2026-08-19,Arizona Diamondbacks,Boston Red Sox,Final,Arizona Diamondbacks,Boston Red Sox,0.4314,0.5686,401816586,7,6,67-61,68-59,0.53,0.547,0.502,0.565,0.02,0.59,4.46,4.42,4.44,3.83,,,Brandon Pfaadt,Payton Tolle,4721302,4966140,2.0,regular-season,2026-08-19T20:10Z,4:10 PM ET
2026-08-19,Miami Marlins,Philadelphia Phillies,Final,Philadelphia Phillies,Philadelphia Phillies,0.3763,0.6237,401816588,1,4,64-64,70-58,0.49,0.553,0.503,0.521,0.03,0.21,4.46,4.5,4.42,4.29,,,Sandy Alcantara,Aaron Nola,35241,33709,2.0,regular-season,2026-08-19T22:05Z,6:05 PM ET
2026-08-19,New York Yankees,Baltimore Orioles,Final,New York Yankees,New York Yankees,0.5869,0.4131,401816589,5,3,71-55,61-66,0.58,0.483,0.595,0.477,0.87,-0.23,4.57,4.46,3.7,4.69,,,Will Warren,Chris Bassitt,5132011,33148,2.0,regular-season,2026-08-19T22:35Z,6:35 PM ET
2026-08-19,San Francisco Giants,Cleveland Guardians,Final,San Francisco Giants,Cleveland Guardians,0.3317,0.6683,401816591,1,0,52-74,61-66,0.411,0.503,0.447,0.492,-0.52,-0.07,4.19,4.09,4.71,4.17,,,Matt Wilkinson,Parker Messick,5339226,4619898,2.0,regular-season,2026-08-19T22:40Z,6:40 PM ET
2026-08-19,St. Louis Cardinals,Cincinnati Reds,Final,Cincinnati Reds,Cincinnati Reds,0.4775,0.5225,401816592,4,5,65-63,61-66,0.497,0.467,0.496,0.404,-0.04,-0.99,4.54,4.17,4.58,5.15,,,Matthew Liberatore,Chase Burns,41173,4927516,2.0,regular-season,2026-08-19T22:40Z,6:40 PM ET
2026-08-19,Toronto Blue Jays,Tampa Bay Rays,Final,Tampa Bay Rays,Tampa Bay Rays,0.3463,0.6537,401816593,6,7,62-66,76-50,0.497,0.604,0.477,0.549,-0.21,0.46,4.06,4.58,4.27,4.11,,,Max Scherzer,Drew Rasmussen,28976,42584,2.0,regular-season,2026-08-19T22:40Z,6:40 PM ET
2026-08-19,Athletics,Kansas City Royals,Final,Kansas City Royals,Kansas City Royals,0.407,0.593,401816595,7,9,49-78,54-74,0.407,0.44,0.379,0.437,-1.35,-0.63,4.37,4.23,5.73,4.85,,,Jeffrey Springs,Seth Lugo,35397,34873,2.0,regular-season,2026-08-19T23:40Z,7:40 PM ET
2026-08-19,Seattle Mariners,Milwaukee Brewers,Final,Seattle Mariners,Milwaukee Brewers,0.3181,0.6819,401816598,7,5,60-67,78-49,0.464,0.62,0.458,0.629,-0.4,1.3,4.08,5.19,4.48,3.89,,,Logan Gilbert,Dustin May,41221,40937,2.0,regular-season,2026-08-19T23:40Z,7:40 PM ET
2026-08-19,Washington Nationals,Texas Rangers,Final,Washington Nationals,Texas Rangers,0.3642,0.6358,401816599,6,0,61-67,62-65,0.464,0.493,0.502,0.469,0.02,-0.29,5.11,4.16,5.09,4.45,,,Cade Cavalli,Kumar Rocker,4308037,4414525,2.0,regular-season,2026-08-20T00:05Z,8:05 PM ET
2026-08-19,Los Angeles Angels,Houston Astros,Final,Houston Astros,Houston Astros,0.3239,0.6761,401816594,2,3,50-77,64-63,0.38,0.5,0.448,0.465,-0.49,-0.35,4.07,4.46,4.56,4.81,,,Walbert Urena,Ethan Pecko,5197476,4944276,2.0,regular-season,2026-08-20T00:10Z,8:10 PM ET
2026-08-19,Los Angeles Dodgers,Colorado Rockies,Final,Los Angeles Dodgers,Los Angeles Dodgers,0.7485,0.2515,401816600,6,4,77-51,50-77,0.607,0.367,0.619,0.402,1.15,-1.13,4.97,4.69,3.81,5.82,,,Roki Sasaki,Kyle Freeland,5134638,33839,2.0,regular-season,2026-08-20T00:40Z,8:40 PM ET
2026-08-20,St. Louis Cardinals,Cincinnati Reds,Final,St. Louis Cardinals,Cincinnati Reds,0.4775,0.5225,401816603,10,9,66-63,61-67,0.497,0.467,0.496,0.404,-0.04,-0.99,4.54,4.17,4.58,5.15,,,Michael McGreevy,Brady Singer,4424141,41172,2.0,regular-season,2026-08-20T16:40Z,12:40 PM ET
2026-08-20,San Francisco Giants,Cleveland Guardians,Final,Cleveland Guardians,Cleveland Guardians,0.3317,0.6683,401816602,2,5,52-75,62-66,0.411,0.503,0.447,0.492,-0.52,-0.07,4.19,4.09,4.71,4.17,,,Landen Roupp,Gavin Williams,4345404,4345076,2.0,regular-season,2026-08-20T17:10Z,1:10 PM ET
2026-08-20,Toronto Blue Jays,Tampa Bay Rays,Final,Toronto Blue Jays,Tampa Bay Rays,0.3463,0.6537,401816604,5,1,63-66,76-51,0.497,0.604,0.477,0.549,-0.21,0.46,4.06,4.58,4.27,4.11,,,Shane Bieber,Ian Seymour,40912,4669425,2.0,regular-season,2026-08-20T17:10Z,1:10 PM ET
2026-08-20,Athletics,Kansas City Royals,Final,Kansas City Royals,Kansas City Royals,0.407,0.593,401816606,2,6,49-79,55-74,0.407,0.44,0.379,0.437,-1.35,-0.63,4.37,4.23,5.73,4.85,,,Gage Jump,Randy Dobnak,5023852,42214,2.0,regular-season,2026-08-20T18:10Z,2:10 PM ET
2026-08-20,Seattle Mariners,Milwaukee Brewers,Final,Milwaukee Brewers,Milwaukee Brewers,0.3181,0.6819,401816608,4,7,60-68,79-49,0.464,0.62,0.458,0.629,-0.4,1.3,4.08,5.19,4.48,3.89,,,George Kirby,Robert Gasser,42406,4918251,2.0,regular-season,2026-08-20T18:10Z,2:10 PM ET
2026-08-20,Atlanta Braves,Chicago White Sox,Final,Atlanta Braves,Atlanta Braves,0.5604,0.4396,401877087,2,0,75-53,66-61,0.583,0.513,0.58,0.525,0.74,0.25,4.61,4.68,3.87,4.43,,,Grant Holmes,Anthony Kay,33840,40947,2.0,regular-season,2026-08-20T18:10Z,2:10 PM ET
2026-08-20,New York Yankees,Baltimore Orioles,Final,New York Yankees,New York Yankees,0.5869,0.4131,401816601,6,1,72-55,61-67,0.58,0.483,0.595,0.477,0.87,-0.23,4.57,4.46,3.7,4.69,,,Gerrit Cole,Kyle Bradish,32081,4311625,2.0,regular-season,2026-08-20T22:35Z,6:35 PM ET
2026-08-20,Washington Nationals,Texas Rangers,Final,Texas Rangers,Texas Rangers,0.3642,0.6358,401816609,0,2,61-68,63-65,0.464,0.493,0.502,0.469,0.02,-0.29,5.11,4.16,5.09,4.45,,,Andrew Alvarez,Jacob deGrom,4300668,32796,2.0,regular-season,2026-08-21T00:05Z,8:05 PM ET
2026-08-20,Los Angeles Angels,Houston Astros,Final,Los Angeles Angels,Houston Astros,0.3239,0.6761,401816605,18,3,51-77,64-64,0.38,0.5,0.448,0.465,-0.49,-0.35,4.07,4.46,4.56,4.81,,,Grayson Rodriguez,Peter Lambert,41196,39898,2.0,regular-season,2026-08-21T00:10Z,8:10 PM ET
2026-08-21,Atlanta Braves,Milwaukee Brewers,Final,Milwaukee Brewers,Milwaukee Brewers,0.4437,0.5563,401816617,1,2,75-54,80-49,0.583,0.62,0.58,0.629,0.74,1.3,4.61,5.19,3.87,3.89,,,Chris Sale,Jacob Misiorowski,30948,5080761,2.0,regular-season,2026-08-21T20:10Z,4:10 PM ET
2026-08-21,St. Louis Cardinals,Philadelphia Phillies,Final,Philadelphia Phillies,Philadelphia Phillies,0.3808,0.6192,401816611,6,7,66-64,71-58,0.497,0.553,0.496,0.521,-0.04,0.21,4.54,4.5,4.58,4.29,,,Hunter Dobbins,Jesus Luzardo,4415836,39667,2.0,regular-season,2026-08-21T22:40Z,6:40 PM ET
2026-08-21,Toronto Blue Jays,New York Yankees,Final,New York Yankees,New York Yankees,0.3751,0.6249,401816613,1,3,63-67,73-55,0.497,0.58,0.477,0.595,-0.21,0.87,4.06,4.57,4.27,3.7,,,Mason Fluharty,Cam Schlittler,4622501,5134581,2.0,regular-season,2026-08-21T23:05Z,7:05 PM ET
2026-08-21,San Francisco Giants,Boston Red Sox,Final,Boston Red Sox,Boston Red Sox,0.2953,0.7047,401816610,4,6,52-76,69-59,0.411,0.547,0.447,0.565,-0.52,0.59,4.19,4.42,4.71,3.83,,,Logan Webb,Sonny Gray,41216,32082,2.0,regular-season,2026-08-21T23:10Z,7:10 PM ET
2026-08-21,Washington Nationals,Miami Marlins,Final,Miami Marlins,Miami Marlins,0.3848,0.6152,401816614,2,3,61-69,65-64,0.464,0.49,0.502,0.503,0.02,0.03,5.11,4.46,5.09,4.42,,,Brad Lord,Ryan Gusto,4866810,5131986,2.0,regular-season,2026-08-21T23:10Z,7:10 PM ET
2026-08-21,Tampa Bay Rays,Baltimore Orioles,Final,Baltimore Orioles,Tampa Bay Rays,0.6169,0.3831,401816612,3,5,76-52,62-67,0.604,0.483,0.549,0.477,0.46,-0.23,4.58,4.46,4.11,4.69,,,Freddy Peralta,Trevor Rogers,39825,39640,2.0,regular-season,2026-08-21T23:15Z,7:15 PM ET
2026-08-21,New York Mets,Chicago White Sox,Final,Chicago White Sox,Chicago White Sox,0.4095,0.5905,401816619,4,6,58-71,67-61,0.46,0.513,0.476,0.525,-0.23,0.25,4.29,4.68,4.53,4.43,,,Sean Manaea,Sean Burke,33244,4867679,2.0,regular-season,2026-08-21T23:40Z,7:40 PM ET
2026-08-21,Athletics,Houston Astros,Final,Houston Astros,Houston Astros,0.3425,0.6575,401816616,0,4,49-80,65-64,0.407,0.5,0.379,0.465,-1.35,-0.35,4.37,4.46,5.73,4.81,,,J.T. Ginn,Hayden Wesneski,4414002,42996,2.0,regular-season,2026-08-22T00:10Z,8:10 PM ET
2026-08-21,Detroit Tigers,Kansas City Royals,Final,Kansas City Royals,Kansas City Royals,0.4903,0.5097,401816618,2,5,61-67,56-74,0.473,0.44,0.551,0.437,0.47,-0.63,4.48,4.23,4.01,4.85,,,Troy Melton,Noah Cameron,5294127,4417208,2.0,regular-season,2026-08-22T00:10Z,8:10 PM ET
2026-08-21,Los Angeles Angels,Texas Rangers,Final,Texas Rangers,Texas Rangers,0.3166,0.6834,401816615,1,2,51-78,64-65,0.38,0.493,0.448,0.469,-0.49,-0.29,4.07,4.16,4.56,4.45,,,Reid Detmers,MacKenzie Gore,4326697,39636,2.0,regular-season,2026-08-22T00:15Z,8:15 PM ET
2026-08-21,Cleveland Guardians,Colorado Rockies,Final,Cleveland Guardians,Cleveland Guardians,0.6736,0.3264,401816620,9,1,63-66,50-78,0.503,0.367,0.492,0.402,-0.07,-1.13,4.09,4.69,4.17,5.82,,,Joey Cantillo,Tanner Gordon,42488,4415658,2.0,regular-season,2026-08-22T00:40Z,8:40 PM ET
2026-08-21,Cincinnati Reds,Arizona Diamondbacks,Final,Arizona Diamondbacks,Arizona Diamondbacks,0.3906,0.6094,401816622,0,9,61-68,68-61,0.467,0.53,0.404,0.502,-0.99,0.02,4.17,4.46,5.15,4.44,,,Nick Lodolo,Eduardo Rodriguez,42433,32675,2.0,regular-season,2026-08-22T01:40Z,9:40 PM ET
2026-08-21,Minnesota Twins,San Diego Padres,Final,San Diego Padres,San Diego Padres,0.3376,0.6624,401816623,2,6,63-66,69-60,0.467,0.547,0.457,0.517,-0.45,0.15,4.57,4.31,5.02,4.16,,,Connor Prielipp,Randy Vasquez,4620001,4722847,2.0,regular-season,2026-08-22T01:40Z,9:40 PM ET
2026-08-21,Chicago Cubs,Seattle Mariners,Final,Seattle Mariners,Chicago Cubs,0.5087,0.4913,401816621,5,6,74-55,61-68,0.556,0.464,0.588,0.458,0.94,-0.4,5.34,4.08,4.4,4.48,,,Matthew Boyd,Emerson Hancock,34401,4297897,2.0,regular-season,2026-08-22T02:10Z,10:10 PM ET
2026-08-21,Pittsburgh Pirates,Los Angeles Dodgers,Final,Los Angeles Dodgers,Los Angeles Dodgers,0.3275,0.6725,401816624,4,5,63-67,78-51,0.5,0.607,0.517,0.619,0.17,1.15,4.79,4.97,4.61,3.81,,,Bubba Chandler,Yoshinobu Yamamoto,4683325,4872587,2.0,regular-season,2026-08-22T02:10Z,10:10 PM ET
2026-08-22,Toronto Blue Jays,New York Yankees,Final,Toronto Blue Jays,New York Yankees,0.3751,0.6249,401816628,4,3,64-67,73-56,0.497,0.58,0.477,0.595,-0.21,0.87,4.06,4.57,4.27,3.7,,,Dylan Cease,Ryan Weathers,34943,41178,2.0,regular-season,2026-08-22T17:35Z,1:35 PM ET
2026-08-22,Atlanta Braves,Milwaukee Brewers,Final,Milwaukee Brewers,Milwaukee Brewers,0.4437,0.5563,401816632,1,4,75-55,81-49,0.583,0.62,0.58,0.629,0.74,1.3,4.61,5.19,3.87,3.89,,,Martin Perez,Logan Henderson,31098,4917878,2.0,regular-season,2026-08-22T18:10Z,2:10 PM ET
2026-08-22,Washington Nationals,Miami Marlins,Final,Miami Marlins,Miami Marlins,0.3848,0.6152,401816629,2,4,61-70,66-64,0.464,0.49,0.502,0.503,0.02,0.03,5.11,4.46,5.09,4.42,,,Jake Irvin,Eury Perez,41290,4917854,2.0,regular-season,2026-08-22T20:10Z,4:10 PM ET
2026-08-22,St. Louis Cardinals,Philadelphia Phillies,Final,Philadelphia Phillies,Philadelphia Phillies,0.3808,0.6192,401816626,3,12,66-65,72-58,0.497,0.553,0.496,0.521,-0.04,0.21,4.54,4.5,4.58,4.29,,,Quinn Mathews,Andrew Painter,4837405,4872683,2.0,regular-season,2026-08-22T22:05Z,6:05 PM ET
2026-08-22,Tampa Bay Rays,Baltimore Orioles,Final,Baltimore Orioles,Tampa Bay Rays,0.6169,0.3831,401816627,2,3,76-53,63-67,0.604,0.483,0.549,0.477,0.46,-0.23,4.58,4.46,4.11,4.69,,,Shane McClanahan,Brandon Young,41199,4414339,2.0,regular-season,2026-08-22T23:05Z,7:05 PM ET
2026-08-22,Los Angeles Angels,Texas Rangers,Final,Los Angeles Angels,Texas Rangers,0.3166,0.6834,401816630,3,0,52-78,64-66,0.38,0.493,0.448,0.469,-0.49,-0.29,4.07,4.16,4.56,4.45,,,Ryan Johnson,Cody Bradford,5007859,4142539,2.0,regular-season,2026-08-22T23:05Z,7:05 PM ET
2026-08-22,Athletics,Houston Astros,Final,Athletics,Houston Astros,0.3425,0.6575,401816631,4,3,50-80,65-65,0.407,0.5,0.379,0.465,-1.35,-0.35,4.37,4.46,5.73,4.81,,,Jacob Lopez,Hunter Brown,42239,4717803,2.0,regular-season,2026-08-22T23:10Z,7:10 PM ET
2026-08-22,New York Mets,Chicago White Sox,Final,New York Mets,Chicago White Sox,0.4095,0.5905,401816634,10,5,59-71,67-62,0.46,0.513,0.476,0.525,-0.23,0.25,4.29,4.68,4.53,4.43,,,Christian Scott,Luis Castillo,4414215,35124,2.0,regular-season,2026-08-22T23:10Z,7:10 PM ET
2026-08-22,San Francisco Giants,Boston Red Sox,Final,Boston Red Sox,Boston Red Sox,0.2953,0.7047,401816625,2,3,52-77,70-59,0.411,0.547,0.447,0.565,-0.52,0.59,4.19,4.42,4.71,3.83,,,Blade Tidwell,Patrick Sandoval,4719088,40975,2.0,regular-season,2026-08-22T23:15Z,7:15 PM ET
2026-08-22,Detroit Tigers,Kansas City Royals,Final,Kansas City Royals,Kansas City Royals,0.4903,0.5097,401816633,1,3,61-68,57-74,0.473,0.44,0.551,0.437,0.47,-0.63,4.48,4.23,4.01,4.85,,,Drew Anderson,Michael Wacha,41125,32640,2.0,regular-season,2026-08-22T23:15Z,7:15 PM ET
2026-08-22,Chicago Cubs,Seattle Mariners,Final,Seattle Mariners,Chicago Cubs,0.5087,0.4913,401816636,4,5,74-56,62-68,0.556,0.464,0.588,0.458,0.94,-0.4,5.34,4.08,4.4,4.48,,,David Peterson,Kade Anderson,40921,5198748,2.0,regular-season,2026-08-22T23:15Z,7:15 PM ET
2026-08-22,Pittsburgh Pirates,Los Angeles Dodgers,Final,Los Angeles Dodgers,Los Angeles Dodgers,0.3275,0.6725,401816639,3,4,63-68,79-51,0.5,0.607,0.517,0.619,0.17,1.15,4.79,4.97,4.61,3.81,,,Jared Jones,Tarik Skubal,4918156,42409,2.0,regular-season,2026-08-22T23:15Z,7:15 PM ET
2026-08-22,Cleveland Guardians,Colorado Rockies,Final,Cleveland Guardians,Cleveland Guardians,0.6736,0.3264,401816635,4,3,64-66,50-79,0.503,0.367,0.492,0.402,-0.07,-1.13,4.09,4.69,4.17,5.82,,,Tanner Bibee,Gabriel Hughes,4345278,4634930,2.0,regular-season,2026-08-23T00:10Z,8:10 PM ET
2026-08-22,Cincinnati Reds,Arizona Diamondbacks,Final,Cincinnati Reds,Arizona Diamondbacks,0.3906,0.6094,401816637,11,5,62-68,68-62,0.467,0.53,0.404,0.502,-0.99,0.02,4.17,4.46,5.15,4.44,,,Rhett Lowder,Michael Soroka,4758873,34984,2.0,regular-season,2026-08-23T00:10Z,8:10 PM ET
2026-08-22,Minnesota Twins,San Diego Padres,Final,San Diego Padres,San Diego Padres,0.3376,0.6624,401816638,5,7,63-67,70-60,0.467,0.547,0.457,0.517,-0.45,0.15,4.57,4.31,5.02,4.16,,,Dean Kremer,Casey Mize,38295,41167,2.0,regular-season,2026-08-23T00:40Z,8:40 PM ET
2026-08-23,St. Louis Cardinals,Philadelphia Phillies,Final,Philadelphia Phillies,Philadelphia Phillies,0.3808,0.6192,401816641,4,6,66-66,73-58,0.497,0.553,0.496,0.521,-0.04,0.21,4.54,4.5,4.58,4.29,,,Kyle Leahy,Cristopher Sanchez,5006093,42359,2.0,regular-season,2026-08-23T17:35Z,1:35 PM ET
2026-08-23,Tampa Bay Rays,Baltimore Orioles,Final,Tampa Bay Rays,Tampa Bay Rays,0.6169,0.3831,401816642,3,1,77-53,63-68,0.604,0.483,0.549,0.477,0.46,-0.23,4.58,4.46,4.11,4.69,,,Nick Martinez,Shane Baz,33372,39639,2.0,regular-season,2026-08-23T17:35Z,1:35 PM ET
2026-08-23,Toronto Blue Jays,New York Yankees,Final,New York Yankees,New York Yankees,0.3751,0.6249,401816643,3,8,64-68,74-56,0.497,0.58,0.477,0.595,-0.21,0.87,4.06,4.57,4.27,3.7,,,Jose Soriano,Carlos Rodon,40973,33696,2.0,regular-season,2026-08-23T17:35Z,1:35 PM ET
2026-08-23,Washington Nationals,Miami Marlins,Final,Miami Marlins,Miami Marlins,0.3848,0.6152,401816644,2,6,61-71,67-64,0.464,0.49,0.502,0.503,0.02,0.03,5.11,4.46,5.09,4.42,,,Jackson Kent,Janson Junk,5007807,4881980,2.0,regular-season,2026-08-23T17:40Z,1:40 PM ET
2026-08-23,Athletics,Houston Astros,Final,Athletics,Houston Astros,0.3425,0.6575,401816646,7,6,51-80,65-66,0.407,0.5,0.379,0.465,-1.35,-0.35,4.37,4.46,5.73,4.81,,,Brady Basso,Cristian Javier,4179551,41261,2.0,regular-season,2026-08-23T18:10Z,2:10 PM ET
2026-08-23,Detroit Tigers,Kansas City Royals,Final,Kansas City Royals,Kansas City Royals,0.4903,0.5097,401816648,7,11,61-69,58-74,0.473,0.44,0.551,0.437,0.47,-0.63,4.48,4.23,4.01,4.85,,,Jacob Waguespack,Daniel Lynch IV,37726,41227,2.0,regular-season,2026-08-23T18:10Z,2:10 PM ET
2026-08-23,New York Mets,Chicago White Sox,Final,Chicago White Sox,Chicago White Sox,0.4095,0.5905,401816649,1,2,59-72,68-62,0.46,0.513,0.476,0.525,-0.23,0.25,4.29,4.68,4.53,4.43,,,Nolan McLean,Sean Newcomb,4433874,33856,2.0,regular-season,2026-08-23T18:10Z,2:10 PM ET
2026-08-23,Los Angeles Angels,Texas Rangers,Final,Texas Rangers,Texas Rangers,0.3166,0.6834,401816645,3,5,52-79,65-66,0.38,0.493,0.448,0.469,-0.49,-0.29,4.07,4.16,4.56,4.45,,,Yusei Kikuchi,Cal Quantrill,41415,39875,2.0,regular-season,2026-08-23T18:35Z,2:35 PM ET
2026-08-23,Cleveland Guardians,Colorado Rockies,Final,Cleveland Guardians,Cleveland Guardians,0.6736,0.3264,401816650,7,2,65-66,50-80,0.503,0.367,0.492,0.402,-0.07,-1.13,4.09,4.69,4.17,5.82,,,Foster Griffin,Tomoyuki Sugano,33773,4142423,2.0,regular-season,2026-08-23T19:10Z,3:10 PM ET
2026-08-23,San Francisco Giants,Boston Red Sox,Final,Boston Red Sox,Boston Red Sox,0.2953,0.7047,401816640,4,5,52-78,71-59,0.411,0.547,0.447,0.565,-0.52,0.59,4.19,4.42,4.71,3.83,,,Matt Wilkinson,Jake Bennett,5339226,4654024,2.0,regular-season,2026-08-23T19:15Z,3:15 PM ET
2026-08-23,Chicago Cubs,Seattle Mariners,Final,Chicago Cubs,Chicago Cubs,0.5087,0.4913,401816651,19,2,75-56,62-69,0.556,0.464,0.588,0.458,0.94,-0.4,5.34,4.08,4.4,4.48,,,Shota Imanaga,Bryce Miller,5134630,4654313,2.0,regular-season,2026-08-23T20:10Z,4:10 PM ET
2026-08-23,Minnesota Twins,San Diego Padres,Final,San Diego Padres,San Diego Padres,0.3376,0.6624,401816653,1,8,63-68,71-60,0.467,0.547,0.457,0.517,-0.45,0.15,4.57,4.31,5.02,4.16,,,Bailey Ober,Walker Buehler,3107919,39251,2.0,regular-season,2026-08-23T20:10Z,4:10 PM ET
2026-08-23,Pittsburgh Pirates,Los Angeles Dodgers,Final,Los Angeles Dodgers,Los Angeles Dodgers,0.3275,0.6725,401816654,0,4,63-69,80-51,0.5,0.607,0.517,0.619,0.17,1.15,4.79,4.97,4.61,3.81,,,Lake Bachar,Blake Snell,42592,33748,2.0,regular-season,2026-08-23T20:10Z,4:10 PM ET
2026-08-23,Cincinnati Reds,Arizona Diamondbacks,Final,Arizona Diamondbacks,Arizona Diamondbacks,0.3906,0.6094,401816652,3,5,62-69,69-62,0.467,0.53,0.404,0.502,-0.99,0.02,4.17,4.46,5.15,4.44,,,Andrew Abbott,Mitch Bratt,4414528,5123768,2.0,regular-season,2026-08-23T20:15Z,4:15 PM ET
2026-08-23,Atlanta Braves,Milwaukee Brewers,Final,Atlanta Braves,Milwaukee Brewers,0.4437,0.5563,401816647,4,2,76-55,81-50,0.583,0.62,0.58,0.629,0.74,1.3,4.61,5.19,3.87,3.89,,,Tyler Mahle,Shane Drohan,34973,4315203,2.0,regular-season,2026-08-23T23:00Z,7:00 PM ET
2026-08-24,Boston Red Sox,Miami Marlins,Final,Boston Red Sox,Boston Red Sox,0.5409,0.4591,401816655,4,2,72-59,67-65,0.547,0.49,0.565,0.503,0.59,0.03,4.42,4.46,3.83,4.42,,,Ranger Suarez,Sandy Alcantara,39817,35241,2.0,regular-season,2026-08-24T22:40Z,6:40 PM ET
2026-08-24,Tampa Bay Rays,Detroit Tigers,Final,Tampa Bay Rays,Tampa Bay Rays,0.6298,0.3702,401816657,4,1,78-53,61-70,0.604,0.473,0.549,0.551,0.46,0.47,4.58,4.48,4.11,4.01,,,Drew Rasmussen,Framber Valdez,42584,36581,2.0,regular-season,2026-08-24T22:40Z,6:40 PM ET
2026-08-24,Colorado Rockies,Washington Nationals,Final,Washington Nationals,Washington Nationals,0.3559,0.6441,401816656,3,13,50-81,62-71,0.367,0.464,0.402,0.502,-1.13,0.02,4.69,5.11,5.82,5.09,,,Ryan Feltner,Cade Cavalli,4019484,4308037,2.0,regular-season,2026-08-24T22:45Z,6:45 PM ET
2026-08-24,Texas Rangers,Chicago White Sox,Final,Texas Rangers,Chicago White Sox,0.4619,0.5381,401816658,11,2,66-66,68-63,0.493,0.513,0.469,0.525,-0.29,0.25,4.16,4.68,4.45,4.43,,,Kumar Rocker,Jose Urquidy,4414525,35759,2.0,regular-season,2026-08-24T23:40Z,7:40 PM ET
2026-08-24,Cleveland Guardians,Los Angeles Angels,Final,Cleveland Guardians,Cleveland Guardians,0.6249,0.3751,401816661,4,2,66-66,52-80,0.503,0.38,0.492,0.448,-0.07,-0.49,4.09,4.07,4.17,4.56,,,Parker Messick,George Klassen,4619898,5134517,2.0,regular-season,2026-08-25T01:38Z,9:38 PM ET
2026-08-24,Chicago Cubs,Arizona Diamondbacks,Final,Chicago Cubs,Arizona Diamondbacks,0.4405,0.5595,401816659,7,0,76-56,69-63,0.556,0.53,0.588,0.502,0.94,0.02,5.34,4.46,4.4,4.44,,,Kevin Gausman,Merrill Kelly,32667,32968,2.0,regular-season,2026-08-25T01:40Z,9:40 PM ET
2026-08-24,Minnesota Twins,Athletics,Final,Minnesota Twins,Minnesota Twins,0.5277,0.4723,401816662,9,6,64-68,51-81,0.467,0.407,0.457,0.379,-0.45,-1.35,4.57,4.37,5.02,5.73,,,Zebby Matthews,Jeffrey Springs,4791597,35397,2.0,regular-season,2026-08-25T01:40Z,9:40 PM ET
2026-08-24,Philadelphia Phillies,Seattle Mariners,Final,Seattle Mariners,Philadelphia Phillies,0.5561,0.4439,401816663,2,9,73-59,63-69,0.553,0.464,0.521,0.458,0.21,-0.4,4.5,4.08,4.29,4.48,,,Zack Wheeler,Logan Gilbert,31267,41221,2.0,regular-season,2026-08-25T01:40Z,9:40 PM ET
2026-08-24,Pittsburgh Pirates,San Diego Padres,Final,Pittsburgh Pirates,San Diego Padres,0.3671,0.6329,401816664,3,2,64-69,71-61,0.5,0.547,0.517,0.517,0.17,0.15,4.79,4.31,4.61,4.16,,,Braxton Ashcraft,Robbie Ray,41282,32175,2.0,regular-season,2026-08-25T01:40Z,9:40 PM ET
2026-08-24,Cincinnati Reds,San Francisco Giants,Final,San Francisco Giants,Cincinnati Reds,0.5371,0.4629,401816660,0,5,62-70,53-78,0.467,0.411,0.404,0.447,-0.99,-0.52,4.17,4.19,5.15,4.71,,,Chase Burns,Carson Whisenhunt,4927516,4626232,2.0,regular-season,2026-08-25T01:45Z,9:45 PM ET
2026-08-25,Boston Red Sox,Miami Marlins,Final,Boston Red Sox,Boston Red Sox,0.5409,0.4591,401816665,7,3,73-59,67-66,0.547,0.49,0.565,0.503,0.59,0.03,4.42,4.46,3.83,4.42,,,Payton Tolle,Tyler Phillips,4966140,41247,2.0,regular-season,2026-08-25T22:40Z,6:40 PM ET
2026-08-25,Tampa Bay Rays,Detroit Tigers,Final,Detroit Tigers,Tampa Bay Rays,0.6298,0.3702,401816671,1,4,78-54,62-70,0.604,0.473,0.549,0.551,0.46,0.47,4.58,4.48,4.11,4.01,,,Casey Legumina,Jackson Jobe,4346117,4872647,2.0,regular-season,2026-08-25T22:40Z,6:40 PM ET
2026-08-25,Colorado Rockies,Washington Nationals,Final,Colorado Rockies,Washington Nationals,0.3559,0.6441,401816666,3,1,51-81,62-72,0.367,0.464,0.402,0.502,-1.13,0.02,4.69,5.11,5.82,5.09,,,Mason Adams,Andrew Alvarez,4758424,4300668,2.0,regular-season,2026-08-25T22:45Z,6:45 PM ET
2026-08-25,Houston Astros,New York Yankees,Final,Houston Astros,New York Yankees,0.3564,0.6436,401816667,9,7,66-66,74-57,0.5,0.58,0.465,0.595,-0.35,0.87,4.46,4.57,4.81,3.7,,,Ethan Pecko,Will Warren,4944276,5132011,2.0,regular-season,2026-08-25T23:05Z,7:05 PM ET
2026-08-25,Kansas City Royals,Toronto Blue Jays,Final,Kansas City Royals,Toronto Blue Jays,0.3721,0.6279,401816668,5,3,59-74,64-69,0.44,0.497,0.437,0.477,-0.63,-0.21,4.23,4.06,4.85,4.27,,,Seth Lugo,Max Scherzer,34873,28976,2.0,regular-season,2026-08-25T23:07Z,7:07 PM ET
2026-08-25,Milwaukee Brewers,New York Mets,Final,New York Mets,Milwaukee Brewers,0.6229,0.3771,401816670,2,3,81-51,60-72,0.62,0.46,0.629,0.476,1.3,-0.23,5.19,4.29,3.89,4.53,,,Kyle Harrison,Zac Thornton,4683375,5129576,2.0,regular-season,2026-08-25T23:10Z,7:10 PM ET
2026-08-25,Los Angeles Dodgers,Atlanta Braves,Final,Atlanta Braves,Atlanta Braves,0.4695,0.5305,401816669,3,4,80-52,77-55,0.607,0.583,0.619,0.58,1.15,0.74,4.97,4.61,3.81,3.87,,,Tyler Glasnow,Bryce Elder,33190,4301067,2.0,regular-season,2026-08-25T23:15Z,7:15 PM ET
2026-08-25,Texas Rangers,Chicago White Sox,Final,Chicago White Sox,Chicago White Sox,0.4619,0.5381,401816673,7,11,66-67,69-63,0.493,0.513,0.469,0.525,-0.29,0.25,4.16,4.68,4.45,4.43,,,Jacob deGrom,Anthony Kay,32796,40947,2.0,regular-season,2026-08-25T23:40Z,7:40 PM ET
2026-08-25,Baltimore Orioles,St. Louis Cardinals,Final,Baltimore Orioles,St. Louis Cardinals,0.444,0.556,401816672,13,1,64-68,66-67,0.483,0.497,0.477,0.496,-0.23,-0.04,4.46,4.54,4.69,4.58,,,Chris Bassitt,Matthew Liberatore,33148,41173,2.0,regular-season,2026-08-25T23:45Z,7:45 PM ET
2026-08-25,Cleveland Guardians,Los Angeles Angels,Final,Cleveland Guardians,Cleveland Guardians,0.6249,0.3751,401816676,8,6,67-66,52-81,0.503,0.38,0.492,0.448,-0.07,-0.49,4.09,4.07,4.17,4.56,,,Gavin Williams,Walbert Urena,4345076,5197476,2.0,regular-season,2026-08-26T01:38Z,9:38 PM ET
2026-08-25,Chicago Cubs,Arizona Diamondbacks,Final,Arizona Diamondbacks,Arizona Diamondbacks,0.4405,0.5595,401816674,4,5,76-57,70-63,0.556,0.53,0.588,0.502,0.94,0.02,5.34,4.46,4.4,4.44,,,Clay Holmes,Brandon Pfaadt,32827,4721302,2.0,regular-season,2026-08-26T01:40Z,9:40 PM ET
2026-08-25,Minnesota Twins,Athletics,Final,Athletics,Minnesota Twins,0.5277,0.4723,401816677,2,4,64-69,52-81,0.467,0.407,0.457,0.379,-0.45,-1.35,4.57,4.37,5.02,5.73,,,Taj Bradley,Gage Jump,42480,5023852,2.0,regular-season,2026-08-26T01:40Z,9:40 PM ET
2026-08-25,Philadelphia Phillies,Seattle Mariners,Final,Seattle Mariners,Philadelphia Phillies,0.5561,0.4439,401816678,1,4,73-60,64-69,0.553,0.464,0.521,0.458,0.21,-0.4,4.5,4.08,4.29,4.48,,,Aaron Nola,George Kirby,33709,42406,2.0,regular-season,2026-08-26T01:40Z,9:40 PM ET
2026-08-25,Pittsburgh Pirates,San Diego Padres,Final,Pittsburgh Pirates,San Diego Padres,0.3671,0.6329,401816679,1,0,65-69,71-62,0.5,0.547,0.517,0.517,0.17,0.15,4.79,4.31,4.61,4.16,,,Paul Skenes,Michael King,4719507,40429,2.0,regular-season,2026-08-26T01:40Z,9:40 PM ET
2026-08-25,Cincinnati Reds,San Francisco Giants,Final,San Francisco Giants,Cincinnati Reds,0.5371,0.4629,401816675,1,3,62-71,54-78,0.467,0.411,0.404,0.447,-0.99,-0.52,4.17,4.19,5.15,4.71,,,Brady Singer,Adrian Houser,41172,32157,2.0,regular-season,2026-08-26T01:45Z,9:45 PM ET
2026-08-26,Tampa Bay Rays,Detroit Tigers,Final,Tampa Bay Rays,Tampa Bay Rays,0.6298,0.3702,401816686,3,0,79-54,62-71,0.604,0.473,0.549,0.551,0.46,0.47,4.58,4.48,4.11,4.01,,,Freddy Peralta,Troy Melton,39825,5294127,2.0,regular-season,2026-08-26T17:10Z,1:10 PM ET
2026-08-26,Chicago Cubs,Arizona Diamondbacks,Final,Arizona Diamondbacks,Arizona Diamondbacks,0.4405,0.5595,401816689,0,2,76-58,71-63,0.556,0.53,0.588,0.502,0.94,0.02,5.34,4.46,4.4,4.44,,,Matthew Boyd,Eduardo Rodriguez,34401,32675,2.0,regular-season,2026-08-26T19:40Z,3:40 PM ET
2026-08-26,Cincinnati Reds,San Francisco Giants,Final,Cincinnati Reds,Cincinnati Reds,0.5371,0.4629,401816690,10,9,63-71,54-79,0.467,0.411,0.404,0.447,-0.99,-0.52,4.17,4.19,5.15,4.71,,,Nick Lodolo,Logan Webb,42433,41216,2.0,regular-season,2026-08-26T19:45Z,3:45 PM ET
2026-08-26,Cleveland Guardians,Los Angeles Angels,Final,Cleveland Guardians,Cleveland Guardians,0.6249,0.3751,401816691,4,3,68-66,52-82,0.503,0.38,0.492,0.448,-0.07,-0.49,4.09,4.07,4.17,4.56,,,Joey Cantillo,Grayson Rodriguez,42488,41196,2.0,regular-season,2026-08-26T20:07Z,4:07 PM ET
2026-08-26,Philadelphia Phillies,Seattle Mariners,Final,Philadelphia Phillies,Philadelphia Phillies,0.5561,0.4439,401816693,6,0,74-60,64-70,0.553,0.464,0.521,0.458,0.21,-0.4,4.5,4.08,4.29,4.48,,,Jesus Luzardo,Bryan Woo,39667,4629089,2.0,regular-season,2026-08-26T20:10Z,4:10 PM ET
2026-08-26,Pittsburgh Pirates,San Diego Padres,Final,San Diego Padres,San Diego Padres,0.3671,0.6329,401816694,0,3,65-70,72-62,0.5,0.547,0.517,0.517,0.17,0.15,4.79,4.31,4.61,4.16,,,Bubba Chandler,Randy Vasquez,4683325,4722847,2.0,regular-season,2026-08-26T20:10Z,4:10 PM ET
2026-08-26,Boston Red Sox,Miami Marlins,Final,Miami Marlins,Boston Red Sox,0.5409,0.4591,401816680,0,4,73-60,68-66,0.547,0.49,0.565,0.503,0.59,0.03,4.42,4.46,3.83,4.42,,,Sonny Gray,Ryan Gusto,32082,5131986,2.0,regular-season,2026-08-26T22:40Z,6:40 PM ET
2026-08-26,Colorado Rockies,Washington Nationals,Final,Colorado Rockies,Washington Nationals,0.3559,0.6441,401816681,13,1,52-81,62-73,0.367,0.464,0.402,0.502,-1.13,0.02,4.69,5.11,5.82,5.09,,,Tanner Gordon,Matt Waldron,4415658,4020158,2.0,regular-season,2026-08-26T22:45Z,6:45 PM ET
2026-08-26,Houston Astros,New York Yankees,Final,New York Yankees,New York Yankees,0.3564,0.6436,401816682,3,9,66-67,75-57,0.5,0.58,0.465,0.595,-0.35,0.87,4.46,4.57,4.81,3.7,,,Peter Lambert,Elmer Rodriguez,39898,5194637,2.0,regular-season,2026-08-26T23:05Z,7:05 PM ET
2026-08-26,Kansas City Royals,Toronto Blue Jays,Final,Toronto Blue Jays,Toronto Blue Jays,0.3721,0.6279,401816683,0,3,59-75,65-69,0.44,0.497,0.437,0.477,-0.63,-0.21,4.23,4.06,4.85,4.27,,,Randy Dobnak,Spencer Miles,42214,4833671,2.0,regular-season,2026-08-26T23:07Z,7:07 PM ET
2026-08-26,Milwaukee Brewers,New York Mets,Final,Milwaukee Brewers,Milwaukee Brewers,0.6229,0.3771,401816685,8,1,82-51,60-73,0.62,0.46,0.629,0.476,1.3,-0.23,5.19,4.29,3.89,4.53,,,Dustin May,Robert Stock,40937,30577,2.0,regular-season,2026-08-26T23:10Z,7:10 PM ET
2026-08-26,Los Angeles Dodgers,Atlanta Braves,Final,Atlanta Braves,Atlanta Braves,0.4695,0.5305,401816684,5,6,80-53,78-55,0.607,0.583,0.619,0.58,1.15,0.74,4.97,4.61,3.81,3.87,,,Roki Sasaki,AJ Smith-Shawver,5134638,4917640,2.0,regular-season,2026-08-26T23:15Z,7:15 PM ET
2026-08-26,Texas Rangers,Chicago White Sox,Final,Chicago White Sox,Chicago White Sox,0.4619,0.5381,401816688,4,10,66-68,70-63,0.493,0.513,0.469,0.525,-0.29,0.25,4.16,4.68,4.45,4.43,,,MacKenzie Gore,Sean Burke,39636,4867679,2.0,regular-season,2026-08-26T23:40Z,7:40 PM ET
2026-08-26,Baltimore Orioles,St. Louis Cardinals,Final,Baltimore Orioles,St. Louis Cardinals,0.444,0.556,401816687,8,7,65-68,66-68,0.483,0.497,0.477,0.496,-0.23,-0.04,4.46,4.54,4.69,4.58,,,Kyle Bradish,Michael McGreevy,4311625,4424141,2.0,regular-season,2026-08-26T23:45Z,7:45 PM ET
2026-08-26,Minnesota Twins,Athletics,Final,Athletics,Minnesota Twins,0.5277,0.4723,401816692,4,7,64-70,53-81,0.467,0.407,0.457,0.379,-0.45,-1.35,4.57,4.37,5.02,5.73,,,Connor Prielipp,J.T. Ginn,4620001,4414002,2.0,regular-season,2026-08-27T01:05Z,9:05 PM ET
2026-08-27,Colorado Rockies,Washington Nationals,Final,Washington Nationals,Washington Nationals,0.3559,0.6441,401816695,1,7,52-82,63-73,0.367,0.464,0.402,0.502,-1.13,0.02,4.69,5.11,5.82,5.09,,,Gabriel Hughes,Jake Irvin,4634930,41290,2.0,regular-season,2026-08-27T17:05Z,1:05 PM ET
2026-08-27,Baltimore Orioles,St. Louis Cardinals,Final,St. Louis Cardinals,St. Louis Cardinals,0.444,0.556,401816700,5,7,65-69,67-68,0.483,0.497,0.477,0.496,-0.23,-0.04,4.46,4.54,4.69,4.58,,,Trevor Rogers,Gordon Graceffo,39640,5123582,2.0,regular-season,2026-08-27T18:15Z,2:15 PM ET
2026-08-27,Houston Astros,New York Yankees,Final,Houston Astros,New York Yankees,0.3564,0.6436,401816696,5,1,67-67,75-58,0.5,0.58,0.465,0.595,-0.35,0.87,4.46,4.57,4.81,3.7,,,Hayden Wesneski,Gerrit Cole,42996,32081,2.0,regular-season,2026-08-27T23:05Z,7:05 PM ET
2026-08-27,Kansas City Royals,Toronto Blue Jays,Final,Kansas City Royals,Toronto Blue Jays,0.3721,0.6279,401816697,13,2,60-75,65-70,0.44,0.497,0.437,0.477,-0.63,-0.21,4.23,4.06,4.85,4.27,,,Noah Cameron,Spencer Arrighetti,4417208,4726080,2.0,regular-season,2026-08-27T23:07Z,7:07 PM ET
2026-08-27,Milwaukee Brewers,New York Mets,Final,Milwaukee Brewers,Milwaukee Brewers,0.6229,0.3771,401816699,8,2,83-51,60-74,0.62,0.46,0.629,0.476,1.3,-0.23,5.19,4.29,3.89,4.53,,,Jacob Misiorowski,Sean Manaea,5080761,33244,2.0,regular-season,2026-08-27T23:10Z,7:10 PM ET
2026-08-27,Los Angeles Dodgers,Atlanta Braves,Final,Atlanta Braves,Atlanta Braves,0.4695,0.5305,401816698,0,1,80-54,79-55,0.607,0.583,0.619,0.58,1.15,0.74,4.97,4.61,3.81,3.87,,,Yoshinobu Yamamoto,Chris Sale,4872587,30948,2.0,regular-season,2026-08-27T23:15Z,7:15 PM ET
2026-08-27,Arizona Diamondbacks,San Francisco Giants,Final,San Francisco Giants,Arizona Diamondbacks,0.6051,0.3949,401816701,1,6,71-64,55-79,0.53,0.411,0.502,0.447,0.02,-0.52,4.46,4.19,4.44,4.71,,,Jose Cabrera,Landen Roupp,5270084,4345404,2.0,regular-season,2026-08-28T01:45Z,9:45 PM ET
2026-08-28,Cincinnati Reds,Chicago Cubs,Final,Cincinnati Reds,Chicago Cubs,0.408,0.592,401816711,10,8,64-71,76-59,0.467,0.556,0.404,0.588,-0.99,0.94,4.17,5.34,5.15,4.4,,,Rhett Lowder,David Peterson,4758873,40921,2.0,regular-season,2026-08-28T18:20Z,2:20 PM ET
2026-08-28,Los Angeles Dodgers,Detroit Tigers,Final,Los Angeles Dodgers,Los Angeles Dodgers,0.612,0.388,401816706,2,1,81-54,62-72,0.607,0.473,0.619,0.551,1.15,0.47,4.97,4.48,3.81,4.01,,,Tarik Skubal,Drew Anderson,42409,41125,2.0,regular-season,2026-08-28T22:40Z,6:40 PM ET
2026-08-28,Miami Marlins,Washington Nationals,Final,Washington Nationals,Miami Marlins,0.534,0.466,401816707,2,9,68-67,64-73,0.49,0.464,0.503,0.502,0.03,0.02,4.46,5.11,4.42,5.09,,,Eury Perez,Jackson Kent,4917854,5007807,2.0,regular-season,2026-08-28T22:45Z,6:45 PM ET
2026-08-28,Houston Astros,New York Mets,Final,Houston Astros,Houston Astros,0.5032,0.4968,401816704,3,1,68-67,60-75,0.5,0.46,0.465,0.476,-0.35,-0.23,4.46,4.29,4.81,4.53,,,Hunter Brown,Christian Scott,4717803,4414215,2.0,regular-season,2026-08-28T23:10Z,7:10 PM ET
2026-08-28,Kansas City Royals,Cleveland Guardians,Final,Kansas City Royals,Cleveland Guardians,0.3659,0.6341,401816705,3,0,61-75,68-67,0.44,0.503,0.437,0.492,-0.63,-0.07,4.23,4.09,4.85,4.17,,,Michael Wacha,Tanner Bibee,32640,4345278,2.0,regular-season,2026-08-28T23:10Z,7:10 PM ET
2026-08-28,San Diego Padres,Tampa Bay Rays,Final,Tampa Bay Rays,Tampa Bay Rays,0.3973,0.6027,401816708,4,9,72-63,80-54,0.547,0.604,0.517,0.549,0.15,0.46,4.31,4.58,4.16,4.11,,,Casey Mize,Shane McClanahan,41167,41199,2.0,regular-season,2026-08-28T23:10Z,7:10 PM ET
2026-08-28,Boston Red Sox,New York Yankees,Final,New York Yankees,New York Yankees,0.4221,0.5779,401816702,0,1,73-61,76-58,0.547,0.58,0.565,0.595,0.59,0.87,4.42,4.57,3.83,3.7,,,Patrick Sandoval,Cam Schlittler,40975,5134581,2.0,regular-season,2026-08-28T23:15Z,7:15 PM ET
2026-08-28,Colorado Rockies,Atlanta Braves,Final,Atlanta Braves,Atlanta Braves,0.2011,0.7989,401816703,4,6,52-83,80-55,0.367,0.583,0.402,0.58,-1.13,0.74,4.69,4.61,5.82,3.87,,,Tomoyuki Sugano,Grant Holmes,4142423,33840,2.0,regular-season,2026-08-28T23:15Z,7:15 PM ET
2026-08-28,Seattle Mariners,Toronto Blue Jays,Final,Toronto Blue Jays,Toronto Blue Jays,0.4123,0.5877,401816709,1,8,64-71,66-70,0.464,0.497,0.458,0.477,-0.4,-0.21,4.08,4.06,4.48,4.27,,,Emerson Hancock,Dylan Cease,4297897,34943,2.0,regular-season,2026-08-28T23:15Z,7:15 PM ET
2026-08-28,Texas Rangers,Milwaukee Brewers,Final,Milwaukee Brewers,Milwaukee Brewers,0.3494,0.6506,401816713,1,6,66-69,84-51,0.493,0.62,0.469,0.629,-0.29,1.3,4.16,5.19,4.45,3.89,,,Cody Bradford,Logan Henderson,4142539,4917878,2.0,regular-season,2026-08-28T23:40Z,7:40 PM ET
2026-08-28,Chicago White Sox,Minnesota Twins,Final,Chicago White Sox,Chicago White Sox,0.5154,0.4846,401816710,7,4,71-63,64-71,0.513,0.467,0.525,0.457,0.25,-0.45,4.68,4.57,4.43,5.02,,,Luis Castillo,Dean Kremer,35124,38295,2.0,regular-season,2026-08-29T00:10Z,8:10 PM ET
2026-08-28,Pittsburgh Pirates,St. Louis Cardinals,Final,St. Louis Cardinals,St. Louis Cardinals,0.4476,0.5524,401816712,1,4,65-71,68-68,0.5,0.497,0.517,0.496,0.17,-0.04,4.79,4.54,4.61,4.58,,,Jared Jones,Quinn Mathews,4918156,4837405,2.0,regular-season,2026-08-29T00:15Z,8:15 PM ET
2026-08-28,Philadelphia Phillies,Los Angeles Angels,Final,Philadelphia Phillies,Philadelphia Phillies,0.6655,0.3345,401816716,5,3,75-60,52-83,0.553,0.38,0.521,0.448,0.21,-0.49,4.5,4.07,4.29,4.56,,,Andrew Painter,Reid Detmers,4872683,4326697,2.0,regular-season,2026-08-29T01:38Z,9:38 PM ET
2026-08-28,Baltimore Orioles,Athletics,Final,Baltimore Orioles,Baltimore Orioles,0.5562,0.4438,401816715,4,3,66-69,53-82,0.483,0.407,0.477,0.379,-0.23,-1.35,4.46,4.37,4.69,5.73,,,Brandon Young,Jacob Lopez,4414339,42239,2.0,regular-season,2026-08-29T01:40Z,9:40 PM ET
2026-08-28,Arizona Diamondbacks,San Francisco Giants,Final,Arizona Diamondbacks,Arizona Diamondbacks,0.6051,0.3949,401816714,10,6,72-64,55-80,0.53,0.411,0.502,0.447,0.02,-0.52,4.46,4.19,4.44,4.71,,,Kohl Drake,Blade Tidwell,5264737,4719088,2.0,regular-season,2026-08-29T02:15Z,10:15 PM ET
2026-08-29,Boston Red Sox,New York Yankees,Final,Boston Red Sox,New York Yankees,0.4221,0.5779,401874913,6,0,74-61,76-59,0.547,0.58,0.565,0.595,0.59,0.87,4.42,4.57,3.83,3.7,,,Jake Bennett,Carlos Rodon,4654024,33696,2.0,regular-season,2026-08-29T17:05Z,1:05 PM ET
2026-08-29,Los Angeles Dodgers,Detroit Tigers,Final,Detroit Tigers,Los Angeles Dodgers,0.612,0.388,401816721,1,2,81-55,63-72,0.607,0.473,0.619,0.551,1.15,0.47,4.97,4.48,3.81,4.01,,,Blake Snell,Keider Montero,33748,5182933,2.0,regular-season,2026-08-29T17:10Z,1:10 PM ET
2026-08-29,Chicago White Sox,Minnesota Twins,Final,Chicago White Sox,Chicago White Sox,0.5154,0.4846,401816725,3,2,72-63,64-72,0.513,0.467,0.525,0.457,0.25,-0.45,4.68,4.57,4.43,5.02,,,Erick Fedde,Bailey Ober,33793,3107919,2.0,regular-season,2026-08-29T18:10Z,2:10 PM ET
2026-08-29,Pittsburgh Pirates,St. Louis Cardinals,Final,Pittsburgh Pirates,St. Louis Cardinals,0.4476,0.5524,401816727,6,2,66-71,68-69,0.5,0.497,0.517,0.496,0.17,-0.04,4.79,4.54,4.61,4.58,,,Lake Bachar,Kyle Leahy,42592,5006093,2.0,regular-season,2026-08-29T18:15Z,2:15 PM ET
2026-08-29,Cincinnati Reds,Chicago Cubs,Final,Chicago Cubs,Chicago Cubs,0.408,0.592,401816726,5,17,64-72,77-59,0.467,0.556,0.404,0.588,-0.99,0.94,4.17,5.34,5.15,4.4,,,Andrew Abbott,Kevin Gausman,4414528,32667,2.0,regular-season,2026-08-29T18:20Z,2:20 PM ET
2026-08-29,Seattle Mariners,Toronto Blue Jays,Final,Toronto Blue Jays,Toronto Blue Jays,0.4123,0.5877,401816724,3,4,64-72,67-70,0.464,0.497,0.458,0.477,-0.4,-0.21,4.08,4.06,4.48,4.27,,,Kade Anderson,Jose Soriano,5198748,40973,2.0,regular-season,2026-08-29T19:07Z,3:07 PM ET
2026-08-29,Miami Marlins,Washington Nationals,Final,Washington Nationals,Miami Marlins,0.534,0.466,401816722,4,5,68-68,65-73,0.49,0.464,0.503,0.502,0.03,0.02,4.46,5.11,4.42,5.09,,,Sandy Alcantara,Cade Cavalli,35241,4308037,2.0,regular-season,2026-08-29T20:05Z,4:05 PM ET
2026-08-29,Arizona Diamondbacks,San Francisco Giants,Final,Arizona Diamondbacks,Arizona Diamondbacks,0.6051,0.3949,401816744,7,1,73-64,55-81,0.53,0.411,0.502,0.447,0.02,-0.52,4.46,4.19,4.44,4.71,,,Merrill Kelly,Matt Wilkinson,32968,5339226,2.0,regular-season,2026-08-29T20:05Z,4:05 PM ET
2026-08-29,Colorado Rockies,Atlanta Braves,Final,Atlanta Braves,Atlanta Braves,0.2011,0.7989,401816718,1,2,52-84,81-55,0.367,0.583,0.402,0.58,-1.13,0.74,4.69,4.61,5.82,3.87,,,Zach Agnos,Martin Perez,5207459,31098,2.0,regular-season,2026-08-29T20:10Z,4:10 PM ET
2026-08-29,Houston Astros,New York Mets,Final,New York Mets,Houston Astros,0.5032,0.4968,401816719,2,6,68-68,61-75,0.5,0.46,0.465,0.476,-0.35,-0.23,4.46,4.29,4.81,4.53,,,Bennett Sousa,Nolan McLean,41776,4433874,2.0,regular-season,2026-08-29T20:10Z,4:10 PM ET
2026-08-29,Kansas City Royals,Cleveland Guardians,Final,Kansas City Royals,Cleveland Guardians,0.3659,0.6341,401816720,8,3,62-75,68-68,0.44,0.503,0.437,0.492,-0.63,-0.07,4.23,4.09,4.85,4.17,,,Daniel Lynch IV,Foster Griffin,41227,33773,2.0,regular-season,2026-08-29T20:10Z,4:10 PM ET
2026-08-29,San Diego Padres,Tampa Bay Rays,Final,Tampa Bay Rays,Tampa Bay Rays,0.3973,0.6027,401816723,6,7,72-64,81-54,0.547,0.604,0.517,0.549,0.15,0.46,4.31,4.58,4.16,4.11,,,Walker Buehler,Nick Martinez,39251,33372,2.0,regular-season,2026-08-29T20:10Z,4:10 PM ET
2026-08-29,Texas Rangers,Milwaukee Brewers,Final,Milwaukee Brewers,Milwaukee Brewers,0.3494,0.6506,401816728,3,5,66-70,85-51,0.493,0.62,0.469,0.629,-0.29,1.3,4.16,5.19,4.45,3.89,,,Cal Quantrill,Shane Drohan,39875,4315203,2.0,regular-season,2026-08-29T23:15Z,7:15 PM ET
2026-08-29,Baltimore Orioles,Athletics,Final,Baltimore Orioles,Baltimore Orioles,0.5562,0.4438,401816730,5,3,67-69,53-83,0.483,0.407,0.477,0.379,-0.23,-1.35,4.46,4.37,4.69,5.73,,,Shane Baz,Jack Perkins,39639,4418686,2.0,regular-season,2026-08-30T02:05Z,10:05 PM ET
2026-08-29,Philadelphia Phillies,Los Angeles Angels,Final,Philadelphia Phillies,Philadelphia Phillies,0.6655,0.3345,401816731,4,2,76-60,52-84,0.553,0.38,0.521,0.448,0.21,-0.49,4.5,4.07,4.29,4.56,,,Cristopher Sanchez,Ryan Johnson,42359,5007859,2.0,regular-season,2026-08-30T02:07Z,10:07 PM ET
2026-08-30,Miami Marlins,Washington Nationals,Final,Miami Marlins,Miami Marlins,0.534,0.466,401816737,6,2,69-68,65-74,0.49,0.464,0.503,0.502,0.03,0.02,4.46,5.11,4.42,5.09,,,Janson Junk,Andrew Alvarez,4881980,4300668,2.0,regular-season,2026-08-30T16:15Z,12:15 PM ET
2026-08-30,Boston Red Sox,New York Yankees,Final,New York Yankees,New York Yankees,0.4221,0.5779,401816732,1,16,74-63,78-59,0.547,0.58,0.565,0.595,0.59,0.87,4.42,4.57,3.83,3.7,,,Ranger Suarez,Will Warren,39817,5132011,2.0,regular-season,2026-08-30T17:35Z,1:35 PM ET
2026-08-30,Colorado Rockies,Atlanta Braves,Final,Atlanta Braves,Atlanta Braves,0.2011,0.7989,401816733,2,3,52-85,82-55,0.367,0.583,0.402,0.58,-1.13,0.74,4.69,4.61,5.82,3.87,,,Mason Adams,Tyler Mahle,4758424,34973,2.0,regular-season,2026-08-30T17:35Z,1:35 PM ET
2026-08-30,Seattle Mariners,Toronto Blue Jays,Final,Toronto Blue Jays,Toronto Blue Jays,0.4123,0.5877,401816739,0,7,64-73,68-70,0.464,0.497,0.458,0.477,-0.4,-0.21,4.08,4.06,4.48,4.27,,,Logan Gilbert,Max Scherzer,41221,28976,2.0,regular-season,2026-08-30T17:37Z,1:37 PM ET
2026-08-30,Kansas City Royals,Cleveland Guardians,Final,Cleveland Guardians,Cleveland Guardians,0.3659,0.6341,401816735,1,11,62-76,69-68,0.44,0.503,0.437,0.492,-0.63,-0.07,4.23,4.09,4.85,4.17,,,Seth Lugo,Parker Messick,34873,4619898,2.0,regular-season,2026-08-30T17:40Z,1:40 PM ET
2026-08-30,Los Angeles Dodgers,Detroit Tigers,Final,Los Angeles Dodgers,Los Angeles Dodgers,0.612,0.388,401816736,6,1,82-55,63-73,0.607,0.473,0.619,0.551,1.15,0.47,4.97,4.48,3.81,4.01,,,Tyler Glasnow,Framber Valdez,33190,36581,2.0,regular-season,2026-08-30T17:40Z,1:40 PM ET
2026-08-30,San Diego Padres,Tampa Bay Rays,Final,Tampa Bay Rays,Tampa Bay Rays,0.3973,0.6027,401816738,4,5,72-65,82-54,0.547,0.604,0.517,0.549,0.15,0.46,4.31,4.58,4.16,4.11,,,Robbie Ray,Drew Rasmussen,32175,42584,2.0,regular-season,2026-08-30T17:40Z,1:40 PM ET
2026-08-30,Chicago White Sox,Minnesota Twins,Final,Minnesota Twins,Chicago White Sox,0.5154,0.4846,401816740,1,5,72-64,65-72,0.513,0.467,0.525,0.457,0.25,-0.45,4.68,4.57,4.43,5.02,,,Jordan Hicks,Zebby Matthews,37909,4791597,2.0,regular-season,2026-08-30T18:10Z,2:10 PM ET
2026-08-30,Texas Rangers,Milwaukee Brewers,Final,Texas Rangers,Milwaukee Brewers,0.3494,0.6506,401816743,7,4,67-70,85-52,0.493,0.62,0.469,0.629,-0.29,1.3,4.16,5.19,4.45,3.89,,,Kumar Rocker,Dustin May,4414525,40937,2.0,regular-season,2026-08-30T18:10Z,2:10 PM ET
2026-08-30,Pittsburgh Pirates,St. Louis Cardinals,Final,Pittsburgh Pirates,St. Louis Cardinals,0.4476,0.5524,401816742,5,4,67-71,68-70,0.5,0.497,0.517,0.496,0.17,-0.04,4.79,4.54,4.61,4.58,,,Braxton Ashcraft,Matthew Liberatore,41282,41173,2.0,regular-season,2026-08-30T18:15Z,2:15 PM ET
2026-08-30,Houston Astros,New York Mets,Final,Houston Astros,Houston Astros,0.5032,0.4968,401816734,6,3,69-68,61-76,0.5,0.46,0.465,0.476,-0.35,-0.23,4.46,4.29,4.81,4.53,,,Ethan Pecko,Zac Thornton,4944276,5129576,2.0,regular-season,2026-08-30T19:10Z,3:10 PM ET
2026-08-30,Baltimore Orioles,Athletics,Final,Baltimore Orioles,Baltimore Orioles,0.5562,0.4438,401816745,8,5,68-69,53-84,0.483,0.407,0.477,0.379,-0.23,-1.35,4.46,4.37,4.69,5.73,,,Chris Bassitt,Jeffrey Springs,33148,35397,2.0,regular-season,2026-08-30T20:05Z,4:05 PM ET
2026-08-30,Philadelphia Phillies,Los Angeles Angels,Final,Philadelphia Phillies,Philadelphia Phillies,0.6655,0.3345,401816746,5,2,77-60,52-85,0.553,0.38,0.521,0.448,0.21,-0.49,4.5,4.07,4.29,4.56,,,Zack Wheeler,Yusei Kikuchi,31267,41415,2.0,regular-season,2026-08-30T20:07Z,4:07 PM ET
2026-08-30,Cincinnati Reds,Chicago Cubs,Final,Cincinnati Reds,Chicago Cubs,0.408,0.592,401816741,7,5,65-72,77-60,0.467,0.556,0.404,0.588,-0.99,0.94,4.17,5.34,5.15,4.4,,,Chase Burns,Shota Imanaga,4927516,5134630,2.0,regular-season,2026-08-30T23:20Z,7:20 PM ET
2026-08-31,San Francisco Giants,Atlanta Braves,Final,San Francisco Giants,Atlanta Braves,0.2646,0.7354,401878657,7,3,57-81,82-56,0.411,0.583,0.447,0.58,-0.52,0.74,4.19,4.61,4.71,3.87,,,Anthony Molina,Bryce Elder,5016983,4301067,2.0,regular-season,2026-08-31T22:05Z,6:05 PM ET
2026-08-31,New York Mets,Tampa Bay Rays,Final,New York Mets,Tampa Bay Rays,0.29,0.71,401816748,3,2,62-76,82-55,0.46,0.604,0.476,0.549,-0.23,0.46,4.29,4.58,4.53,4.11,,,Robert Stock,Ian Seymour,30577,4669425,2.0,regular-season,2026-08-31T22:40Z,6:40 PM ET
2026-08-31,San Diego Padres,Cincinnati Reds,Final,San Diego Padres,San Diego Padres,0.5608,0.4392,401816749,5,0,73-65,65-73,0.547,0.467,0.517,0.404,0.15,-0.99,4.31,4.17,4.16,5.15,,,Michael King,Brady Singer,40429,41172,2.0,regular-season,2026-08-31T22:40Z,6:40 PM ET
2026-08-31,Miami Marlins,Washington Nationals,Final,Washington Nationals,Miami Marlins,0.534,0.466,401816747,3,6,69-69,66-74,0.49,0.464,0.503,0.502,0.03,0.02,4.46,5.11,4.42,5.09,,,Ryan Gusto,Will Dion,5131986,4420174,2.0,regular-season,2026-08-31T22:45Z,6:45 PM ET
2026-08-31,Seattle Mariners,Boston Red Sox,Final,Boston Red Sox,Boston Red Sox,0.3658,0.6342,401816750,8,9,64-74,75-63,0.464,0.547,0.458,0.565,-0.4,0.59,4.08,4.42,4.48,3.83,,,George Kirby,Payton Tolle,42406,4966140,2.0,regular-season,2026-08-31T22:45Z,6:45 PM ET
2026-08-31,Detroit Tigers,Minnesota Twins,Final,Minnesota Twins,Minnesota Twins,0.4734,0.5266,401816753,1,11,63-74,66-72,0.473,0.467,0.551,0.457,0.47,-0.45,4.48,4.57,4.01,5.02,,,Jackson Jobe,Taj Bradley,4872647,42480,2.0,regular-season,2026-08-31T23:40Z,7:40 PM ET
2026-08-31,Milwaukee Brewers,Chicago Cubs,Final,Chicago Cubs,Milwaukee Brewers,0.5568,0.4432,401816754,3,17,85-53,78-60,0.62,0.556,0.629,0.588,1.3,0.94,5.19,5.34,3.89,4.4,,,Kyle Harrison,Clay Holmes,4683375,32827,2.0,regular-season,2026-08-31T23:40Z,7:40 PM ET
2026-08-31,Athletics,Texas Rangers,Final,Texas Rangers,Texas Rangers,0.3349,0.6651,401816751,1,8,53-85,68-70,0.407,0.493,0.379,0.469,-1.35,-0.29,4.37,4.16,5.73,4.45,,,Gage Jump,Jacob deGrom,5023852,32796,2.0,regular-season,2026-09-01T00:05Z,8:05 PM ET
2026-08-31,Chicago White Sox,Houston Astros,Final,Houston Astros,Houston Astros,0.4634,0.5366,401816752,3,6,72-65,70-68,0.513,0.5,0.525,0.465,0.25,-0.35,4.68,4.46,4.43,4.81,,,Anthony Kay,Peter Lambert,40947,39898,2.0,regular-season,2026-09-01T00:10Z,8:10 PM ET
2026-08-31,Baltimore Orioles,Colorado Rockies,Final,Baltimore Orioles,Baltimore Orioles,0.628,0.372,401816755,2,1,69-69,52-86,0.483,0.367,0.477,0.402,-0.23,-1.13,4.46,4.69,4.69,5.82,,,Cade Povich,Tanner Gordon,5085743,4415658,2.0,regular-season,2026-09-01T00:40Z,8:40 PM ET
2026-08-31,New York Yankees,Los Angeles Angels,Final,Los Angeles Angels,New York Yankees,0.6958,0.3042,401816756,1,10,78-60,53-85,0.58,0.38,0.595,0.448,0.87,-0.49,4.57,4.07,3.7,4.56,,,Elmer Rodriguez,Walbert Urena,5194637,5197476,2.0,regular-season,2026-09-01T01:38Z,9:38 PM ET
2026-08-31,Philadelphia Phillies,Arizona Diamondbacks,Final,Philadelphia Phillies,Arizona Diamondbacks,0.4878,0.5122,401816757,2,1,78-60,73-66,0.553,0.53,0.521,0.502,0.21,0.02,4.5,4.46,4.29,4.44,,,Aaron Nola,Brandon Pfaadt,33709,4721302,2.0,regular-season,2026-09-01T01:40Z,9:40 PM ET
2026-09-01,New York Mets,Tampa Bay Rays,Final,Tampa Bay Rays,Tampa Bay Rays,0.29,0.71,401816759,2,6,62-77,83-55,0.46,0.604,0.476,0.549,-0.23,0.46,4.29,4.58,4.53,4.11,,,Sean Manaea,Freddy Peralta,33244,39825,2.0,regular-season,2026-09-01T22:40Z,6:40 PM ET
2026-09-01,San Diego Padres,Cincinnati Reds,Final,Cincinnati Reds,San Diego Padres,0.5608,0.4392,401816760,3,4,73-66,66-73,0.547,0.467,0.517,0.404,0.15,-0.99,4.31,4.17,4.16,5.15,,,Randy Vasquez,Nick Lodolo,4722847,42433,2.0,regular-season,2026-09-01T22:40Z,6:40 PM ET
2026-09-01,San Francisco Giants,Pittsburgh Pirates,Final,Pittsburgh Pirates,Pittsburgh Pirates,0.3743,0.6257,401816762,12,13,57-82,68-71,0.411,0.5,0.447,0.517,-0.52,0.17,4.19,4.79,4.71,4.61,,,Logan Webb,Paul Skenes,41216,4719507,2.0,regular-season,2026-09-01T22:40Z,6:40 PM ET
2026-09-01,Toronto Blue Jays,Cleveland Guardians,Final,Cleveland Guardians,Cleveland Guardians,0.4518,0.5482,401816763,1,6,68-71,70-68,0.497,0.503,0.477,0.492,-0.21,-0.07,4.06,4.09,4.27,4.17,,,Spencer Miles,Gavin Williams,4833671,4345076,2.0,regular-season,2026-09-01T22:40Z,6:40 PM ET
2026-09-01,Atlanta Braves,Washington Nationals,Final,Washington Nationals,Atlanta Braves,0.6501,0.3499,401816758,5,9,82-57,67-74,0.583,0.464,0.58,0.502,0.74,0.02,4.61,5.11,3.87,5.09,,,AJ Smith-Shawver,Jake Irvin,4917640,41290,2.0,regular-season,2026-09-01T22:45Z,6:45 PM ET
2026-09-01,Seattle Mariners,Boston Red Sox,Final,Seattle Mariners,Boston Red Sox,0.3658,0.6342,401816761,9,6,65-74,75-64,0.464,0.547,0.458,0.565,-0.4,0.59,4.08,4.42,4.48,3.83,,,Bryan Woo,Jedixson Paez,4629089,5332994,2.0,regular-season,2026-09-01T22:45Z,6:45 PM ET
2026-09-01,Detroit Tigers,Minnesota Twins,Final,Minnesota Twins,Minnesota Twins,0.4734,0.5266,401816766,2,15,63-75,67-72,0.473,0.467,0.551,0.457,0.47,-0.45,4.48,4.57,4.01,5.02,,,Troy Melton,Andrew Morris,5294127,5007765,2.0,regular-season,2026-09-01T23:40Z,7:40 PM ET
2026-09-01,Miami Marlins,Kansas City Royals,Final,Miami Marlins,Miami Marlins,0.5139,0.4861,401816767,6,3,70-69,62-77,0.49,0.44,0.503,0.437,0.03,-0.63,4.46,4.23,4.42,4.85,,,Tyler Phillips,Randy Dobnak,41247,42214,2.0,regular-season,2026-09-01T23:40Z,7:40 PM ET
2026-09-01,Milwaukee Brewers,Chicago Cubs,Final,Milwaukee Brewers,Milwaukee Brewers,0.5568,0.4432,401816768,9,4,86-53,78-61,0.62,0.556,0.629,0.588,1.3,0.94,5.19,5.34,3.89,4.4,,,Robert Gasser,Matthew Boyd,4918251,34401,2.0,regular-season,2026-09-01T23:40Z,7:40 PM ET
2026-09-01,Athletics,Texas Rangers,Final,Texas Rangers,Texas Rangers,0.3349,0.6651,401816764,5,8,53-86,69-70,0.407,0.493,0.379,0.469,-1.35,-0.29,4.37,4.16,5.73,4.45,,,Brady Basso,MacKenzie Gore,4179551,39636,2.0,regular-season,2026-09-02T00:05Z,8:05 PM ET
2026-09-01,Chicago White Sox,Houston Astros,Final,Chicago White Sox,Houston Astros,0.4634,0.5366,401816765,5,1,73-65,70-69,0.513,0.5,0.525,0.465,0.25,-0.35,4.68,4.46,4.43,4.81,,,Sean Burke,Ronel Blanco,4867679,41829,2.0,regular-season,2026-09-02T00:10Z,8:10 PM ET
2026-09-01,Baltimore Orioles,Colorado Rockies,Final,Colorado Rockies,Baltimore Orioles,0.628,0.372,401816769,2,4,69-70,53-86,0.483,0.367,0.477,0.402,-0.23,-1.13,4.46,4.69,4.69,5.82,,,Kyle Bradish,Gabriel Hughes,4311625,4634930,2.0,regular-season,2026-09-02T00:40Z,8:40 PM ET
2026-09-01,New York Yankees,Los Angeles Angels,Final,New York Yankees,New York Yankees,0.6958,0.3042,401816770,7,3,79-60,53-86,0.58,0.38,0.595,0.448,0.87,-0.49,4.57,4.07,3.7,4.56,,,Gerrit Cole,Grayson Rodriguez,32081,41196,2.0,regular-season,2026-09-02T01:38Z,9:38 PM ET
2026-09-01,Philadelphia Phillies,Arizona Diamondbacks,Final,Philadelphia Phillies,Arizona Diamondbacks,0.4878,0.5122,401816771,7,1,79-60,73-67,0.553,0.53,0.521,0.502,0.21,0.02,4.5,4.46,4.29,4.44,,,Jesus Luzardo,Eduardo Rodriguez,39667,32675,2.0,regular-season,2026-09-02T01:40Z,9:40 PM ET
2026-09-01,St. Louis Cardinals,Los Angeles Dodgers,Final,St. Louis Cardinals,Los Angeles Dodgers,0.3373,0.6627,401816772,13,8,69-70,82-56,0.497,0.607,0.496,0.619,-0.04,1.15,4.54,4.97,4.58,3.81,,,Michael McGreevy,Eric Lauer,4424141,39915,2.0,regular-season,2026-09-02T02:10Z,10:10 PM ET
2026-09-02,San Diego Padres,Cincinnati Reds,Final,Cincinnati Reds,San Diego Padres,0.5608,0.4392,401816775,3,7,73-67,67-73,0.547,0.467,0.517,0.404,0.15,-0.99,4.31,4.17,4.16,5.15,,,Casey Mize,Brandon Williamson,41167,42431,2.0,regular-season,2026-09-02T16:40Z,12:40 PM ET
2026-09-02,Atlanta Braves,Washington Nationals,Final,Atlanta Braves,Atlanta Braves,0.6501,0.3499,401816773,9,0,83-57,67-75,0.583,0.464,0.58,0.502,0.74,0.02,4.61,5.11,3.87,5.09,,,Grant Holmes,Brad Lord,33840,4866810,2.0,regular-season,2026-09-02T17:05Z,1:05 PM ET
2026-09-02,Athletics,Texas Rangers,Final,Athletics,Texas Rangers,0.3349,0.6651,401816779,9,2,54-86,69-71,0.407,0.493,0.379,0.469,-1.35,-0.29,4.37,4.16,5.73,4.45,,,Jacob Lopez,Cody Bradford,42239,4142539,2.0,regular-season,2026-09-02T18:35Z,2:35 PM ET
2026-09-02,Baltimore Orioles,Colorado Rockies,Final,Colorado Rockies,Baltimore Orioles,0.628,0.372,401816784,5,6,69-71,54-86,0.483,0.367,0.477,0.402,-0.23,-1.13,4.46,4.69,4.69,5.82,,,Trevor Rogers,Tomoyuki Sugano,39640,4142423,2.0,regular-season,2026-09-02T19:10Z,3:10 PM ET
2026-09-02,Philadelphia Phillies,Arizona Diamondbacks,Final,Arizona Diamondbacks,Arizona Diamondbacks,0.4878,0.5122,401816786,0,1,79-61,74-67,0.553,0.53,0.521,0.502,0.21,0.02,4.5,4.46,4.29,4.44,,,Andrew Painter,Taylor Clarke,4872683,35277,2.0,regular-season,2026-09-02T19:40Z,3:40 PM ET
2026-09-02,Seattle Mariners,Boston Red Sox,Final,Seattle Mariners,Boston Red Sox,0.3658,0.6342,401816776,8,3,66-74,75-65,0.464,0.547,0.458,0.565,-0.4,0.59,4.08,4.42,4.48,3.83,,,Bryce Miller,Patrick Sandoval,4654313,40975,2.0,regular-season,2026-09-02T20:10Z,4:10 PM ET
2026-09-02,New York Mets,Tampa Bay Rays,Final,New York Mets,Tampa Bay Rays,0.29,0.71,401816774,10,4,63-77,83-56,0.46,0.604,0.476,0.549,-0.23,0.46,4.29,4.58,4.53,4.11,,,Justin Hagenman,Griffin Jax,4991251,42604,2.0,regular-season,2026-09-02T22:40Z,6:40 PM ET
2026-09-02,San Francisco Giants,Pittsburgh Pirates,Final,San Francisco Giants,Pittsburgh Pirates,0.3743,0.6257,401816777,5,4,58-82,68-72,0.411,0.5,0.447,0.517,-0.52,0.17,4.19,4.79,4.71,4.61,,,Landen Roupp,Bubba Chandler,4345404,4683325,2.0,regular-season,2026-09-02T22:40Z,6:40 PM ET
2026-09-02,Toronto Blue Jays,Cleveland Guardians,Final,Toronto Blue Jays,Cleveland Guardians,0.4518,0.5482,401816778,11,0,69-71,70-69,0.497,0.503,0.477,0.492,-0.21,-0.07,4.06,4.09,4.27,4.17,,,Dylan Cease,Joey Cantillo,34943,42488,2.0,regular-season,2026-09-02T22:40Z,6:40 PM ET
2026-09-02,Detroit Tigers,Minnesota Twins,Final,Detroit Tigers,Minnesota Twins,0.4734,0.5266,401816781,11,6,64-75,67-73,0.473,0.467,0.551,0.457,0.47,-0.45,4.48,4.57,4.01,5.02,,,Drew Anderson,Dean Kremer,41125,38295,2.0,regular-season,2026-09-02T23:40Z,7:40 PM ET
2026-09-02,Miami Marlins,Kansas City Royals,Final,Miami Marlins,Miami Marlins,0.5139,0.4861,401816782,9,6,71-69,62-78,0.49,0.44,0.503,0.437,0.03,-0.63,4.46,4.23,4.42,4.85,,,Eury Perez,Noah Cameron,4917854,4417208,2.0,regular-season,2026-09-02T23:40Z,7:40 PM ET
2026-09-02,Milwaukee Brewers,Chicago Cubs,Final,Milwaukee Brewers,Milwaukee Brewers,0.5568,0.4432,401816783,9,5,87-53,78-62,0.62,0.556,0.629,0.588,1.3,0.94,5.19,5.34,3.89,4.4,,,Jacob Misiorowski,David Peterson,5080761,40921,2.0,regular-season,2026-09-02T23:40Z,7:40 PM ET
2026-09-02,Chicago White Sox,Houston Astros,Final,Houston Astros,Houston Astros,0.4634,0.5366,401816780,0,2,73-66,71-69,0.513,0.5,0.525,0.465,0.25,-0.35,4.68,4.46,4.43,4.81,,,Davis Martin,Hayden Wesneski,42823,42996,2.0,regular-season,2026-09-03T00:10Z,8:10 PM ET
2026-09-02,New York Yankees,Los Angeles Angels,Final,New York Yankees,New York Yankees,0.6958,0.3042,401816785,6,3,80-60,53-87,0.58,0.38,0.595,0.448,0.87,-0.49,4.57,4.07,3.7,4.56,,,Cam Schlittler,Reid Detmers,5134581,4326697,2.0,regular-season,2026-09-03T01:38Z,9:38 PM ET
2026-09-02,St. Louis Cardinals,Los Angeles Dodgers,Final,St. Louis Cardinals,Los Angeles Dodgers,0.3373,0.6627,401816787,8,6,70-70,82-57,0.497,0.607,0.496,0.619,-0.04,1.15,4.54,4.97,4.58,3.81,,,Brycen Mautz,Yoshinobu Yamamoto,5067321,4872587,2.0,regular-season,2026-09-03T02:10Z,10:10 PM ET
2026-09-03,San Francisco Giants,Pittsburgh Pirates,Final,Pittsburgh Pirates,Pittsburgh Pirates,0.3743,0.6257,401816789,2,5,58-83,69-72,0.411,0.5,0.447,0.517,-0.52,0.17,4.19,4.79,4.71,4.61,,,Blade Tidwell,Lake Bachar,4719088,42592,2.0,regular-season,2026-09-03T16:35Z,12:35 PM ET
2026-09-03,Toronto Blue Jays,Cleveland Guardians,Final,Toronto Blue Jays,Cleveland Guardians,0.4518,0.5482,401816790,6,3,70-71,70-70,0.497,0.503,0.477,0.492,-0.21,-0.07,4.06,4.09,4.27,4.17,,,Jose Soriano,Tanner Bibee,40973,4345278,2.0,regular-season,2026-09-03T17:10Z,1:10 PM ET
2026-09-03,Chicago White Sox,Houston Astros,Final,Houston Astros,Houston Astros,0.4634,0.5366,401816791,2,6,73-67,72-69,0.513,0.5,0.525,0.465,0.25,-0.35,4.68,4.46,4.43,4.81,,,Luis Castillo,Hunter Brown,35124,4717803,2.0,regular-season,2026-09-03T18:10Z,2:10 PM ET
2026-09-03,Boston Red Sox,Baltimore Orioles,Final,Boston Red Sox,Boston Red Sox,0.5507,0.4493,401816788,6,5,76-65,69-72,0.547,0.483,0.565,0.477,0.59,-0.23,4.42,4.46,3.83,4.69,,,Jake Bennett,Brandon Young,4654024,4414339,2.0,regular-season,2026-09-03T23:15Z,7:15 PM ET
2026-09-03,Milwaukee Brewers,Chicago Cubs,Final,Chicago Cubs,Milwaukee Brewers,0.5568,0.4432,401816793,1,2,87-54,79-62,0.62,0.556,0.629,0.588,1.3,0.94,5.19,5.34,3.89,4.4,,,Logan Henderson,Kevin Gausman,4917878,32667,2.0,regular-season,2026-09-03T23:15Z,7:15 PM ET
2026-09-03,Miami Marlins,Kansas City Royals,Final,Kansas City Royals,Miami Marlins,0.5139,0.4861,401816792,3,7,71-70,63-78,0.49,0.44,0.503,0.437,0.03,-0.63,4.46,4.23,4.42,4.85,,,Sandy Alcantara,Michael Wacha,35241,32640,2.0,regular-season,2026-09-03T23:40Z,7:40 PM ET
2026-09-03,Tampa Bay Rays,Texas Rangers,Final,Texas Rangers,Tampa Bay Rays,0.5865,0.4135,401816794,0,6,83-57,70-71,0.604,0.493,0.549,0.469,0.46,-0.29,4.58,4.16,4.11,4.45,,,Shane McClanahan,Cal Quantrill,41199,39875,2.0,regular-season,2026-09-04T00:05Z,8:05 PM ET
2026-09-03,Athletics,Seattle Mariners,Final,Athletics,Seattle Mariners,0.367,0.633,401816795,7,4,55-86,66-75,0.407,0.464,0.379,0.458,-1.35,-0.4,4.37,4.08,5.73,4.48,,,Jack Perkins,Kade Anderson,4418686,5198748,2.0,regular-season,2026-09-04T01:40Z,9:40 PM ET
2026-09-03,St. Louis Cardinals,Los Angeles Dodgers,Final,Los Angeles Dodgers,Los Angeles Dodgers,0.3373,0.6627,401816796,2,3,70-71,83-57,0.497,0.607,0.496,0.619,-0.04,1.15,4.54,4.97,4.58,3.81,,,Quinn Mathews,Tarik Skubal,4837405,42409,2.0,regular-season,2026-09-04T02:10Z,10:10 PM ET
2026-09-04,Detroit Tigers,Cleveland Guardians,Final,Cleveland Guardians,Cleveland Guardians,0.3959,0.6041,401877193,6,7,64-76,71-70,0.473,0.503,0.551,0.492,0.47,-0.07,4.48,4.09,4.01,4.17,,,Keider Montero,Logan Allen,5182933,4683350,2.0,regular-season,2026-09-04T18:10Z,2:10 PM ET
2026-09-04,Milwaukee Brewers,Cincinnati Reds,Final,Milwaukee Brewers,Milwaukee Brewers,0.6068,0.3932,401816802,10,7,88-54,67-74,0.62,0.467,0.629,0.404,1.3,-0.99,5.19,4.17,3.89,5.15,,,Shane Drohan,Rhett Lowder,4315203,4758873,2.0,regular-season,2026-09-04T22:10Z,6:10 PM ET
2026-09-04,Los Angeles Angels,Pittsburgh Pirates,Final,Pittsburgh Pirates,Pittsburgh Pirates,0.3414,0.6586,401816797,0,1,53-88,70-72,0.38,0.5,0.448,0.517,-0.49,0.17,4.07,4.79,4.56,4.61,,,Ryan Johnson,Jared Jones,5007859,4918156,2.0,regular-season,2026-09-04T22:40Z,6:40 PM ET
2026-09-04,Atlanta Braves,Philadelphia Phillies,Final,Atlanta Braves,Philadelphia Phillies,0.4945,0.5055,401816798,5,2,84-57,79-62,0.583,0.553,0.58,0.521,0.74,0.21,4.61,4.5,3.87,4.29,,,Chris Sale,Cristopher Sanchez,30948,42359,2.0,regular-season,2026-09-04T22:40Z,6:40 PM ET
2026-09-04,Boston Red Sox,Baltimore Orioles,Final,Boston Red Sox,Boston Red Sox,0.5507,0.4493,401816799,1,0,77-65,69-73,0.547,0.483,0.565,0.477,0.59,-0.23,4.42,4.46,3.83,4.69,,,Ranger Suarez,Shane Baz,39817,39639,2.0,regular-season,2026-09-04T23:05Z,7:05 PM ET
2026-09-04,Chicago Cubs,Miami Marlins,Final,Chicago Cubs,Miami Marlins,0.4954,0.5046,401816800,6,1,80-62,71-71,0.556,0.49,0.588,0.503,0.94,0.03,5.34,4.46,4.4,4.42,,,Shota Imanaga,Janson Junk,5134630,4881980,2.0,regular-season,2026-09-04T23:10Z,7:10 PM ET
2026-09-04,San Francisco Giants,New York Mets,Final,New York Mets,New York Mets,0.3981,0.6019,401816803,6,10,58-84,64-77,0.411,0.46,0.447,0.476,-0.52,-0.23,4.19,4.29,4.71,4.53,,,Matt Wilkinson,Nolan McLean,5339226,4433874,2.0,regular-season,2026-09-04T23:10Z,7:10 PM ET
2026-09-04,Minnesota Twins,Chicago White Sox,Final,Chicago White Sox,Chicago White Sox,0.4026,0.5974,401816805,1,4,67-74,74-67,0.467,0.513,0.457,0.525,-0.45,0.25,4.57,4.68,5.02,4.43,,,Zebby Matthews,Erick Fedde,4791597,33793,2.0,regular-season,2026-09-04T23:40Z,7:40 PM ET
2026-09-04,Tampa Bay Rays,Texas Rangers,Final,Tampa Bay Rays,Tampa Bay Rays,0.5865,0.4135,401816806,7,6,84-57,70-72,0.604,0.493,0.549,0.469,0.46,-0.29,4.58,4.16,4.11,4.45,,,Nick Martinez,Trevor Williams,33372,33305,2.0,regular-season,2026-09-05T00:05Z,8:05 PM ET
2026-09-04,Arizona Diamondbacks,Houston Astros,Final,Houston Astros,Arizona Diamondbacks,0.5001,0.4999,401816804,1,3,74-68,73-69,0.53,0.5,0.502,0.465,0.02,-0.35,4.46,4.46,4.44,4.81,,,Merrill Kelly,Cristian Javier,32968,41261,2.0,regular-season,2026-09-05T00:10Z,8:10 PM ET
2026-09-04,Toronto Blue Jays,Kansas City Royals,Final,Toronto Blue Jays,Toronto Blue Jays,0.5474,0.4526,401816807,9,2,71-71,63-79,0.497,0.44,0.477,0.437,-0.21,-0.63,4.06,4.23,4.27,4.85,,,Jameson Taillon,Daniel Lynch IV,31258,41227,2.0,regular-season,2026-09-05T00:10Z,8:10 PM ET
2026-09-04,St. Louis Cardinals,Colorado Rockies,Final,St. Louis Cardinals,St. Louis Cardinals,0.6415,0.3585,401816808,7,6,71-71,54-87,0.497,0.367,0.496,0.402,-0.04,-1.13,4.54,4.69,4.58,5.82,,,Andre Pallante,Ryan Feltner,4109034,4019484,2.0,regular-season,2026-09-05T00:40Z,8:40 PM ET
2026-09-04,New York Yankees,San Diego Padres,Final,San Diego Padres,San Diego Padres,0.4896,0.5104,401816810,2,3,80-61,74-67,0.58,0.547,0.595,0.517,0.87,0.15,4.57,4.31,3.7,4.16,,,Max Fried,Walker Buehler,32685,39251,2.0,regular-season,2026-09-05T01:40Z,9:40 PM ET
2026-09-04,Athletics,Seattle Mariners,Final,Athletics,Seattle Mariners,0.367,0.633,401816809,7,6,56-86,66-76,0.407,0.464,0.379,0.458,-1.35,-0.4,4.37,4.08,5.73,4.48,,,Kade Morris,Logan Gilbert,4865840,41221,2.0,regular-season,2026-09-05T02:10Z,10:10 PM ET
2026-09-04,Washington Nationals,Los Angeles Dodgers,Final,Los Angeles Dodgers,Los Angeles Dodgers,0.2695,0.7305,401816811,3,5,67-76,84-57,0.464,0.607,0.502,0.619,0.02,1.15,5.11,4.97,5.09,3.81,,,Jackson Kent,Blake Snell,5007807,33748,2.0,regular-season,2026-09-05T02:10Z,10:10 PM ET
2026-09-05,Chicago Cubs,Miami Marlins,Final,Chicago Cubs,Miami Marlins,0.4954,0.5046,401816815,6,5,81-62,71-72,0.556,0.49,0.588,0.503,0.94,0.03,5.34,4.46,4.4,4.42,,,Javier Assad,Ryan Gusto,5002950,5131986,2.0,regular-season,2026-09-05T20:10Z,4:10 PM ET
2026-09-05,San Francisco Giants,New York Mets,Final,San Francisco Giants,New York Mets,0.3981,0.6019,401816818,9,5,59-84,64-78,0.411,0.46,0.447,0.476,-0.52,-0.23,4.19,4.29,4.71,4.53,,,Anthony Molina,Zac Thornton,5016983,5129576,2.0,regular-season,2026-09-05T20:10Z,4:10 PM ET
2026-09-05,Atlanta Braves,Philadelphia Phillies,Final,Philadelphia Phillies,Philadelphia Phillies,0.4945,0.5055,401816813,2,4,84-58,80-62,0.583,0.553,0.58,0.521,0.74,0.21,4.61,4.5,3.87,4.29,,,Martin Perez,Zack Wheeler,31098,31267,2.0,regular-season,2026-09-05T22:05Z,6:05 PM ET
2026-09-05,Detroit Tigers,Cleveland Guardians,Final,Detroit Tigers,Cleveland Guardians,0.3959,0.6041,401816816,6,0,65-77,72-71,0.473,0.503,0.551,0.492,0.47,-0.07,4.48,4.09,4.01,4.17,,,Framber Valdez,Parker Messick,36581,4619898,2.0,regular-season,2026-09-05T22:10Z,6:10 PM ET
2026-09-05,Los Angeles Angels,Pittsburgh Pirates,Final,Los Angeles Angels,Pittsburgh Pirates,0.3414,0.6586,401816812,6,1,54-88,70-73,0.38,0.5,0.448,0.517,-0.49,0.17,4.07,4.79,4.56,4.61,,,Yusei Kikuchi,Braxton Ashcraft,41415,41282,2.0,regular-season,2026-09-05T22:40Z,6:40 PM ET
2026-09-05,Milwaukee Brewers,Cincinnati Reds,Final,Cincinnati Reds,Milwaukee Brewers,0.6068,0.3932,401816817,3,5,88-55,68-74,0.62,0.467,0.629,0.404,1.3,-0.99,5.19,4.17,3.89,5.15,,,Dustin May,Andrew Abbott,40937,4414528,2.0,regular-season,2026-09-05T22:40Z,6:40 PM ET
2026-09-05,Boston Red Sox,Baltimore Orioles,Final,Boston Red Sox,Boston Red Sox,0.5507,0.4493,401816814,5,0,78-65,69-74,0.547,0.483,0.565,0.477,0.59,-0.23,4.42,4.46,3.83,4.69,,,Sonny Gray,Chris Bassitt,32082,33148,2.0,regular-season,2026-09-05T23:05Z,7:05 PM ET
2026-09-05,Tampa Bay Rays,Texas Rangers,Final,Tampa Bay Rays,Tampa Bay Rays,0.5865,0.4135,401816821,6,3,85-57,70-73,0.604,0.493,0.549,0.469,0.46,-0.29,4.58,4.16,4.11,4.45,,,Drew Rasmussen,Jacob deGrom,42584,32796,2.0,regular-season,2026-09-05T23:05Z,7:05 PM ET
2026-09-05,Minnesota Twins,Chicago White Sox,Final,Minnesota Twins,Chicago White Sox,0.4026,0.5974,401816820,6,4,68-74,74-68,0.467,0.513,0.457,0.525,-0.45,0.25,4.57,4.68,5.02,4.43,,,Taj Bradley,Anthony Kay,42480,40947,2.0,regular-season,2026-09-05T23:10Z,7:10 PM ET
2026-09-05,Toronto Blue Jays,Kansas City Royals,Final,Toronto Blue Jays,Toronto Blue Jays,0.5474,0.4526,401816822,4,3,72-71,63-80,0.497,0.44,0.477,0.437,-0.21,-0.63,4.06,4.23,4.27,4.85,,,Max Scherzer,Seth Lugo,28976,34873,2.0,regular-season,2026-09-05T23:10Z,7:10 PM ET
2026-09-05,Arizona Diamondbacks,Houston Astros,Final,Arizona Diamondbacks,Arizona Diamondbacks,0.5001,0.4999,401816819,4,3,75-68,73-70,0.53,0.5,0.502,0.465,0.02,-0.35,4.46,4.46,4.44,4.81,,,Brandon Pfaadt,Ethan Pecko,4721302,4944276,2.0,regular-season,2026-09-05T23:15Z,7:15 PM ET
2026-09-05,New York Yankees,San Diego Padres,Final,New York Yankees,San Diego Padres,0.4896,0.5104,401816825,5,1,81-61,74-68,0.58,0.547,0.595,0.517,0.87,0.15,4.57,4.31,3.7,4.16,,,Carlos Rodon,Robbie Ray,33696,32175,2.0,regular-season,2026-09-05T23:15Z,7:15 PM ET
2026-09-05,St. Louis Cardinals,Colorado Rockies,Final,Colorado Rockies,St. Louis Cardinals,0.6415,0.3585,401816823,7,10,71-72,55-87,0.497,0.367,0.496,0.402,-0.04,-1.13,4.54,4.69,4.58,5.82,,,Matthew Liberatore,Mason Adams,41173,4758424,2.0,regular-season,2026-09-06T00:10Z,8:10 PM ET
2026-09-05,Washington Nationals,Los Angeles Dodgers,Final,Los Angeles Dodgers,Los Angeles Dodgers,0.2695,0.7305,401816826,5,6,67-77,85-57,0.464,0.607,0.502,0.619,0.02,1.15,5.11,4.97,5.09,3.81,,,Cade Cavalli,Tyler Glasnow,4308037,33190,2.0,regular-season,2026-09-06T01:10Z,9:10 PM ET
2026-09-05,Athletics,Seattle Mariners,Final,Athletics,Seattle Mariners,0.367,0.633,401816824,6,2,57-86,66-77,0.407,0.464,0.379,0.458,-1.35,-0.4,4.37,4.08,5.73,4.48,,,Jeffrey Springs,George Kirby,35397,42406,2.0,regular-season,2026-09-06T01:40Z,9:40 PM ET
2026-09-06,Milwaukee Brewers,Cincinnati Reds,Final,Cincinnati Reds,Milwaukee Brewers,0.6068,0.3932,401816832,8,12,88-56,69-74,0.62,0.467,0.629,0.404,1.3,-0.99,5.19,4.17,3.89,5.15,,,Kyle Harrison,Brady Singer,4683375,41172,2.0,regular-season,2026-09-06T16:10Z,12:10 PM ET
2026-09-06,Atlanta Braves,Philadelphia Phillies,Final,Atlanta Braves,Philadelphia Phillies,0.4945,0.5055,401816828,5,4,85-58,80-63,0.583,0.553,0.58,0.521,0.74,0.21,4.61,4.5,3.87,4.29,,,Tyler Mahle,Aaron Nola,34973,33709,2.0,regular-season,2026-09-06T17:10Z,1:10 PM ET
2026-09-06,Los Angeles Angels,Pittsburgh Pirates,Final,Pittsburgh Pirates,Pittsburgh Pirates,0.3414,0.6586,401816827,0,1,54-89,71-73,0.38,0.5,0.448,0.517,-0.49,0.17,4.07,4.79,4.56,4.61,,,Walbert Urena,Paul Skenes,5197476,4719507,2.0,regular-season,2026-09-06T17:35Z,1:35 PM ET
2026-09-06,Boston Red Sox,Baltimore Orioles,Final,Boston Red Sox,Boston Red Sox,0.5507,0.4493,401816829,3,1,79-65,69-75,0.547,0.483,0.565,0.477,0.59,-0.23,4.42,4.46,3.83,4.69,,,Payton Tolle,Kyle Bradish,4966140,4311625,2.0,regular-season,2026-09-06T17:35Z,1:35 PM ET
2026-09-06,Chicago Cubs,Miami Marlins,Final,Miami Marlins,Miami Marlins,0.4954,0.5046,401816830,3,10,81-63,72-72,0.556,0.49,0.588,0.503,0.94,0.03,5.34,4.46,4.4,4.42,,,Clay Holmes,Tyler Phillips,32827,41247,2.0,regular-season,2026-09-06T17:40Z,1:40 PM ET
2026-09-06,Detroit Tigers,Cleveland Guardians,Final,Cleveland Guardians,Cleveland Guardians,0.3959,0.6041,401816831,2,3,65-78,73-71,0.473,0.503,0.551,0.492,0.47,-0.07,4.48,4.09,4.01,4.17,,,Jackson Jobe,Gavin Williams,4872647,4345076,2.0,regular-season,2026-09-06T17:40Z,1:40 PM ET
2026-09-06,San Francisco Giants,New York Mets,Final,New York Mets,New York Mets,0.3981,0.6019,401816833,2,4,59-85,65-78,0.411,0.46,0.447,0.476,-0.52,-0.23,4.19,4.29,4.71,4.53,,,Cesar Perdomo,Christian Scott,5271881,4414215,2.0,regular-season,2026-09-06T17:40Z,1:40 PM ET
2026-09-06,Arizona Diamondbacks,Houston Astros,Final,Arizona Diamondbacks,Arizona Diamondbacks,0.5001,0.4999,401816834,3,2,76-68,73-71,0.53,0.5,0.502,0.465,0.02,-0.35,4.46,4.46,4.44,4.81,,,Eduardo Rodriguez,Peter Lambert,32675,39898,2.0,regular-season,2026-09-06T18:10Z,2:10 PM ET
2026-09-06,Toronto Blue Jays,Kansas City Royals,Final,Kansas City Royals,Toronto Blue Jays,0.5474,0.4526,401816837,1,6,72-72,64-80,0.497,0.44,0.477,0.437,-0.21,-0.63,4.06,4.23,4.27,4.85,,,Spencer Arrighetti,Randy Dobnak,4726080,42214,2.0,regular-season,2026-09-06T18:10Z,2:10 PM ET
2026-09-06,Tampa Bay Rays,Texas Rangers,Final,Texas Rangers,Tampa Bay Rays,0.5865,0.4135,401816836,6,8,85-58,71-73,0.604,0.493,0.549,0.469,0.46,-0.29,4.58,4.16,4.11,4.45,,,Ian Seymour,MacKenzie Gore,4669425,39636,2.0,regular-season,2026-09-06T18:35Z,2:35 PM ET
2026-09-06,St. Louis Cardinals,Colorado Rockies,Final,St. Louis Cardinals,St. Louis Cardinals,0.6415,0.3585,401816838,10,8,72-72,55-88,0.497,0.367,0.496,0.402,-0.04,-1.13,4.54,4.69,4.58,5.82,,,Kyle Leahy,Tanner Gordon,5006093,4415658,2.0,regular-season,2026-09-06T19:10Z,3:10 PM ET
2026-09-06,Athletics,Seattle Mariners,Final,Seattle Mariners,Seattle Mariners,0.367,0.633,401816839,0,2,57-87,67-77,0.407,0.464,0.379,0.458,-1.35,-0.4,4.37,4.08,5.73,4.48,,,Gage Jump,Bryan Woo,5023852,4629089,2.0,regular-season,2026-09-06T20:10Z,4:10 PM ET
2026-09-06,New York Yankees,San Diego Padres,Final,San Diego Padres,San Diego Padres,0.4896,0.5104,401816840,3,4,81-62,75-68,0.58,0.547,0.595,0.517,0.87,0.15,4.57,4.31,3.7,4.16,,,Gerrit Cole,Michael King,32081,40429,2.0,regular-season,2026-09-06T20:10Z,4:10 PM ET
2026-09-06,Minnesota Twins,Chicago White Sox,Final,Chicago White Sox,Chicago White Sox,0.4026,0.5974,401816835,1,10,68-75,75-68,0.467,0.513,0.457,0.525,-0.45,0.25,4.57,4.68,5.02,4.43,,,Bailey Ober,Bryan Hudson,3107919,4991171,2.0,regular-season,2026-09-06T22:20Z,6:20 PM ET
2026-09-06,Washington Nationals,Los Angeles Dodgers,Final,Los Angeles Dodgers,Los Angeles Dodgers,0.2695,0.7305,401816841,5,7,67-78,86-57,0.464,0.607,0.502,0.619,0.02,1.15,5.11,4.97,5.09,3.81,,,Andrew Alvarez,Justin Wrobleski,4300668,4417203,2.0,regular-season,2026-09-07T02:10Z,10:10 PM ET
2026-09-07,Atlanta Braves,Philadelphia Phillies,Final,Philadelphia Phillies,Philadelphia Phillies,0.4945,0.5055,401816843,0,1,85-59,81-63,0.583,0.553,0.58,0.521,0.74,0.21,4.61,4.5,3.87,4.29,,,Grant Holmes,Jesus Luzardo,33840,39667,2.0,regular-season,2026-09-07T17:05Z,1:05 PM ET
2026-09-07,New York Mets,Miami Marlins,Final,New York Mets,Miami Marlins,0.4275,0.5725,401816846,9,4,66-78,72-73,0.46,0.49,0.476,0.503,-0.23,0.03,4.29,4.46,4.53,4.42,,,Jonah Tong,Eury Perez,5214984,4917854,2.0,regular-season,2026-09-07T17:10Z,1:10 PM ET
2026-09-07,Los Angeles Angels,Boston Red Sox,Final,Boston Red Sox,Boston Red Sox,0.2665,0.7335,401816842,2,5,54-90,80-65,0.38,0.547,0.448,0.565,-0.49,0.59,4.07,4.42,4.56,3.83,,,Grayson Rodriguez,Brayan Bello,41196,4720856,2.0,regular-season,2026-09-07T17:35Z,1:35 PM ET
2026-09-07,Cleveland Guardians,Baltimore Orioles,Final,Baltimore Orioles,Cleveland Guardians,0.5086,0.4914,401816844,4,6,73-72,70-75,0.503,0.483,0.492,0.477,-0.07,-0.23,4.09,4.46,4.17,4.69,,,Joey Cantillo,Trevor Rogers,42488,39640,2.0,regular-season,2026-09-07T17:35Z,1:35 PM ET
2026-09-07,Arizona Diamondbacks,Kansas City Royals,Final,Arizona Diamondbacks,Arizona Diamondbacks,0.5686,0.4314,401816847,5,4,77-68,64-81,0.53,0.44,0.502,0.437,0.02,-0.63,4.46,4.23,4.44,4.85,,,Derek Law,Noah Cameron,33139,4417208,2.0,regular-season,2026-09-07T18:10Z,2:10 PM ET
2026-09-07,Chicago Cubs,Milwaukee Brewers,Final,Milwaukee Brewers,Milwaukee Brewers,0.3633,0.6367,401816848,3,4,81-64,89-56,0.556,0.62,0.588,0.629,0.94,1.3,5.34,5.19,4.4,3.89,,,Matthew Boyd,Robert Gasser,34401,4918251,2.0,regular-season,2026-09-07T18:10Z,2:10 PM ET
2026-09-07,Minnesota Twins,Detroit Tigers,Final,Detroit Tigers,Detroit Tigers,0.4437,0.5563,401816845,4,5,68-76,66-78,0.467,0.473,0.457,0.551,-0.45,0.47,4.57,4.48,5.02,4.01,,,Joe Ryan,Troy Melton,42450,5294127,2.0,regular-season,2026-09-07T19:10Z,3:10 PM ET
2026-09-07,Washington Nationals,San Diego Padres,Final,San Diego Padres,San Diego Padres,0.3052,0.6948,401816852,2,3,67-79,76-68,0.464,0.547,0.502,0.517,0.02,0.15,5.11,4.31,5.09,4.16,,,Jake Irvin,Nick Pivetta,41290,36071,2.0,regular-season,2026-09-07T21:10Z,5:10 PM ET
2026-09-07,St. Louis Cardinals,San Francisco Giants,Final,San Francisco Giants,St. Louis Cardinals,0.556,0.444,401816850,4,5,72-73,60-85,0.497,0.411,0.496,0.447,-0.04,-0.52,4.54,4.19,4.58,4.71,,,Michael McGreevy,Logan Webb,4424141,41216,2.0,regular-season,2026-09-08T00:10Z,8:10 PM ET
2026-09-07,Cincinnati Reds,Los Angeles Dodgers,Final,Los Angeles Dodgers,Los Angeles Dodgers,0.3204,0.6796,401816849,3,6,69-75,87-57,0.467,0.607,0.404,0.619,-0.99,1.15,4.17,4.97,5.15,3.81,,,Chase Burns,Emmet Sheehan,4927516,4417806,2.0,regular-season,2026-09-08T01:10Z,9:10 PM ET
2026-09-07,Toronto Blue Jays,Athletics,Final,Athletics,Toronto Blue Jays,0.5986,0.4014,401816851,5,6,72-73,58-87,0.497,0.407,0.477,0.379,-0.21,-1.35,4.06,4.37,4.27,5.73,,,Dylan Cease,Jacob Lopez,34943,42239,2.0,regular-season,2026-09-08T02:05Z,10:05 PM ET
2026-09-08,Cleveland Guardians,Baltimore Orioles,Final,Cleveland Guardians,Cleveland Guardians,0.5086,0.4914,401816854,9,5,74-72,70-76,0.503,0.483,0.492,0.477,-0.07,-0.23,4.09,4.46,4.17,4.69,,,Tanner Bibee,Brandon Young,4345278,4414339,2.0,regular-season,2026-09-08T22:35Z,6:35 PM ET
2026-09-08,Houston Astros,Philadelphia Phillies,Final,Houston Astros,Philadelphia Phillies,0.389,0.611,401816856,6,5,74-71,81-64,0.5,0.553,0.465,0.521,-0.35,0.21,4.46,4.5,4.81,4.29,,,Hayden Wesneski,Andrew Painter,42996,4872683,2.0,regular-season,2026-09-08T22:40Z,6:40 PM ET
2026-09-08,Minnesota Twins,Detroit Tigers,Final,Minnesota Twins,Detroit Tigers,0.4437,0.5563,401816857,3,2,69-76,66-79,0.467,0.473,0.457,0.551,-0.45,0.47,4.57,4.48,5.02,4.01,,,Dean Kremer,Drew Anderson,38295,41125,2.0,regular-season,2026-09-08T22:40Z,6:40 PM ET
2026-09-08,New York Mets,Miami Marlins,Final,New York Mets,Miami Marlins,0.4275,0.5725,401816858,7,5,67-78,72-74,0.46,0.49,0.476,0.503,-0.23,0.03,4.29,4.46,4.53,4.42,,,Sean Manaea,Sandy Alcantara,33244,35241,2.0,regular-season,2026-09-08T22:40Z,6:40 PM ET
2026-09-08,Los Angeles Angels,Boston Red Sox,Final,Los Angeles Angels,Boston Red Sox,0.2665,0.7335,401816853,6,1,55-90,80-66,0.38,0.547,0.448,0.565,-0.49,0.59,4.07,4.42,4.56,3.83,,,Reid Detmers,Patrick Sandoval,4326697,40975,2.0,regular-season,2026-09-08T22:45Z,6:45 PM ET
2026-09-08,Colorado Rockies,New York Yankees,Final,New York Yankees,New York Yankees,0.2019,0.7981,401816855,3,5,55-89,82-62,0.367,0.58,0.402,0.595,-1.13,0.87,4.69,4.57,5.82,3.7,,,Gabriel Hughes,Cam Schlittler,4634930,5134581,2.0,regular-season,2026-09-08T23:05Z,7:05 PM ET
2026-09-08,Tampa Bay Rays,Atlanta Braves,Final,Tampa Bay Rays,Atlanta Braves,0.4884,0.5116,401816859,7,1,86-58,85-60,0.604,0.583,0.549,0.58,0.46,0.74,4.58,4.61,4.11,3.87,,,Freddy Peralta,AJ Smith-Shawver,39825,4917640,2.0,regular-season,2026-09-08T23:15Z,7:15 PM ET
2026-09-08,Arizona Diamondbacks,Kansas City Royals,Final,Arizona Diamondbacks,Arizona Diamondbacks,0.5686,0.4314,401816860,5,3,78-68,64-82,0.53,0.44,0.502,0.437,0.02,-0.63,4.46,4.23,4.44,4.85,,,Corbin Burnes,Michael Wacha,39878,32640,2.0,regular-season,2026-09-08T23:40Z,7:40 PM ET
2026-09-08,Chicago Cubs,Milwaukee Brewers,Final,Milwaukee Brewers,Milwaukee Brewers,0.3633,0.6367,401816861,3,4,81-65,90-56,0.556,0.62,0.588,0.629,0.94,1.3,5.34,5.19,4.4,3.89,,,David Peterson,Jacob Misiorowski,40921,5080761,2.0,regular-season,2026-09-08T23:40Z,7:40 PM ET
2026-09-08,Pittsburgh Pirates,Chicago White Sox,Final,Pittsburgh Pirates,Chicago White Sox,0.434,0.566,401816862,9,3,72-73,75-69,0.5,0.513,0.517,0.525,0.17,0.25,4.79,4.68,4.61,4.43,,,Bubba Chandler,Sean Burke,4683325,4867679,2.0,regular-season,2026-09-08T23:40Z,7:40 PM ET
2026-09-08,Texas Rangers,Seattle Mariners,Final,Texas Rangers,Seattle Mariners,0.4936,0.5064,401816865,10,5,72-73,67-78,0.493,0.464,0.469,0.458,-0.29,-0.4,4.16,4.08,4.45,4.48,,,Cal Quantrill,Bryce Miller,39875,4654313,2.0,regular-season,2026-09-09T01:40Z,9:40 PM ET
2026-09-08,Toronto Blue Jays,Athletics,Final,Toronto Blue Jays,Toronto Blue Jays,0.5986,0.4014,401816866,4,2,73-73,58-88,0.497,0.407,0.477,0.379,-0.21,-1.35,4.06,4.37,4.27,5.73,,,Jose Soriano,Jack Perkins,40973,4418686,2.0,regular-season,2026-09-09T01:40Z,9:40 PM ET
2026-09-08,Washington Nationals,San Diego Padres,Final,San Diego Padres,San Diego Padres,0.3052,0.6948,401816867,4,5,67-80,77-68,0.464,0.547,0.502,0.517,0.02,0.15,5.11,4.31,5.09,4.16,,,Riley Cornelio,Casey Mize,4622146,41167,2.0,regular-season,2026-09-09T01:40Z,9:40 PM ET
2026-09-08,St. Louis Cardinals,San Francisco Giants,Final,San Francisco Giants,St. Louis Cardinals,0.556,0.444,401816864,1,2,72-74,61-85,0.497,0.411,0.496,0.447,-0.04,-0.52,4.54,4.19,4.58,4.71,,,Quinn Mathews,Landen Roupp,4837405,4345404,2.0,regular-season,2026-09-09T01:45Z,9:45 PM ET
2026-09-08,Cincinnati Reds,Los Angeles Dodgers,Final,Los Angeles Dodgers,Los Angeles Dodgers,0.3204,0.6796,401816863,2,3,69-76,88-57,0.467,0.607,0.404,0.619,-0.99,1.15,4.17,4.97,5.15,3.81,,,Nick Lodolo,Tarik Skubal,42433,42409,2.0,regular-season,2026-09-09T02:10Z,10:10 PM ET
2026-09-09,Minnesota Twins,Detroit Tigers,Final,Detroit Tigers,Detroit Tigers,0.4437,0.5563,401816872,2,7,69-77,67-79,0.467,0.473,0.457,0.551,-0.45,0.47,4.57,4.48,5.02,4.01,,,Zebby Matthews,Keider Montero,4791597,5182933,2.0,regular-season,2026-09-09T17:10Z,1:10 PM ET
2026-09-09,Toronto Blue Jays,Athletics,Final,Athletics,Toronto Blue Jays,0.5986,0.4014,401816881,0,2,73-74,59-88,0.497,0.407,0.477,0.379,-0.21,-1.35,4.06,4.37,4.27,5.73,,,Braydon Fisher,Brady Basso,41318,4179551,2.0,regular-season,2026-09-09T19:05Z,3:05 PM ET
2026-09-09,St. Louis Cardinals,San Francisco Giants,Final,San Francisco Giants,St. Louis Cardinals,0.556,0.444,401816879,6,7,72-75,62-85,0.497,0.411,0.496,0.447,-0.04,-0.52,4.54,4.19,4.58,4.71,,,Andre Pallante,Blade Tidwell,4109034,4719088,2.0,regular-season,2026-09-09T19:45Z,3:45 PM ET
2026-09-09,Texas Rangers,Seattle Mariners,Final,Seattle Mariners,Seattle Mariners,0.4936,0.5064,401816880,2,3,72-74,68-78,0.493,0.464,0.469,0.458,-0.29,-0.4,4.16,4.08,4.45,4.48,,,Cody Bradford,Kade Anderson,4142539,5198748,2.0,regular-season,2026-09-09T20:10Z,4:10 PM ET
2026-09-09,Washington Nationals,San Diego Padres,Final,San Diego Padres,San Diego Padres,0.3052,0.6948,401816882,2,9,67-81,78-68,0.464,0.547,0.502,0.517,0.02,0.15,5.11,4.31,5.09,4.16,,,Jackson Kent,Walker Buehler,5007807,39251,2.0,regular-season,2026-09-09T20:10Z,4:10 PM ET
2026-09-09,Cleveland Guardians,Baltimore Orioles,Final,Baltimore Orioles,Cleveland Guardians,0.5086,0.4914,401816869,5,9,74-73,71-76,0.503,0.483,0.492,0.477,-0.07,-0.23,4.09,4.46,4.17,4.69,,,Foster Griffin,Shane Baz,33773,39639,2.0,regular-season,2026-09-09T22:35Z,6:35 PM ET
2026-09-09,Houston Astros,Philadelphia Phillies,Final,Philadelphia Phillies,Philadelphia Phillies,0.389,0.611,401816871,7,11,74-72,82-64,0.5,0.553,0.465,0.521,-0.35,0.21,4.46,4.5,4.81,4.29,,,Hunter Brown,Cristopher Sanchez,4717803,42359,2.0,regular-season,2026-09-09T22:40Z,6:40 PM ET
2026-09-09,New York Mets,Miami Marlins,Final,New York Mets,Miami Marlins,0.4275,0.5725,401816873,15,14,68-78,72-75,0.46,0.49,0.476,0.503,-0.23,0.03,4.29,4.46,4.53,4.42,,,Robert Stock,Janson Junk,30577,4881980,2.0,regular-season,2026-09-09T22:40Z,6:40 PM ET
2026-09-09,Los Angeles Angels,Boston Red Sox,Final,Los Angeles Angels,Boston Red Sox,0.2665,0.7335,401816868,6,4,56-90,80-67,0.38,0.547,0.448,0.565,-0.49,0.59,4.07,4.42,4.56,3.83,,,Ryan Johnson,Jake Bennett,5007859,4654024,2.0,regular-season,2026-09-09T22:45Z,6:45 PM ET
2026-09-09,Colorado Rockies,New York Yankees,Final,New York Yankees,New York Yankees,0.2019,0.7981,401816870,1,6,55-90,83-62,0.367,0.58,0.402,0.595,-1.13,0.87,4.69,4.57,5.82,3.7,,,Tomoyuki Sugano,Will Warren,4142423,5132011,2.0,regular-season,2026-09-09T23:05Z,7:05 PM ET
2026-09-09,Tampa Bay Rays,Atlanta Braves,Final,Tampa Bay Rays,Atlanta Braves,0.4884,0.5116,401816874,7,2,87-58,85-61,0.604,0.583,0.549,0.58,0.46,0.74,4.58,4.61,4.11,3.87,,,Griffin Jax,Reynaldo Lopez,42604,33860,2.0,regular-season,2026-09-09T23:15Z,7:15 PM ET
2026-09-09,Arizona Diamondbacks,Kansas City Royals,Final,Kansas City Royals,Arizona Diamondbacks,0.5686,0.4314,401816875,2,5,78-69,65-82,0.53,0.44,0.502,0.437,0.02,-0.63,4.46,4.23,4.44,4.85,,,Zac Gallen,Daniel Lynch IV,39910,41227,2.0,regular-season,2026-09-09T23:40Z,7:40 PM ET
2026-09-09,Chicago Cubs,Milwaukee Brewers,Final,Milwaukee Brewers,Milwaukee Brewers,0.3633,0.6367,401816876,6,8,81-66,91-56,0.556,0.62,0.588,0.629,0.94,1.3,5.34,5.19,4.4,3.89,,,Kevin Gausman,Logan Henderson,32667,4917878,2.0,regular-season,2026-09-09T23:40Z,7:40 PM ET
2026-09-09,Pittsburgh Pirates,Chicago White Sox,Final,Pittsburgh Pirates,Chicago White Sox,0.434,0.566,401816877,4,2,73-73,75-70,0.5,0.513,0.517,0.525,0.17,0.25,4.79,4.68,4.61,4.43,,,Lake Bachar,Davis Martin,42592,42823,2.0,regular-season,2026-09-09T23:40Z,7:40 PM ET
2026-09-09,Cincinnati Reds,Los Angeles Dodgers,Final,Los Angeles Dodgers,Los Angeles Dodgers,0.3204,0.6796,401816878,1,14,69-77,89-57,0.467,0.607,0.404,0.619,-0.99,1.15,4.17,4.97,5.15,3.81,,,Rhett Lowder,Yoshinobu Yamamoto,4758873,4872587,2.0,regular-season,2026-09-10T02:10Z,10:10 PM ET
2026-09-10,Tampa Bay Rays,Atlanta Braves,Final,Atlanta Braves,Atlanta Braves,0.4884,0.5116,401816885,1,3,87-59,86-61,0.604,0.583,0.549,0.58,0.46,0.74,4.58,4.61,4.11,3.87,,,Nick Martinez,Martin Perez,33372,31098,2.0,regular-season,2026-09-10T16:15Z,12:15 PM ET
2026-09-10,Houston Astros,Philadelphia Phillies,Final,Houston Astros,Philadelphia Phillies,0.389,0.611,401816884,2,1,75-72,82-65,0.5,0.553,0.465,0.521,-0.35,0.21,4.46,4.5,4.81,4.29,,,Cristian Javier,Zack Wheeler,41261,31267,2.0,regular-season,2026-09-10T17:05Z,1:05 PM ET
2026-09-10,Texas Rangers,Seattle Mariners,Final,Seattle Mariners,Seattle Mariners,0.4936,0.5064,401816887,3,4,72-75,69-78,0.493,0.464,0.469,0.458,-0.29,-0.4,4.16,4.08,4.45,4.48,,,Jacob deGrom,Logan Gilbert,32796,41221,2.0,regular-season,2026-09-10T20:10Z,4:10 PM ET
2026-09-10,Colorado Rockies,New York Yankees,Final,New York Yankees,New York Yankees,0.2019,0.7981,401816883,3,10,55-91,84-62,0.367,0.58,0.402,0.595,-1.13,0.87,4.69,4.57,5.82,3.7,,,Ryan Feltner,Max Fried,4019484,32685,2.0,regular-season,2026-09-10T23:05Z,7:05 PM ET
2026-09-10,Pittsburgh Pirates,Chicago White Sox,Final,Pittsburgh Pirates,Chicago White Sox,0.434,0.566,401816886,2,0,74-73,75-71,0.5,0.513,0.517,0.525,0.17,0.25,4.79,4.68,4.61,4.43,,,Jared Jones,Hagen Smith,4918156,5023126,2.0,regular-season,2026-09-10T23:40Z,7:40 PM ET
2026-09-11,Pittsburgh Pirates,Chicago Cubs,Final,Chicago Cubs,Chicago Cubs,0.4159,0.5841,401816899,2,12,74-74,82-66,0.5,0.556,0.517,0.588,0.17,0.94,4.79,5.34,4.61,4.4,,,Wilber Dotel,Shota Imanaga,5332991,5134630,2.0,regular-season,2026-09-11T18:20Z,2:20 PM ET
2026-09-11,Colorado Rockies,Detroit Tigers,Final,Detroit Tigers,Detroit Tigers,0.3097,0.6903,401816890,2,6,55-92,68-79,0.367,0.473,0.402,0.551,-1.13,0.47,4.69,4.48,5.82,4.01,,,Mason Adams,Framber Valdez,4758424,36581,2.0,regular-season,2026-09-11T22:40Z,6:40 PM ET
2026-09-11,Los Angeles Angels,Washington Nationals,Final,Washington Nationals,Washington Nationals,0.4063,0.5937,401816888,3,4,56-91,68-81,0.38,0.464,0.448,0.502,-0.49,0.02,4.07,5.11,4.56,5.09,,,Yusei Kikuchi,Cade Cavalli,41415,4308037,2.0,regular-season,2026-09-11T22:45Z,6:45 PM ET
2026-09-11,New York Mets,New York Yankees,Final,New York Yankees,New York Yankees,0.3164,0.6836,401816894,4,6,68-79,85-62,0.46,0.58,0.476,0.595,-0.23,0.87,4.29,4.57,4.53,3.7,,,Nolan McLean,Carlos Rodon,4433874,33696,2.0,regular-season,2026-09-11T23:05Z,7:05 PM ET
2026-09-11,Baltimore Orioles,Toronto Blue Jays,Final,Baltimore Orioles,Toronto Blue Jays,0.4157,0.5843,401816889,7,4,72-76,73-75,0.483,0.497,0.477,0.477,-0.23,-0.21,4.46,4.06,4.69,4.27,,,Chris Bassitt,Max Scherzer,33148,28976,2.0,regular-season,2026-09-11T23:07Z,7:07 PM ET
2026-09-11,Houston Astros,Tampa Bay Rays,Final,Tampa Bay Rays,Tampa Bay Rays,0.3282,0.6718,401816891,1,3,75-73,88-59,0.5,0.604,0.465,0.549,-0.35,0.46,4.46,4.58,4.81,4.11,,,Miguel Ullola,Drew Rasmussen,5124163,42584,2.0,regular-season,2026-09-11T23:10Z,7:10 PM ET
2026-09-11,Kansas City Royals,Boston Red Sox,Final,Kansas City Royals,Boston Red Sox,0.3276,0.6724,401816892,3,2,66-82,80-68,0.44,0.547,0.437,0.565,-0.63,0.59,4.23,4.42,4.85,3.83,,,Seth Lugo,Sonny Gray,34873,32082,2.0,regular-season,2026-09-11T23:10Z,7:10 PM ET
2026-09-11,Los Angeles Dodgers,Miami Marlins,Final,Los Angeles Dodgers,Los Angeles Dodgers,0.5893,0.4107,401816893,6,2,90-57,72-76,0.607,0.49,0.619,0.503,1.15,0.03,4.97,4.46,3.81,4.42,,,Blake Snell,Ryan Gusto,33748,5131986,2.0,regular-season,2026-09-11T23:10Z,7:10 PM ET
2026-09-11,Philadelphia Phillies,Atlanta Braves,Final,Atlanta Braves,Atlanta Braves,0.4229,0.5771,401816895,5,6,82-66,87-61,0.553,0.583,0.521,0.58,0.21,0.74,4.5,4.61,4.29,3.87,,,Aaron Nola,Chris Sale,33709,30948,2.0,regular-season,2026-09-11T23:15Z,7:15 PM ET
2026-09-11,Cincinnati Reds,Milwaukee Brewers,Final,Milwaukee Brewers,Milwaukee Brewers,0.3172,0.6828,401816897,0,20,69-78,92-56,0.467,0.62,0.404,0.629,-0.99,1.3,4.17,5.19,5.15,3.89,,,Andrew Abbott,Dustin May,4414528,40937,2.0,regular-season,2026-09-11T23:40Z,7:40 PM ET
2026-09-11,Cleveland Guardians,Minnesota Twins,Final,Cleveland Guardians,Cleveland Guardians,0.5373,0.4627,401816898,5,2,75-73,69-78,0.503,0.467,0.492,0.457,-0.07,-0.45,4.09,4.57,4.17,5.02,,,Parker Messick,Taj Bradley,4619898,42480,2.0,regular-season,2026-09-12T00:10Z,8:10 PM ET
2026-09-11,Chicago White Sox,St. Louis Cardinals,Final,St. Louis Cardinals,St. Louis Cardinals,0.4722,0.5278,401816896,3,7,75-72,73-75,0.513,0.497,0.525,0.496,0.25,-0.04,4.68,4.54,4.43,4.58,,,Anthony Kay,Matthew Liberatore,40947,41173,2.0,regular-season,2026-09-12T00:15Z,8:15 PM ET
2026-09-11,Seattle Mariners,Athletics,Final,Athletics,Seattle Mariners,0.5528,0.4472,401816901,5,6,69-79,60-88,0.464,0.407,0.458,0.379,-0.4,-1.35,4.08,4.37,4.48,5.73,,,George Kirby,Jeffrey Springs,42406,35397,2.0,regular-season,2026-09-12T01:40Z,9:40 PM ET
2026-09-11,Texas Rangers,Arizona Diamondbacks,Final,Arizona Diamondbacks,Arizona Diamondbacks,0.4256,0.5744,401816902,1,9,72-76,79-69,0.493,0.53,0.469,0.502,-0.29,0.02,4.16,4.46,4.45,4.44,,,MacKenzie Gore,Merrill Kelly,39636,32968,2.0,regular-season,2026-09-12T01:40Z,9:40 PM ET
2026-09-11,San Diego Padres,San Francisco Giants,Final,San Diego Padres,San Diego Padres,0.6363,0.3637,401816900,7,5,79-68,62-86,0.547,0.411,0.517,0.447,0.15,-0.52,4.31,4.19,4.16,4.71,,,Robbie Ray,Anthony Molina,32175,5016983,2.0,regular-season,2026-09-12T02:15Z,10:15 PM ET
2026-09-12,Colorado Rockies,Detroit Tigers,Final,Detroit Tigers,Detroit Tigers,0.3097,0.6903,401816905,7,11,55-93,69-79,0.367,0.473,0.402,0.551,-1.13,0.47,4.69,4.48,5.82,4.01,,,Tanner Gordon,Andrew Sears,4415658,5140040,2.0,regular-season,2026-09-12T17:10Z,1:10 PM ET
2026-09-12,New York Mets,New York Yankees,Final,New York Mets,New York Yankees,0.3164,0.6836,401816909,12,2,69-79,85-63,0.46,0.58,0.476,0.595,-0.23,0.87,4.29,4.57,4.53,3.7,,,Zac Thornton,Gerrit Cole,5129576,32081,2.0,regular-season,2026-09-12T17:35Z,1:35 PM ET
2026-09-12,Pittsburgh Pirates,Chicago Cubs,Final,Chicago Cubs,Chicago Cubs,0.4159,0.5841,401816914,3,4,74-75,83-66,0.5,0.556,0.517,0.588,0.17,0.94,4.79,5.34,4.61,4.4,,,Paul Skenes,Clay Holmes,4719507,32827,2.0,regular-season,2026-09-12T18:20Z,2:20 PM ET
2026-09-12,Baltimore Orioles,Toronto Blue Jays,Final,Toronto Blue Jays,Toronto Blue Jays,0.4157,0.5843,401816904,3,7,72-77,74-75,0.483,0.497,0.477,0.477,-0.23,-0.21,4.46,4.06,4.69,4.27,,,Kyle Bradish,Spencer Miles,4311625,4833671,2.0,regular-season,2026-09-12T19:07Z,3:07 PM ET
2026-09-12,Los Angeles Angels,Washington Nationals,Final,Washington Nationals,Washington Nationals,0.4063,0.5937,401816903,5,6,56-92,69-81,0.38,0.464,0.448,0.502,-0.49,0.02,4.07,5.11,4.56,5.09,,,Walbert Urena,Andrew Alvarez,5197476,4300668,2.0,regular-season,2026-09-12T20:05Z,4:05 PM ET
2026-09-12,San Diego Padres,San Francisco Giants,Final,San Diego Padres,San Diego Padres,0.6363,0.3637,401816915,7,6,80-68,62-87,0.547,0.411,0.517,0.447,0.15,-0.52,4.31,4.19,4.16,4.71,,,Michael King,Cesar Perdomo,40429,5271881,2.0,regular-season,2026-09-12T20:05Z,4:05 PM ET
2026-09-12,Kansas City Royals,Boston Red Sox,Final,Boston Red Sox,Boston Red Sox,0.3276,0.6724,401816907,1,5,66-83,81-68,0.44,0.547,0.437,0.565,-0.63,0.59,4.23,4.42,4.85,3.83,,,Randy Dobnak,Ranger Suarez,42214,39817,2.0,regular-season,2026-09-12T20:10Z,4:10 PM ET
2026-09-12,Los Angeles Dodgers,Miami Marlins,Final,Miami Marlins,Los Angeles Dodgers,0.5893,0.4107,401816908,3,4,90-58,73-76,0.607,0.49,0.619,0.503,1.15,0.03,4.97,4.46,3.81,4.42,,,Tyler Glasnow,Tyler Phillips,33190,41247,2.0,regular-season,2026-09-12T20:10Z,4:10 PM ET
2026-09-12,Cleveland Guardians,Minnesota Twins,Final,Minnesota Twins,Cleveland Guardians,0.5373,0.4627,401816913,3,4,75-74,70-78,0.503,0.467,0.492,0.457,-0.07,-0.45,4.09,4.57,4.17,5.02,,,Daniel Espino,Connor Prielipp,42438,4620001,2.0,regular-season,2026-09-12T20:10Z,4:10 PM ET
2026-09-12,Houston Astros,Tampa Bay Rays,Final,Tampa Bay Rays,Tampa Bay Rays,0.3282,0.6718,401816906,2,3,75-74,89-59,0.5,0.604,0.465,0.549,-0.35,0.46,4.46,4.58,4.81,4.11,,,Peter Lambert,Ian Seymour,39898,4669425,2.0,regular-season,2026-09-12T22:10Z,6:10 PM ET
2026-09-12,Cincinnati Reds,Milwaukee Brewers,Final,Milwaukee Brewers,Milwaukee Brewers,0.3172,0.6828,401816912,9,13,69-79,93-56,0.467,0.62,0.404,0.629,-0.99,1.3,4.17,5.19,5.15,3.89,,,Brady Singer,Shane Drohan,41172,4315203,2.0,regular-season,2026-09-12T23:10Z,7:10 PM ET
2026-09-12,Philadelphia Phillies,Atlanta Braves,Final,Atlanta Braves,Atlanta Braves,0.4229,0.5771,401816910,2,12,82-67,88-61,0.553,0.583,0.521,0.58,0.21,0.74,4.5,4.61,4.29,3.87,,,Tim Mayza,Tyler Mahle,35773,34973,2.0,regular-season,2026-09-12T23:15Z,7:15 PM ET
2026-09-12,Chicago White Sox,St. Louis Cardinals,Final,Chicago White Sox,St. Louis Cardinals,0.4722,0.5278,401816911,6,5,76-72,73-76,0.513,0.497,0.525,0.496,0.25,-0.04,4.68,4.54,4.43,4.58,,,Sean Newcomb,Kyle Leahy,33856,5006093,2.0,regular-season,2026-09-12T23:15Z,7:15 PM ET
2026-09-12,Texas Rangers,Arizona Diamondbacks,Final,Texas Rangers,Arizona Diamondbacks,0.4256,0.5744,401816917,6,2,73-76,79-70,0.493,0.53,0.469,0.502,-0.29,0.02,4.16,4.46,4.45,4.44,,,Kumar Rocker,Brandon Pfaadt,4414525,4721302,2.0,regular-season,2026-09-13T00:10Z,8:10 PM ET
2026-09-12,Seattle Mariners,Athletics,Final,Seattle Mariners,Seattle Mariners,0.5528,0.4472,401816916,19,1,70-79,60-89,0.464,0.407,0.458,0.379,-0.4,-1.35,4.08,4.37,4.48,5.73,,,Bryan Woo,Gage Jump,4629089,5023852,2.0,regular-season,2026-09-13T01:40Z,9:40 PM ET
2026-09-13,Colorado Rockies,Detroit Tigers,Final,Detroit Tigers,Detroit Tigers,0.3097,0.6903,401816920,1,8,55-94,70-79,0.367,0.473,0.402,0.551,-1.13,0.47,4.69,4.48,5.82,4.01,,,Gabriel Hughes,Jackson Jobe,4634930,4872647,2.0,regular-season,2026-09-13T16:10Z,12:10 PM ET
2026-09-13,Los Angeles Angels,Washington Nationals,Final,Washington Nationals,Washington Nationals,0.4063,0.5937,401816918,5,6,56-93,70-81,0.38,0.464,0.448,0.502,-0.49,0.02,4.07,5.11,4.56,5.09,,,Grayson Rodriguez,Jake Irvin,41196,41290,2.0,regular-season,2026-09-13T17:35Z,1:35 PM ET
2026-09-13,New York Mets,New York Yankees,Final,New York Yankees,New York Yankees,0.3164,0.6836,401816924,0,2,69-80,86-63,0.46,0.58,0.476,0.595,-0.23,0.87,4.29,4.57,4.53,3.7,,,Christian Scott,Cam Schlittler,4414215,5134581,2.0,regular-season,2026-09-13T17:35Z,1:35 PM ET
2026-09-13,Philadelphia Phillies,Atlanta Braves,Final,Philadelphia Phillies,Atlanta Braves,0.4229,0.5771,401816925,9,4,83-67,88-62,0.553,0.583,0.521,0.58,0.21,0.74,4.5,4.61,4.29,3.87,,,Andrew Painter,Grant Holmes,4872683,33840,2.0,regular-season,2026-09-13T17:35Z,1:35 PM ET
2026-09-13,Baltimore Orioles,Toronto Blue Jays,Final,Toronto Blue Jays,Toronto Blue Jays,0.4157,0.5843,401816919,1,8,72-78,75-75,0.483,0.497,0.477,0.477,-0.23,-0.21,4.46,4.06,4.69,4.27,,,Trevor Rogers,Dylan Cease,39640,34943,2.0,regular-season,2026-09-13T17:37Z,1:37 PM ET
2026-09-13,Houston Astros,Tampa Bay Rays,Final,Tampa Bay Rays,Tampa Bay Rays,0.3282,0.6718,401816921,4,14,75-75,90-59,0.5,0.604,0.465,0.549,-0.35,0.46,4.46,4.58,4.81,4.11,,,Hayden Wesneski,Freddy Peralta,42996,39825,2.0,regular-season,2026-09-13T17:40Z,1:40 PM ET
2026-09-13,Los Angeles Dodgers,Miami Marlins,Final,Miami Marlins,Los Angeles Dodgers,0.5893,0.4107,401816923,4,6,90-59,74-76,0.607,0.49,0.619,0.503,1.15,0.03,4.97,4.46,3.81,4.42,,,Emmet Sheehan,Eury Perez,4417806,4917854,2.0,regular-season,2026-09-13T17:40Z,1:40 PM ET
2026-09-13,Cincinnati Reds,Milwaukee Brewers,Final,Cincinnati Reds,Milwaukee Brewers,0.3172,0.6828,401816927,4,3,70-79,93-57,0.467,0.62,0.404,0.629,-0.99,1.3,4.17,5.19,5.15,3.89,,,Chase Burns,Robert Gasser,4927516,4918251,2.0,regular-season,2026-09-13T18:10Z,2:10 PM ET
2026-09-13,Cleveland Guardians,Minnesota Twins,Final,Cleveland Guardians,Cleveland Guardians,0.5373,0.4627,401816928,9,2,76-74,70-79,0.503,0.467,0.492,0.457,-0.07,-0.45,4.09,4.57,4.17,5.02,,,Tanner Bibee,Joe Ryan,4345278,42450,2.0,regular-season,2026-09-13T18:10Z,2:10 PM ET
2026-09-13,Chicago White Sox,St. Louis Cardinals,Final,St. Louis Cardinals,St. Louis Cardinals,0.4722,0.5278,401816926,1,3,76-73,74-76,0.513,0.497,0.525,0.496,0.25,-0.04,4.68,4.54,4.43,4.58,,,Sean Burke,Michael McGreevy,4867679,4424141,2.0,regular-season,2026-09-13T18:15Z,2:15 PM ET
2026-09-13,Pittsburgh Pirates,Chicago Cubs,Final,Pittsburgh Pirates,Chicago Cubs,0.4159,0.5841,401816929,4,3,75-75,83-67,0.5,0.556,0.517,0.588,0.17,0.94,4.79,5.34,4.61,4.4,,,Bubba Chandler,Matthew Boyd,4683325,34401,2.0,regular-season,2026-09-13T18:20Z,2:20 PM ET
2026-09-13,Kansas City Royals,Boston Red Sox,Final,Boston Red Sox,Boston Red Sox,0.3276,0.6724,401816922,1,4,66-84,82-68,0.44,0.547,0.437,0.565,-0.63,0.59,4.23,4.42,4.85,3.83,,,Noah Cameron,Payton Tolle,4417208,4966140,2.0,regular-season,2026-09-13T19:05Z,3:05 PM ET
2026-09-13,Seattle Mariners,Athletics,Final,Athletics,Seattle Mariners,0.5528,0.4472,401816931,7,8,70-80,61-89,0.464,0.407,0.458,0.379,-0.4,-1.35,4.08,4.37,4.48,5.73,,,Bryce Miller,Jacob Lopez,4654313,42239,2.0,regular-season,2026-09-13T20:05Z,4:05 PM ET
2026-09-13,Texas Rangers,Arizona Diamondbacks,Final,Texas Rangers,Arizona Diamondbacks,0.4256,0.5744,401816932,7,6,74-76,79-71,0.493,0.53,0.469,0.502,-0.29,0.02,4.16,4.46,4.45,4.44,,,Cal Quantrill,Eduardo Rodriguez,39875,32675,2.0,regular-season,2026-09-13T20:10Z,4:10 PM ET
2026-09-13,San Diego Padres,San Francisco Giants,Final,San Diego Padres,San Diego Padres,0.6363,0.3637,401816930,6,4,81-68,62-88,0.547,0.411,0.517,0.447,0.15,-0.52,4.31,4.19,4.16,4.71,,,Nick Pivetta,Logan Webb,36071,41216,2.0,regular-season,2026-09-13T23:20Z,7:20 PM ET
2026-09-14,Chicago White Sox,Cleveland Guardians,Final,Chicago White Sox,Cleveland Guardians,0.4368,0.5632,401816934,7,3,77-73,76-75,0.513,0.503,0.525,0.492,0.25,-0.07,4.68,4.09,4.43,4.17,,,Sean Newcomb,Gavin Williams,33856,4345076,2.0,regular-season,2026-09-14T22:40Z,6:40 PM ET
2026-09-14,Los Angeles Dodgers,Cincinnati Reds,Final,Los Angeles Dodgers,Los Angeles Dodgers,0.6032,0.3968,401816936,4,1,91-59,70-80,0.607,0.467,0.619,0.404,1.15,-0.99,4.97,4.17,3.81,5.15,,,Tarik Skubal,Nick Lodolo,42409,42433,2.0,regular-season,2026-09-14T22:40Z,6:40 PM ET
2026-09-14,Detroit Tigers,Toronto Blue Jays,Final,Detroit Tigers,Toronto Blue Jays,0.4024,0.5976,401816935,6,5,71-79,75-76,0.473,0.497,0.551,0.477,0.47,-0.21,4.48,4.06,4.01,4.27,,,Troy Melton,Jose Soriano,5294127,40973,2.0,regular-season,2026-09-14T23:07Z,7:07 PM ET
2026-09-14,Baltimore Orioles,New York Mets,Final,Baltimore Orioles,New York Mets,0.4799,0.5201,401816933,2,1,73-78,69-81,0.483,0.46,0.477,0.476,-0.23,-0.23,4.46,4.29,4.69,4.53,,,Brandon Young,Jonah Tong,4414339,5214984,2.0,regular-season,2026-09-14T23:10Z,7:10 PM ET
2026-09-14,Atlanta Braves,Chicago Cubs,Final,Chicago Cubs,Atlanta Braves,0.5421,0.4579,401816937,3,7,88-63,84-67,0.583,0.556,0.58,0.588,0.74,0.94,4.61,5.34,3.87,4.4,,,Reynaldo Lopez,David Peterson,33860,40921,2.0,regular-season,2026-09-14T23:40Z,7:40 PM ET
2026-09-14,New York Yankees,Minnesota Twins,Final,New York Yankees,New York Yankees,0.6145,0.3855,401816938,8,3,87-63,70-80,0.58,0.467,0.595,0.457,0.87,-0.45,4.57,4.57,3.7,5.02,,,Will Warren,Dean Kremer,5132011,38295,2.0,regular-season,2026-09-14T23:40Z,7:40 PM ET
2026-09-14,San Francisco Giants,St. Louis Cardinals,Final,St. Louis Cardinals,St. Louis Cardinals,0.364,0.636,401816939,1,2,62-89,75-76,0.411,0.497,0.447,0.496,-0.52,-0.04,4.19,4.54,4.71,4.58,,,Landen Roupp,Quinn Mathews,4345404,4837405,2.0,regular-season,2026-09-14T23:45Z,7:45 PM ET
2026-09-14,San Diego Padres,Colorado Rockies,Final,San Diego Padres,San Diego Padres,0.7143,0.2857,401816940,8,7,82-68,55-95,0.547,0.367,0.517,0.402,0.15,-1.13,4.31,4.69,4.16,5.82,,,Casey Mize,Tomoyuki Sugano,41167,4142423,2.0,regular-season,2026-09-15T00:40Z,8:40 PM ET
2026-09-14,Seattle Mariners,Los Angeles Angels,Final,Los Angeles Angels,Seattle Mariners,0.5734,0.4266,401816942,4,6,70-81,57-93,0.464,0.38,0.458,0.448,-0.4,-0.49,4.08,4.07,4.48,4.56,,,Kade Anderson,Reid Detmers,5198748,4326697,2.0,regular-season,2026-09-15T01:38Z,9:38 PM ET
2026-09-14,Miami Marlins,Arizona Diamondbacks,Final,Arizona Diamondbacks,Arizona Diamondbacks,0.4044,0.5956,401816941,7,8,74-77,80-71,0.49,0.53,0.503,0.502,0.03,0.02,4.46,4.46,4.42,4.44,,,Sandy Alcantara,Corbin Burnes,35241,39878,2.0,regular-season,2026-09-15T01:40Z,9:40 PM ET
2026-09-15,Athletics,Tampa Bay Rays,Scheduled,,Tampa Bay Rays,0.2312,0.7688,401816943,1,1,61-89,90-59,0.407,0.604,0.379,0.549,-1.35,0.46,4.37,4.58,5.73,4.11,,,Jack Perkins,Griffin Jax,4418686,42604,2.0,regular-season,2026-09-15T22:40Z,6:40 PM ET
2026-09-15,Chicago White Sox,Cleveland Guardians,Scheduled,,Cleveland Guardians,0.4368,0.5632,401816945,6,4,77-73,76-75,0.513,0.503,0.525,0.492,0.25,-0.07,4.68,4.09,4.43,4.17,,,Chris Murphy,Foster Griffin,4084958,33773,2.0,regular-season,2026-09-15T22:40Z,6:40 PM ET
2026-09-15,Los Angeles Dodgers,Cincinnati Reds,Scheduled,,Los Angeles Dodgers,0.6032,0.3968,401816947,4,0,91-59,70-80,0.607,0.467,0.619,0.404,1.15,-0.99,4.97,4.17,3.81,5.15,,,Yoshinobu Yamamoto,Rhett Lowder,4872587,4758873,2.0,regular-season,2026-09-15T22:40Z,6:40 PM ET
2026-09-15,Milwaukee Brewers,Pittsburgh Pirates,Scheduled,,Milwaukee Brewers,0.599,0.401,401816948,5,0,93-57,75-75,0.62,0.5,0.629,0.517,1.3,0.17,5.19,4.79,3.89,4.61,,,Jacob Misiorowski,Lake Bachar,5080761,42592,2.0,regular-season,2026-09-15T22:40Z,6:40 PM ET
2026-09-15,Philadelphia Phillies,Washington Nationals,Scheduled,,Philadelphia Phillies,0.6166,0.3834,401816949,3,3,83-67,70-81,0.553,0.464,0.521,0.502,0.21,0.02,4.5,5.11,4.29,5.09,,,Cristopher Sanchez,Jackson Kent,42359,5007807,2.0,regular-season,2026-09-15T22:45Z,6:45 PM ET
2026-09-15,Detroit Tigers,Toronto Blue Jays,Scheduled,,Toronto Blue Jays,0.4024,0.5976,401816946,5,0,71-79,75-76,0.473,0.497,0.551,0.477,0.47,-0.21,4.48,4.06,4.01,4.27,,,Drew Anderson,Braydon Fisher,41125,41318,2.0,regular-season,2026-09-15T23:07Z,7:07 PM ET
2026-09-15,Baltimore Orioles,New York Mets,Scheduled,,New York Mets,0.4799,0.5201,401816944,2,3,73-78,69-81,0.483,0.46,0.477,0.476,-0.23,-0.23,4.46,4.29,4.69,4.53,,,Shane Baz,Sean Manaea,39639,33244,2.0,regular-season,2026-09-15T23:10Z,7:10 PM ET
2026-09-15,Atlanta Braves,Chicago Cubs,Scheduled,,Atlanta Braves,0.5421,0.4579,401816950,0,1,88-63,84-67,0.583,0.556,0.58,0.588,0.74,0.94,4.61,5.34,3.87,4.4,,,Martin Perez,Kevin Gausman,31098,32667,2.0,regular-season,2026-09-15T23:40Z,7:40 PM ET
2026-09-15,New York Yankees,Minnesota Twins,Scheduled,,New York Yankees,0.6145,0.3855,401816953,3,1,87-63,70-80,0.58,0.467,0.595,0.457,0.87,-0.45,4.57,4.57,3.7,5.02,,,Max Fried,Bailey Ober,32685,3107919,2.0,regular-season,2026-09-15T23:40Z,7:40 PM ET
2026-09-15,San Francisco Giants,St. Louis Cardinals,Scheduled,,St. Louis Cardinals,0.364,0.636,401816954,4,1,62-89,75-76,0.411,0.497,0.447,0.496,-0.52,-0.04,4.19,4.54,4.71,4.58,,,Blade Tidwell,Andre Pallante,4719088,4109034,2.0,regular-season,2026-09-15T23:45Z,7:45 PM ET
2026-09-15,Boston Red Sox,Texas Rangers,Scheduled,,Boston Red Sox,0.5191,0.4809,401816951,0,0,82-68,74-76,0.547,0.493,0.565,0.469,0.59,-0.29,4.42,4.16,3.83,4.45,,,Patrick Sandoval,Jacob deGrom,40975,32796,2.0,regular-season,2026-09-16T00:05Z,8:05 PM ET
2026-09-15,Kansas City Royals,Houston Astros,Scheduled,,Houston Astros,0.3912,0.6088,401816952,0,1,66-84,75-75,0.44,0.5,0.437,0.465,-0.63,-0.35,4.23,4.46,4.85,4.81,,,Michael Wacha,Hunter Brown,32640,4717803,2.0,regular-season,2026-09-16T00:10Z,8:10 PM ET
2026-09-15,San Diego Padres,Colorado Rockies,Scheduled,,San Diego Padres,0.7143,0.2857,401816955,0,0,82-68,55-95,0.547,0.367,0.517,0.402,0.15,-1.13,4.31,4.69,4.16,5.82,,,Walker Buehler,Kyle Freeland,39251,33839,2.0,regular-season,2026-09-16T00:40Z,8:40 PM ET
2026-09-15,Seattle Mariners,Los Angeles Angels,Scheduled,,Seattle Mariners,0.5734,0.4266,401816957,0,0,70-81,57-93,0.464,0.38,0.458,0.448,-0.4,-0.49,4.08,4.07,4.48,4.56,,,Logan Gilbert,Ryan Johnson,41221,5007859,2.0,regular-season,2026-09-16T01:38Z,9:38 PM ET
2026-09-15,Miami Marlins,Arizona Diamondbacks,Scheduled,,Arizona Diamondbacks,0.4044,0.5956,401816956,0,0,74-77,80-71,0.49,0.53,0.503,0.502,0.03,0.02,4.46,4.46,4.42,4.44,,,Janson Junk,Michael Soroka,4881980,34984,2.0,regular-season,2026-09-16T01:40Z,9:40 PM ET
2026-09-16,Chicago White Sox,Cleveland Guardians,Scheduled,,Cleveland Guardians,0.4368,0.5632,401816960,0,0,77-73,76-75,0.513,0.503,0.525,0.492,0.25,-0.07,4.68,4.09,4.43,4.17,,,,Parker Messick,,4619898,2.0,regular-season,2026-09-16T17:00Z,1:00 PM ET
2026-09-16,San Francisco Giants,St. Louis Cardinals,Scheduled,,St. Louis Cardinals,0.364,0.636,401816969,0,0,62-89,75-76,0.411,0.497,0.447,0.496,-0.52,-0.04,4.19,4.54,4.71,4.58,,,Anthony Molina,Matthew Liberatore,5016983,41173,2.0,regular-season,2026-09-16T17:15Z,1:15 PM ET
2026-09-16,New York Yankees,Minnesota Twins,Scheduled,,New York Yankees,0.6145,0.3855,401816968,0,0,87-63,70-80,0.58,0.467,0.595,0.457,0.87,-0.45,4.57,4.57,3.7,5.02,,,Carlos Rodon,Zebby Matthews,33696,4791597,2.0,regular-season,2026-09-16T17:40Z,1:40 PM ET
2026-09-16,Detroit Tigers,Toronto Blue Jays,Scheduled,,Toronto Blue Jays,0.4024,0.5976,401816961,0,0,71-79,75-76,0.473,0.497,0.551,0.477,0.47,-0.21,4.48,4.06,4.01,4.27,,,Keider Montero,Max Scherzer,5182933,28976,2.0,regular-season,2026-09-16T19:07Z,3:07 PM ET
2026-09-16,Athletics,Tampa Bay Rays,Scheduled,,Tampa Bay Rays,0.2312,0.7688,401816958,0,0,61-89,90-59,0.407,0.604,0.379,0.549,-1.35,0.46,4.37,4.58,5.73,4.11,,,Brady Basso,Nick Martinez,4179551,33372,2.0,regular-season,2026-09-16T22:40Z,6:40 PM ET
2026-09-16,Los Angeles Dodgers,Cincinnati Reds,Scheduled,,Los Angeles Dodgers,0.6032,0.3968,401816962,0,0,91-59,70-80,0.607,0.467,0.619,0.404,1.15,-0.99,4.97,4.17,3.81,5.15,,,Blake Snell,Andrew Abbott,33748,4414528,2.0,regular-season,2026-09-16T22:40Z,6:40 PM ET
2026-09-16,Milwaukee Brewers,Pittsburgh Pirates,Scheduled,,Milwaukee Brewers,0.599,0.401,401816963,0,0,93-57,75-75,0.62,0.5,0.629,0.517,1.3,0.17,5.19,4.79,3.89,4.61,,,Logan Henderson,Jared Jones,4917878,4918156,2.0,regular-season,2026-09-16T22:40Z,6:40 PM ET
2026-09-16,Philadelphia Phillies,Washington Nationals,Scheduled,,Philadelphia Phillies,0.6166,0.3834,401816964,0,0,83-67,70-81,0.553,0.464,0.521,0.502,0.21,0.02,4.5,5.11,4.29,5.09,,,Zack Wheeler,Cade Cavalli,31267,4308037,2.0,regular-season,2026-09-16T22:45Z,6:45 PM ET
2026-09-16,Baltimore Orioles,New York Mets,Scheduled,,New York Mets,0.4799,0.5201,401816959,0,0,73-78,69-81,0.483,0.46,0.477,0.476,-0.23,-0.23,4.46,4.29,4.69,4.53,,,Chris Bassitt,Robert Stock,33148,30577,2.0,regular-season,2026-09-16T23:00Z,7:00 PM ET
2026-09-16,Atlanta Braves,Chicago Cubs,Scheduled,,Atlanta Braves,0.5421,0.4579,401816965,0,0,88-63,84-67,0.583,0.556,0.58,0.588,0.74,0.94,4.61,5.34,3.87,4.4,,,JR Ritchie,Shota Imanaga,5080757,5134630,2.0,regular-season,2026-09-16T23:40Z,7:40 PM ET
2026-09-16,Boston Red Sox,Texas Rangers,Scheduled,,Boston Red Sox,0.5191,0.4809,401816966,0,0,82-68,74-76,0.547,0.493,0.565,0.469,0.59,-0.29,4.42,4.16,3.83,4.45,,,Jake Bennett,MacKenzie Gore,4654024,39636,2.0,regular-season,2026-09-17T00:05Z,8:05 PM ET
2026-09-16,Kansas City Royals,Houston Astros,Scheduled,,Houston Astros,0.3912,0.6088,401816967,0,0,66-84,75-75,0.44,0.5,0.437,0.465,-0.63,-0.35,4.23,4.46,4.85,4.81,,,Daniel Lynch IV,Cristian Javier,41227,41261,2.0,regular-season,2026-09-17T00:10Z,8:10 PM ET
2026-09-16,San Diego Padres,Colorado Rockies,Scheduled,,San Diego Padres,0.7143,0.2857,401816970,0,0,82-68,55-95,0.547,0.367,0.517,0.402,0.15,-1.13,4.31,4.69,4.16,5.82,,,Robbie Ray,Mason Adams,32175,4758424,2.0,regular-season,2026-09-17T00:40Z,8:40 PM ET
2026-09-16,Seattle Mariners,Los Angeles Angels,Scheduled,,Seattle Mariners,0.5734,0.4266,401816972,0,0,70-81,57-93,0.464,0.38,0.458,0.448,-0.4,-0.49,4.08,4.07,4.48,4.56,,,George Kirby,Yusei Kikuchi,42406,41415,2.0,regular-season,2026-09-17T01:38Z,9:38 PM ET
2026-09-16,Miami Marlins,Arizona Diamondbacks,Scheduled,,Arizona Diamondbacks,0.4044,0.5956,401816971,0,0,74-77,80-71,0.49,0.53,0.503,0.502,0.03,0.02,4.46,4.46,4.42,4.44,,,Ryan Gusto,Merrill Kelly,5131986,32968,2.0,regular-season,2026-09-17T01:40Z,9:40 PM ET
2026-09-17,Milwaukee Brewers,Pittsburgh Pirates,Scheduled,,Milwaukee Brewers,0.599,0.401,401816975,0,0,93-57,75-75,0.62,0.5,0.629,0.517,1.3,0.17,5.19,4.79,3.89,4.61,,,Dustin May,,40937,,2.0,regular-season,2026-09-17T16:35Z,12:35 PM ET
2026-09-17,Los Angeles Dodgers,Cincinnati Reds,Scheduled,,Los Angeles Dodgers,0.6032,0.3968,401816974,0,0,91-59,70-80,0.607,0.467,0.619,0.404,1.15,-0.99,4.97,4.17,3.81,5.15,,,,Brady Singer,,41172,2.0,regular-season,2026-09-17T16:40Z,12:40 PM ET
2026-09-17,Athletics,Tampa Bay Rays,Scheduled,,Tampa Bay Rays,0.2312,0.7688,401816973,0,0,61-89,90-59,0.407,0.604,0.379,0.549,-1.35,0.46,4.37,4.58,5.73,4.11,,,Jeffrey Springs,Drew Rasmussen,35397,42584,2.0,regular-season,2026-09-17T17:10Z,1:10 PM ET
2026-09-17,San Diego Padres,Colorado Rockies,Scheduled,,San Diego Padres,0.7143,0.2857,401816980,0,0,82-68,55-95,0.547,0.367,0.517,0.402,0.15,-1.13,4.31,4.69,4.16,5.82,,,Michael King,Tanner Gordon,40429,4415658,2.0,regular-season,2026-09-17T19:10Z,3:10 PM ET
2026-09-17,Philadelphia Phillies,New York Mets,Scheduled,,Philadelphia Phillies,0.5739,0.4261,401816976,0,0,83-67,69-81,0.553,0.46,0.521,0.476,0.21,-0.23,4.5,4.29,4.29,4.53,,,Aaron Nola,Nolan McLean,33709,4433874,2.0,regular-season,2026-09-17T23:15Z,7:15 PM ET
2026-09-17,Kansas City Royals,Houston Astros,Scheduled,,Houston Astros,0.3912,0.6088,401816979,0,0,66-84,75-75,0.44,0.5,0.437,0.465,-0.63,-0.35,4.23,4.46,4.85,4.81,,,Seth Lugo,,34873,,2.0,regular-season,2026-09-17T23:15Z,7:15 PM ET
2026-09-17,Detroit Tigers,Chicago White Sox,Scheduled,,Chicago White Sox,0.4171,0.5829,401816978,0,0,71-79,77-73,0.473,0.513,0.551,0.525,0.47,0.25,4.48,4.68,4.01,4.43,,,Framber Valdez,,36581,,2.0,regular-season,2026-09-17T23:40Z,7:40 PM ET
2026-09-17,Boston Red Sox,Texas Rangers,Scheduled,,Boston Red Sox,0.5191,0.4809,401816977,0,0,82-68,74-76,0.547,0.493,0.565,0.469,0.59,-0.29,4.42,4.16,3.83,4.45,,,Sonny Gray,,32082,,2.0,regular-season,2026-09-18T00:05Z,8:05 PM ET
2026-09-17,Minnesota Twins,Los Angeles Angels,Scheduled,,Minnesota Twins,0.5485,0.4515,401816981,0,0,70-80,57-93,0.467,0.38,0.457,0.448,-0.45,-0.49,4.57,4.07,5.02,4.56,,,Taj Bradley,Walbert Urena,42480,5197476,2.0,regular-season,2026-09-18T01:38Z,9:38 PM ET
2026-09-18,Chicago Cubs,Cincinnati Reds,Scheduled,,Chicago Cubs,0.5098,0.4902,401816984,0,0,84-67,70-80,0.556,0.467,0.588,0.404,0.94,-0.99,5.34,4.17,4.4,5.15,,,Clay Holmes,Chase Burns,32827,4927516,2.0,regular-season,2026-09-18T22:40Z,6:40 PM ET
2026-09-18,Kansas City Royals,Pittsburgh Pirates,Scheduled,,Pittsburgh Pirates,0.4101,0.5899,401816985,0,0,66-84,75-75,0.44,0.5,0.437,0.517,-0.63,0.17,4.23,4.79,4.85,4.61,,,Randy Dobnak,Paul Skenes,42214,4719507,2.0,regular-season,2026-09-18T22:40Z,6:40 PM ET
2026-09-18,Milwaukee Brewers,Baltimore Orioles,Scheduled,,Milwaukee Brewers,0.6025,0.3975,401816986,0,0,93-57,73-78,0.62,0.483,0.629,0.477,1.3,-0.23,5.19,4.46,3.89,4.69,,,Shane Drohan,,4315203,,2.0,regular-season,2026-09-18T23:05Z,7:05 PM ET
2026-09-18,Athletics,Cleveland Guardians,Scheduled,,Cleveland Guardians,0.3187,0.6813,401816982,0,0,61-89,76-75,0.407,0.503,0.379,0.492,-1.35,-0.07,4.37,4.09,5.73,4.17,,,,Joey Cantillo,,42488,2.0,regular-season,2026-09-18T23:10Z,7:10 PM ET
2026-09-18,Boston Red Sox,Tampa Bay Rays,Scheduled,,Tampa Bay Rays,0.3919,0.6081,401816983,0,0,82-68,90-59,0.547,0.604,0.565,0.549,0.59,0.46,4.42,4.58,3.83,4.11,,,Ranger Suarez,Ian Seymour,39817,4669425,2.0,regular-season,2026-09-18T23:10Z,7:10 PM ET
2026-09-18,Philadelphia Phillies,New York Mets,Scheduled,,Philadelphia Phillies,0.5739,0.4261,401816987,0,0,83-67,69-81,0.553,0.46,0.521,0.476,0.21,-0.23,4.5,4.29,4.29,4.53,,,,Zac Thornton,,5129576,2.0,regular-season,2026-09-18T23:10Z,7:10 PM ET
2026-09-18,Detroit Tigers,Chicago White Sox,Scheduled,,Chicago White Sox,0.4171,0.5829,401816989,0,0,71-79,77-73,0.473,0.513,0.551,0.525,0.47,0.25,4.48,4.68,4.01,4.43,,,Jackson Jobe,David Sandlin,4872647,4960696,2.0,regular-season,2026-09-18T23:40Z,7:40 PM ET
2026-09-18,Toronto Blue Jays,Texas Rangers,Scheduled,,Texas Rangers,0.4701,0.5299,401816990,0,0,75-76,74-76,0.497,0.493,0.477,0.469,-0.21,-0.29,4.06,4.16,4.27,4.45,,,Spencer Arrighetti,,4726080,,2.0,regular-season,2026-09-19T00:05Z,8:05 PM ET
2026-09-18,Atlanta Braves,Houston Astros,Scheduled,,Atlanta Braves,0.5653,0.4347,401816988,0,0,88-63,75-75,0.583,0.5,0.58,0.465,0.74,-0.35,4.61,4.46,3.87,4.81,,,Chris Sale,Peter Lambert,30948,39898,2.0,regular-season,2026-09-19T00:10Z,8:10 PM ET
2026-09-18,Seattle Mariners,Colorado Rockies,Scheduled,,Seattle Mariners,0.6248,0.3752,401816992,0,0,70-81,55-95,0.464,0.367,0.458,0.402,-0.4,-1.13,4.08,4.69,4.48,5.82,,,Bryan Woo,Gabriel Hughes,4629089,4634930,2.0,regular-season,2026-09-19T00:10Z,8:10 PM ET
2026-09-18,Washington Nationals,St. Louis Cardinals,Scheduled,,St. Louis Cardinals,0.3803,0.6197,401816991,0,0,70-81,75-76,0.464,0.497,0.502,0.496,0.02,-0.04,5.11,4.54,5.09,4.58,,,Andrew Alvarez,Kyle Leahy,4300668,5006093,2.0,regular-season,2026-09-19T00:15Z,8:15 PM ET
2026-09-18,Minnesota Twins,Los Angeles Angels,Scheduled,,Minnesota Twins,0.5485,0.4515,401816994,0,0,70-80,57-93,0.467,0.38,0.457,0.448,-0.45,-0.49,4.57,4.07,5.02,4.56,,,Connor Prielipp,Grayson Rodriguez,4620001,41196,2.0,regular-season,2026-09-19T01:38Z,9:38 PM ET
2026-09-18,Miami Marlins,San Diego Padres,Scheduled,,San Diego Padres,0.3729,0.6271,401816993,0,0,74-77,82-68,0.49,0.547,0.503,0.517,0.03,0.15,4.46,4.31,4.42,4.16,,,Tyler Phillips,Nick Pivetta,41247,36071,2.0,regular-season,2026-09-19T01:40Z,9:40 PM ET
2026-09-18,New York Yankees,Arizona Diamondbacks,Scheduled,,New York Yankees,0.5227,0.4773,401816995,0,0,87-63,80-71,0.58,0.53,0.595,0.502,0.87,0.02,4.57,4.46,3.7,4.44,,,Gerrit Cole,Zac Gallen,32081,39910,2.0,regular-season,2026-09-19T01:40Z,9:40 PM ET
2026-09-18,San Francisco Giants,Los Angeles Dodgers,Scheduled,,Los Angeles Dodgers,0.256,0.744,401816996,0,0,62-89,91-59,0.411,0.607,0.447,0.619,-0.52,1.15,4.19,4.97,4.71,3.81,,,Cesar Perdomo,Tyler Glasnow,5271881,33190,2.0,regular-season,2026-09-19T02:10Z,10:10 PM ET
2026-09-19,Milwaukee Brewers,Baltimore Orioles,Scheduled,,Milwaukee Brewers,0.6025,0.3975,401817001,0,0,93-57,73-78,0.62,0.483,0.629,0.477,1.3,-0.23,5.19,4.46,3.89,4.69,,,,Trevor Rogers,,39640,2.0,regular-season,2026-09-19T20:05Z,4:05 PM ET
2026-09-19,Boston Red Sox,Tampa Bay Rays,Scheduled,,Tampa Bay Rays,0.3919,0.6081,401816998,0,0,82-68,90-59,0.547,0.604,0.565,0.549,0.59,0.46,4.42,4.58,3.83,4.11,,,Payton Tolle,Freddy Peralta,4966140,39825,2.0,regular-season,2026-09-19T20:10Z,4:10 PM ET
2026-09-19,Philadelphia Phillies,New York Mets,Scheduled,,Philadelphia Phillies,0.5739,0.4261,401817002,0,0,83-67,69-81,0.553,0.46,0.521,0.476,0.21,-0.23,4.5,4.29,4.29,4.53,,,Andrew Painter,Christian Scott,4872683,4414215,2.0,regular-season,2026-09-19T20:10Z,4:10 PM ET
2026-09-19,Athletics,Cleveland Guardians,Scheduled,,Cleveland Guardians,0.3187,0.6813,401816997,0,0,61-89,76-75,0.407,0.503,0.379,0.492,-1.35,-0.07,4.37,4.09,5.73,4.17,,,Jacob Lopez,Tanner Bibee,42239,4345278,2.0,regular-season,2026-09-19T22:10Z,6:10 PM ET
2026-09-19,Chicago Cubs,Cincinnati Reds,Scheduled,,Chicago Cubs,0.5098,0.4902,401816999,0,0,84-67,70-80,0.556,0.467,0.588,0.404,0.94,-0.99,5.34,4.17,4.4,5.15,,,Matthew Boyd,Nick Lodolo,34401,42433,2.0,regular-season,2026-09-19T22:40Z,6:40 PM ET
2026-09-19,Kansas City Royals,Pittsburgh Pirates,Scheduled,,Pittsburgh Pirates,0.4101,0.5899,401817000,0,0,66-84,75-75,0.44,0.5,0.437,0.517,-0.63,0.17,4.23,4.79,4.85,4.61,,,Noah Cameron,Bubba Chandler,4417208,4683325,2.0,regular-season,2026-09-19T22:40Z,6:40 PM ET
2026-09-19,Toronto Blue Jays,Texas Rangers,Scheduled,,Texas Rangers,0.4701,0.5299,401817005,0,0,75-76,74-76,0.497,0.493,0.477,0.469,-0.21,-0.29,4.06,4.16,4.27,4.45,,,Dylan Cease,Cal Quantrill,34943,39875,2.0,regular-season,2026-09-19T23:05Z,7:05 PM ET
2026-09-19,Atlanta Braves,Houston Astros,Scheduled,,Atlanta Braves,0.5653,0.4347,401817003,0,0,88-63,75-75,0.583,0.5,0.58,0.465,0.74,-0.35,4.61,4.46,3.87,4.81,,,Tyler Mahle,Hayden Wesneski,34973,42996,2.0,regular-season,2026-09-19T23:10Z,7:10 PM ET
2026-09-19,Detroit Tigers,Chicago White Sox,Scheduled,,Chicago White Sox,0.4171,0.5829,401817004,0,0,71-79,77-73,0.473,0.513,0.551,0.525,0.47,0.25,4.48,4.68,4.01,4.43,,,Troy Melton,,5294127,,2.0,regular-season,2026-09-19T23:10Z,7:10 PM ET
2026-09-19,Washington Nationals,St. Louis Cardinals,Scheduled,,St. Louis Cardinals,0.3803,0.6197,401817006,0,0,70-81,75-76,0.464,0.497,0.502,0.496,0.02,-0.04,5.11,4.54,5.09,4.58,,,Jake Irvin,Michael McGreevy,41290,4424141,2.0,regular-season,2026-09-19T23:15Z,7:15 PM ET
2026-09-19,Seattle Mariners,Colorado Rockies,Scheduled,,Seattle Mariners,0.6248,0.3752,401817007,0,0,70-81,55-95,0.464,0.367,0.458,0.402,-0.4,-1.13,4.08,4.69,4.48,5.82,,,Bryce Miller,Tomoyuki Sugano,4654313,4142423,2.0,regular-season,2026-09-20T00:10Z,8:10 PM ET
2026-09-19,New York Yankees,Arizona Diamondbacks,Scheduled,,New York Yankees,0.5227,0.4773,401817010,0,0,87-63,80-71,0.58,0.53,0.595,0.502,0.87,0.02,4.57,4.46,3.7,4.44,,,Cam Schlittler,Brandon Pfaadt,5134581,4721302,2.0,regular-season,2026-09-20T00:10Z,8:10 PM ET
2026-09-19,Miami Marlins,San Diego Padres,Scheduled,,San Diego Padres,0.3729,0.6271,401817008,0,0,74-77,82-68,0.49,0.547,0.503,0.517,0.03,0.15,4.46,4.31,4.42,4.16,,,Eury Perez,Casey Mize,4917854,41167,2.0,regular-season,2026-09-20T00:40Z,8:40 PM ET
2026-09-19,San Francisco Giants,Los Angeles Dodgers,Scheduled,,Los Angeles Dodgers,0.256,0.744,401817011,0,0,62-89,91-59,0.411,0.607,0.447,0.619,-0.52,1.15,4.19,4.97,4.71,3.81,,,Logan Webb,Justin Wrobleski,41216,4417203,2.0,regular-season,2026-09-20T01:10Z,9:10 PM ET
2026-09-19,Minnesota Twins,Los Angeles Angels,Scheduled,,Minnesota Twins,0.5485,0.4515,401817009,0,0,70-80,57-93,0.467,0.38,0.457,0.448,-0.45,-0.49,4.57,4.07,5.02,4.56,,,Joe Ryan,Reid Detmers,42450,4326697,2.0,regular-season,2026-09-20T01:38Z,9:38 PM ET
2026-09-20,Philadelphia Phillies,New York Mets,Scheduled,,Philadelphia Phillies,0.5739,0.4261,401817017,0,0,83-67,69-81,0.553,0.46,0.521,0.476,0.21,-0.23,4.5,4.29,4.29,4.53,,,Cristopher Sanchez,Jonah Tong,42359,5214984,2.0,regular-season,2026-09-20T17:10Z,1:10 PM ET
2026-09-20,Kansas City Royals,Pittsburgh Pirates,Scheduled,,Pittsburgh Pirates,0.4101,0.5899,401817015,0,0,66-84,75-75,0.44,0.5,0.437,0.517,-0.63,0.17,4.23,4.79,4.85,4.61,,,Michael Wacha,Lake Bachar,32640,42592,2.0,regular-season,2026-09-20T17:35Z,1:35 PM ET
2026-09-20,Athletics,Cleveland Guardians,Scheduled,,Cleveland Guardians,0.3187,0.6813,401817012,0,0,61-89,76-75,0.407,0.503,0.379,0.492,-1.35,-0.07,4.37,4.09,5.73,4.17,,,Jack Perkins,Gavin Williams,4418686,4345076,2.0,regular-season,2026-09-20T17:40Z,1:40 PM ET
2026-09-20,Boston Red Sox,Tampa Bay Rays,Scheduled,,Tampa Bay Rays,0.3919,0.6081,401817013,0,0,82-68,90-59,0.547,0.604,0.565,0.549,0.59,0.46,4.42,4.58,3.83,4.11,,,Patrick Sandoval,Griffin Jax,40975,42604,2.0,regular-season,2026-09-20T17:40Z,1:40 PM ET
2026-09-20,Chicago Cubs,Cincinnati Reds,Scheduled,,Chicago Cubs,0.5098,0.4902,401817014,0,0,84-67,70-80,0.556,0.467,0.588,0.404,0.94,-0.99,5.34,4.17,4.4,5.15,,,David Peterson,Rhett Lowder,40921,4758873,2.0,regular-season,2026-09-20T17:40Z,1:40 PM ET
2026-09-20,Atlanta Braves,Houston Astros,Scheduled,,Atlanta Braves,0.5653,0.4347,401817018,0,0,88-63,75-75,0.583,0.5,0.58,0.465,0.74,-0.35,4.61,4.46,3.87,4.81,,,Grant Holmes,Hunter Brown,33840,4717803,2.0,regular-season,2026-09-20T18:10Z,2:10 PM ET
2026-09-20,Detroit Tigers,Chicago White Sox,Scheduled,,Chicago White Sox,0.4171,0.5829,401817019,0,0,71-79,77-73,0.473,0.513,0.551,0.525,0.47,0.25,4.48,4.68,4.01,4.43,,,Drew Anderson,Davis Martin,41125,42823,2.0,regular-season,2026-09-20T18:10Z,2:10 PM ET
2026-09-20,Washington Nationals,St. Louis Cardinals,Scheduled,,St. Louis Cardinals,0.3803,0.6197,401817021,0,0,70-81,75-76,0.464,0.497,0.502,0.496,0.02,-0.04,5.11,4.54,5.09,4.58,,,Jackson Kent,Quinn Mathews,5007807,4837405,2.0,regular-season,2026-09-20T18:15Z,2:15 PM ET
2026-09-20,Toronto Blue Jays,Texas Rangers,Scheduled,,Texas Rangers,0.4701,0.5299,401817020,0,0,75-76,74-76,0.497,0.493,0.477,0.469,-0.21,-0.29,4.06,4.16,4.27,4.45,,,Jose Soriano,Jacob deGrom,40973,32796,2.0,regular-season,2026-09-20T18:35Z,2:35 PM ET
2026-09-20,Seattle Mariners,Colorado Rockies,Scheduled,,Seattle Mariners,0.6248,0.3752,401817022,0,0,70-81,55-95,0.464,0.367,0.458,0.402,-0.4,-1.13,4.08,4.69,4.48,5.82,,,Kade Anderson,Kyle Freeland,5198748,33839,2.0,regular-season,2026-09-20T19:10Z,3:10 PM ET
2026-09-20,Minnesota Twins,Los Angeles Angels,Scheduled,,Minnesota Twins,0.5485,0.4515,401817024,0,0,70-80,57-93,0.467,0.38,0.457,0.448,-0.45,-0.49,4.57,4.07,5.02,4.56,,,Dean Kremer,Ryan Johnson,38295,5007859,2.0,regular-season,2026-09-20T20:07Z,4:07 PM ET
2026-09-20,Miami Marlins,San Diego Padres,Scheduled,,San Diego Padres,0.3729,0.6271,401817023,0,0,74-77,82-68,0.49,0.547,0.503,0.517,0.03,0.15,4.46,4.31,4.42,4.16,,,Sandy Alcantara,Walker Buehler,35241,39251,2.0,regular-season,2026-09-20T20:10Z,4:10 PM ET
2026-09-20,New York Yankees,Arizona Diamondbacks,Scheduled,,New York Yankees,0.5227,0.4773,401817025,0,0,87-63,80-71,0.58,0.53,0.595,0.502,0.87,0.02,4.57,4.46,3.7,4.44,,,Will Warren,Eduardo Rodriguez,5132011,32675,2.0,regular-season,2026-09-20T20:10Z,4:10 PM ET
2026-09-20,San Francisco Giants,Los Angeles Dodgers,Scheduled,,Los Angeles Dodgers,0.256,0.744,401817026,0,0,62-89,91-59,0.411,0.607,0.447,0.619,-0.52,1.15,4.19,4.97,4.71,3.81,,,Landen Roupp,Tarik Skubal,4345404,42409,2.0,regular-season,2026-09-20T20:10Z,4:10 PM ET
2026-09-20,Milwaukee Brewers,Baltimore Orioles,Scheduled,,Milwaukee Brewers,0.6025,0.3975,401817016,0,0,93-57,73-78,0.62,0.483,0.629,0.477,1.3,-0.23,5.19,4.46,3.89,4.69,,,Robert Gasser,Brandon Young,4918251,4414339,2.0,regular-season,2026-09-20T23:20Z,7:20 PM ET
2026-09-21,Toronto Blue Jays,Baltimore Orioles,Scheduled,,Toronto Blue Jays,0.5019,0.4981,401817027,0,0,75-76,73-78,0.497,0.483,0.477,0.477,-0.21,-0.23,4.06,4.46,4.27,4.69,,,Braydon Fisher,Shane Baz,41318,39639,2.0,regular-season,2026-09-21T22:35Z,6:35 PM ET
2026-09-21,Washington Nationals,Detroit Tigers,Scheduled,,Detroit Tigers,0.4074,0.5926,401817028,0,0,70-81,71-79,0.464,0.473,0.502,0.551,0.02,0.47,5.11,4.48,5.09,4.01,,,,Keider Montero,,5182933,2.0,regular-season,2026-09-21T22:40Z,6:40 PM ET
2026-09-21,Minnesota Twins,San Francisco Giants,Scheduled,,Minnesota Twins,0.5129,0.4871,401817029,0,0,70-80,62-89,0.467,0.411,0.457,0.447,-0.45,-0.52,4.57,4.19,5.02,4.71,,,Bailey Ober,Blade Tidwell,3107919,4719088,2.0,regular-season,2026-09-22T01:45Z,9:45 PM ET
2026-09-22,Tampa Bay Rays,New York Yankees,Scheduled,,New York Yankees,0.4897,0.5103,401873648,0,0,90-59,87-63,0.604,0.58,0.549,0.595,0.46,0.87,4.58,4.57,4.11,3.7,,,,,,,2.0,regular-season,2026-09-22T17:05Z,1:05 PM ET
2026-09-22,Toronto Blue Jays,Baltimore Orioles,Scheduled,,Toronto Blue Jays,0.5019,0.4981,401817035,0,0,75-76,73-78,0.497,0.483,0.477,0.477,-0.21,-0.23,4.06,4.46,4.27,4.69,,,Max Scherzer,Chris Bassitt,28976,33148,2.0,regular-season,2026-09-22T22:35Z,6:35 PM ET
2026-09-22,Milwaukee Brewers,Philadelphia Phillies,Scheduled,,Milwaukee Brewers,0.5094,0.4906,401817032,0,0,93-57,83-67,0.62,0.553,0.629,0.521,1.3,0.21,5.19,4.5,3.89,4.29,,,Jacob Misiorowski,Zack Wheeler,5080761,31267,2.0,regular-season,2026-09-22T22:40Z,6:40 PM ET
2026-09-22,St. Louis Cardinals,Pittsburgh Pirates,Scheduled,,Pittsburgh Pirates,0.4694,0.5306,401817033,0,0,75-76,75-75,0.497,0.5,0.496,0.517,-0.04,0.17,4.54,4.79,4.58,4.61,,,Andre Pallante,Jared Jones,4109034,4918156,2.0,regular-season,2026-09-22T22:40Z,6:40 PM ET
2026-09-22,Washington Nationals,Detroit Tigers,Scheduled,,Detroit Tigers,0.4074,0.5926,401817036,0,0,70-81,71-79,0.464,0.473,0.502,0.551,0.02,0.47,5.11,4.48,5.09,4.01,,,Cade Cavalli,Framber Valdez,4308037,36581,2.0,regular-season,2026-09-22T22:40Z,6:40 PM ET
2026-09-22,Cleveland Guardians,Boston Red Sox,Scheduled,,Boston Red Sox,0.4169,0.5831,401817031,0,0,76-75,82-68,0.503,0.547,0.492,0.565,-0.07,0.59,4.09,4.42,4.17,3.83,,,Foster Griffin,Jake Bennett,33773,4654024,2.0,regular-season,2026-09-22T22:45Z,6:45 PM ET
2026-09-22,Cincinnati Reds,Atlanta Braves,Scheduled,,Atlanta Braves,0.3302,0.6698,401817030,0,0,70-80,88-63,0.467,0.583,0.404,0.58,-0.99,0.74,4.17,4.61,5.15,3.87,,,Andrew Abbott,Reynaldo Lopez,4414528,33860,2.0,regular-season,2026-09-22T23:15Z,7:15 PM ET
2026-09-22,Chicago White Sox,Kansas City Royals,Scheduled,,Chicago White Sox,0.5323,0.4677,401817037,0,0,77-73,66-84,0.513,0.44,0.525,0.437,0.25,-0.63,4.68,4.23,4.43,4.85,,,,Daniel Lynch IV,,41227,2.0,regular-season,2026-09-22T23:40Z,7:40 PM ET
2026-09-22,Miami Marlins,Chicago Cubs,Scheduled,,Chicago Cubs,0.422,0.578,401817038,0,0,74-77,84-67,0.49,0.556,0.503,0.588,0.03,0.94,4.46,5.34,4.42,4.4,,,Janson Junk,Kevin Gausman,4881980,32667,2.0,regular-season,2026-09-22T23:40Z,7:40 PM ET
2026-09-22,New York Mets,Texas Rangers,Scheduled,,Texas Rangers,0.4062,0.5938,401817039,0,0,69-81,74-76,0.46,0.493,0.476,0.469,-0.23,-0.29,4.29,4.16,4.53,4.45,,,Sean Manaea,MacKenzie Gore,33244,39636,2.0,regular-season,2026-09-23T00:05Z,8:05 PM ET
2026-09-22,Arizona Diamondbacks,Colorado Rockies,Scheduled,,Arizona Diamondbacks,0.6865,0.3135,401817040,0,0,80-71,55-95,0.53,0.367,0.502,0.402,0.02,-1.13,4.46,4.69,4.44,5.82,,,Corbin Burnes,Mason Adams,39878,4758424,2.0,regular-season,2026-09-23T00:40Z,8:40 PM ET
2026-09-22,Los Angeles Angels,Athletics,Scheduled,,Athletics,0.4378,0.5622,401817041,0,0,57-93,61-89,0.38,0.407,0.448,0.379,-0.49,-1.35,4.07,4.37,4.56,5.73,,,Yusei Kikuchi,Brady Basso,41415,4179551,2.0,regular-season,2026-09-23T01:40Z,9:40 PM ET
2026-09-22,Houston Astros,Seattle Mariners,Scheduled,,Seattle Mariners,0.4852,0.5148,401817042,0,0,75-75,70-81,0.5,0.464,0.465,0.458,-0.35,-0.4,4.46,4.08,4.81,4.48,,,Cristian Javier,Logan Gilbert,41261,41221,2.0,regular-season,2026-09-23T01:40Z,9:40 PM ET
2026-09-22,Minnesota Twins,San Francisco Giants,Scheduled,,Minnesota Twins,0.5129,0.4871,401817043,0,0,70-80,62-89,0.467,0.411,0.457,0.447,-0.45,-0.52,4.57,4.19,5.02,4.71,,,Zebby Matthews,Anthony Molina,4791597,5016983,2.0,regular-season,2026-09-23T01:45Z,9:45 PM ET
2026-09-22,San Diego Padres,Los Angeles Dodgers,Scheduled,,Los Angeles Dodgers,0.4156,0.5844,401817044,0,0,82-68,91-59,0.547,0.607,0.517,0.619,0.15,1.15,4.31,4.97,4.16,3.81,,,Robbie Ray,Yoshinobu Yamamoto,32175,4872587,2.0,regular-season,2026-09-23T02:10Z,10:10 PM ET
2026-09-23,Washington Nationals,Detroit Tigers,Scheduled,,Detroit Tigers,0.4074,0.5926,401817051,0,0,70-81,71-79,0.464,0.473,0.502,0.551,0.02,0.47,5.11,4.48,5.09,4.01,,,Andrew Alvarez,Jackson Jobe,4300668,4872647,2.0,regular-season,2026-09-23T17:10Z,1:10 PM ET
2026-09-23,Minnesota Twins,San Francisco Giants,Scheduled,,Minnesota Twins,0.5129,0.4871,401817058,0,0,70-80,62-89,0.467,0.411,0.457,0.447,-0.45,-0.52,4.57,4.19,5.02,4.71,,,Taj Bradley,Cesar Perdomo,42480,5271881,2.0,regular-season,2026-09-23T19:45Z,3:45 PM ET
2026-09-23,Toronto Blue Jays,Baltimore Orioles,Scheduled,,Toronto Blue Jays,0.5019,0.4981,401817050,0,0,75-76,73-78,0.497,0.483,0.477,0.477,-0.21,-0.23,4.06,4.46,4.27,4.69,,,Spencer Arrighetti,,4726080,,2.0,regular-season,2026-09-23T22:35Z,6:35 PM ET
2026-09-23,Milwaukee Brewers,Philadelphia Phillies,Scheduled,,Milwaukee Brewers,0.5094,0.4906,401817047,0,0,93-57,83-67,0.62,0.553,0.629,0.521,1.3,0.21,5.19,4.5,3.89,4.29,,,Logan Henderson,Aaron Nola,4917878,33709,2.0,regular-season,2026-09-23T22:40Z,6:40 PM ET
2026-09-23,St. Louis Cardinals,Pittsburgh Pirates,Scheduled,,Pittsburgh Pirates,0.4694,0.5306,401817048,0,0,75-76,75-75,0.497,0.5,0.496,0.517,-0.04,0.17,4.54,4.79,4.58,4.61,,,Matthew Liberatore,,41173,,2.0,regular-season,2026-09-23T22:40Z,6:40 PM ET
2026-09-23,Cleveland Guardians,Boston Red Sox,Scheduled,,Boston Red Sox,0.4169,0.5831,401817046,0,0,76-75,82-68,0.503,0.547,0.492,0.565,-0.07,0.59,4.09,4.42,4.17,3.83,,,Parker Messick,Sonny Gray,4619898,32082,2.0,regular-season,2026-09-23T23:00Z,7:00 PM ET
2026-09-23,Tampa Bay Rays,New York Yankees,Scheduled,,New York Yankees,0.4897,0.5103,401817049,0,0,90-59,87-63,0.604,0.58,0.549,0.595,0.46,0.87,4.58,4.57,4.11,3.7,,,Ian Seymour,Gerrit Cole,4669425,32081,2.0,regular-season,2026-09-23T23:05Z,7:05 PM ET
2026-09-23,Cincinnati Reds,Atlanta Braves,Scheduled,,Atlanta Braves,0.3302,0.6698,401817045,0,0,70-80,88-63,0.467,0.583,0.404,0.58,-0.99,0.74,4.17,4.61,5.15,3.87,,,Brady Singer,Martin Perez,41172,31098,2.0,regular-season,2026-09-23T23:15Z,7:15 PM ET
2026-09-23,Chicago White Sox,Kansas City Royals,Scheduled,,Chicago White Sox,0.5323,0.4677,401817052,0,0,77-73,66-84,0.513,0.44,0.525,0.437,0.25,-0.63,4.68,4.23,4.43,4.85,,,,Seth Lugo,,34873,2.0,regular-season,2026-09-23T23:40Z,7:40 PM ET
2026-09-23,Miami Marlins,Chicago Cubs,Scheduled,,Chicago Cubs,0.422,0.578,401817053,0,0,74-77,84-67,0.49,0.556,0.503,0.588,0.03,0.94,4.46,5.34,4.42,4.4,,,Ryan Gusto,Shota Imanaga,5131986,5134630,2.0,regular-season,2026-09-23T23:40Z,7:40 PM ET
2026-09-23,New York Mets,Texas Rangers,Scheduled,,Texas Rangers,0.4062,0.5938,401817054,0,0,69-81,74-76,0.46,0.493,0.476,0.469,-0.23,-0.29,4.29,4.16,4.53,4.45,,,Robert Stock,,30577,,2.0,regular-season,2026-09-24T00:05Z,8:05 PM ET
2026-09-23,Arizona Diamondbacks,Colorado Rockies,Scheduled,,Arizona Diamondbacks,0.6865,0.3135,401817055,0,0,80-71,55-95,0.53,0.367,0.502,0.402,0.02,-1.13,4.46,4.69,4.44,5.82,,,Michael Soroka,Tanner Gordon,34984,4415658,2.0,regular-season,2026-09-24T00:40Z,8:40 PM ET
2026-09-23,Los Angeles Angels,Athletics,Scheduled,,Athletics,0.4378,0.5622,401817056,0,0,57-93,61-89,0.38,0.407,0.448,0.379,-0.49,-1.35,4.07,4.37,4.56,5.73,,,Walbert Urena,Jeffrey Springs,5197476,35397,2.0,regular-season,2026-09-24T01:40Z,9:40 PM ET
2026-09-23,Houston Astros,Seattle Mariners,Scheduled,,Seattle Mariners,0.4852,0.5148,401817057,0,0,75-75,70-81,0.5,0.464,0.465,0.458,-0.35,-0.4,4.46,4.08,4.81,4.48,,,,George Kirby,,42406,2.0,regular-season,2026-09-24T02:00Z,10:00 PM ET
2026-09-23,San Diego Padres,Los Angeles Dodgers,Scheduled,,Los Angeles Dodgers,0.4156,0.5844,401817059,0,0,82-68,91-59,0.547,0.607,0.517,0.619,0.15,1.15,4.31,4.97,4.16,3.81,,,Michael King,Blake Snell,40429,33748,2.0,regular-season,2026-09-24T02:10Z,10:10 PM ET
2026-09-24,St. Louis Cardinals,Pittsburgh Pirates,Scheduled,,Pittsburgh Pirates,0.4694,0.5306,401817063,0,0,75-76,75-75,0.497,0.5,0.496,0.517,-0.04,0.17,4.54,4.79,4.58,4.61,,,Kyle Leahy,Paul Skenes,5006093,4719507,2.0,regular-season,2026-09-24T16:35Z,12:35 PM ET
2026-09-24,Chicago White Sox,Kansas City Royals,Scheduled,,Chicago White Sox,0.5323,0.4677,401817065,0,0,77-73,66-84,0.513,0.44,0.525,0.437,0.25,-0.63,4.68,4.23,4.43,4.85,,,David Sandlin,Randy Dobnak,4960696,42214,2.0,regular-season,2026-09-24T18:10Z,2:10 PM ET
2026-09-24,Miami Marlins,Chicago Cubs,Scheduled,,Chicago Cubs,0.422,0.578,401817066,0,0,74-77,84-67,0.49,0.556,0.503,0.588,0.03,0.94,4.46,5.34,4.42,4.4,,,Tyler Phillips,Clay Holmes,41247,32827,2.0,regular-season,2026-09-24T18:20Z,2:20 PM ET
2026-09-24,New York Mets,Texas Rangers,Scheduled,,Texas Rangers,0.4062,0.5938,401817067,0,0,69-81,74-76,0.46,0.493,0.476,0.469,-0.23,-0.29,4.29,4.16,4.53,4.45,,,Nolan McLean,,4433874,,2.0,regular-season,2026-09-24T18:35Z,2:35 PM ET
2026-09-24,Arizona Diamondbacks,Colorado Rockies,Scheduled,,Arizona Diamondbacks,0.6865,0.3135,401817068,0,0,80-71,55-95,0.53,0.367,0.502,0.402,0.02,-1.13,4.46,4.69,4.44,5.82,,,Merrill Kelly,Gabriel Hughes,32968,4634930,2.0,regular-season,2026-09-24T19:10Z,3:10 PM ET
2026-09-24,Milwaukee Brewers,Philadelphia Phillies,Scheduled,,Milwaukee Brewers,0.5094,0.4906,401817062,0,0,93-57,83-67,0.62,0.553,0.629,0.521,1.3,0.21,5.19,4.5,3.89,4.29,,,Dustin May,,40937,,2.0,regular-season,2026-09-24T22:05Z,6:05 PM ET
2026-09-24,Cleveland Guardians,Boston Red Sox,Scheduled,,Boston Red Sox,0.4169,0.5831,401817061,0,0,76-75,82-68,0.503,0.547,0.492,0.565,-0.07,0.59,4.09,4.42,4.17,3.83,,,Joey Cantillo,Ranger Suarez,42488,39817,2.0,regular-season,2026-09-24T22:45Z,6:45 PM ET
2026-09-24,Tampa Bay Rays,New York Yankees,Scheduled,,New York Yankees,0.4897,0.5103,401817064,0,0,90-59,87-63,0.604,0.58,0.549,0.595,0.46,0.87,4.58,4.57,4.11,3.7,,,Freddy Peralta,Cam Schlittler,39825,5134581,2.0,regular-season,2026-09-24T23:05Z,7:05 PM ET
2026-09-24,Cincinnati Reds,Atlanta Braves,Scheduled,,Atlanta Braves,0.3302,0.6698,401817060,0,0,70-80,88-63,0.467,0.583,0.404,0.58,-0.99,0.74,4.17,4.61,5.15,3.87,,,Chase Burns,,4927516,,2.0,regular-season,2026-09-24T23:15Z,7:15 PM ET
2026-09-24,Los Angeles Angels,Seattle Mariners,Scheduled,,Seattle Mariners,0.3478,0.6522,401817069,0,0,57-93,70-81,0.38,0.464,0.448,0.458,-0.49,-0.4,4.07,4.08,4.56,4.48,,,Grayson Rodriguez,Bryan Woo,41196,4629089,2.0,regular-season,2026-09-25T01:40Z,9:40 PM ET
2026-09-24,Houston Astros,Athletics,Scheduled,,Houston Astros,0.5791,0.4209,401817070,0,0,75-75,61-89,0.5,0.407,0.465,0.379,-0.35,-1.35,4.46,4.37,4.81,5.73,,,Peter Lambert,,39898,,2.0,regular-season,2026-09-25T01:40Z,9:40 PM ET
2026-09-24,San Diego Padres,Los Angeles Dodgers,Scheduled,,Los Angeles Dodgers,0.4156,0.5844,401817071,0,0,82-68,91-59,0.547,0.607,0.517,0.619,0.15,1.15,4.31,4.97,4.16,3.81,,,Nick Pivetta,,36071,,2.0,regular-season,2026-09-25T02:10Z,10:10 PM ET
2026-09-25,Pittsburgh Pirates,Detroit Tigers,Scheduled,,Detroit Tigers,0.4757,0.5243,401817077,0,0,75-75,71-79,0.5,0.473,0.517,0.551,0.17,0.47,4.79,4.48,4.61,4.01,,,Bubba Chandler,Troy Melton,4683325,5294127,2.0,regular-season,2026-09-25T22:40Z,6:40 PM ET
2026-09-25,Tampa Bay Rays,Philadelphia Phillies,Scheduled,,Tampa Bay Rays,0.5246,0.4754,401817078,0,0,90-59,83-67,0.604,0.553,0.549,0.521,0.46,0.21,4.58,4.5,4.11,4.29,,,Griffin Jax,Andrew Painter,42604,4872683,2.0,regular-season,2026-09-25T22:40Z,6:40 PM ET
2026-09-25,New York Mets,Washington Nationals,Scheduled,,New York Mets,0.5027,0.4973,401817076,0,0,69-81,70-81,0.46,0.464,0.476,0.502,-0.23,0.02,4.29,5.11,4.53,5.09,,,Zac Thornton,Jake Irvin,5129576,41290,2.0,regular-season,2026-09-25T22:45Z,6:45 PM ET
2026-09-25,Baltimore Orioles,New York Yankees,Scheduled,,New York Yankees,0.3353,0.6647,401817073,0,0,73-78,87-63,0.483,0.58,0.477,0.595,-0.23,0.87,4.46,4.57,4.69,3.7,,,Trevor Rogers,Will Warren,39640,5132011,2.0,regular-season,2026-09-25T23:05Z,7:05 PM ET
2026-09-25,Cincinnati Reds,Toronto Blue Jays,Scheduled,,Toronto Blue Jays,0.4113,0.5887,401817075,0,0,70-80,75-76,0.467,0.497,0.404,0.477,-0.99,-0.21,4.17,4.06,5.15,4.27,,,Nick Lodolo,Dylan Cease,42433,34943,2.0,regular-season,2026-09-25T23:07Z,7:07 PM ET
2026-09-25,Atlanta Braves,Miami Marlins,Scheduled,,Atlanta Braves,0.5785,0.4215,401817072,0,0,88-63,74-77,0.583,0.49,0.58,0.503,0.74,0.03,4.61,4.46,3.87,4.42,,,Chris Sale,Eury Perez,30948,4917854,2.0,regular-season,2026-09-25T23:10Z,7:10 PM ET
2026-09-25,Chicago Cubs,Boston Red Sox,Scheduled,,Boston Red Sox,0.4136,0.5864,401817074,0,0,84-67,82-68,0.556,0.547,0.588,0.565,0.94,0.59,5.34,4.42,4.4,3.83,,,Matthew Boyd,Payton Tolle,34401,4966140,2.0,regular-season,2026-09-25T23:10Z,7:10 PM ET
2026-09-25,Cleveland Guardians,Kansas City Royals,Scheduled,,Cleveland Guardians,0.554,0.446,401817079,0,0,76-75,66-84,0.503,0.44,0.492,0.437,-0.07,-0.63,4.09,4.23,4.17,4.85,,,Tanner Bibee,Noah Cameron,4345278,4417208,2.0,regular-season,2026-09-25T23:40Z,7:40 PM ET
2026-09-25,Colorado Rockies,Chicago White Sox,Scheduled,,Chicago White Sox,0.2749,0.7251,401817080,0,0,55-95,77-73,0.367,0.513,0.402,0.525,-1.13,0.25,4.69,4.68,5.82,4.43,,,Tomoyuki Sugano,,4142423,,2.0,regular-season,2026-09-25T23:40Z,7:40 PM ET
2026-09-25,St. Louis Cardinals,Milwaukee Brewers,Scheduled,,Milwaukee Brewers,0.3339,0.6661,401817081,0,0,75-76,93-57,0.497,0.62,0.496,0.629,-0.04,1.3,4.54,5.19,4.58,3.89,,,Michael McGreevy,Shane Drohan,4424141,4315203,2.0,regular-season,2026-09-25T23:40Z,7:40 PM ET
2026-09-25,Texas Rangers,Minnesota Twins,Scheduled,,Texas Rangers,0.5189,0.4811,401817082,0,0,74-76,70-80,0.493,0.467,0.469,0.457,-0.29,-0.45,4.16,4.57,4.45,5.02,,,Cal Quantrill,Connor Prielipp,39875,4620001,2.0,regular-season,2026-09-26T00:10Z,8:10 PM ET
2026-09-25,Arizona Diamondbacks,San Diego Padres,Scheduled,,San Diego Padres,0.4258,0.5742,401817084,0,0,80-71,82-68,0.53,0.547,0.502,0.517,0.02,0.15,4.46,4.31,4.44,4.16,,,Zac Gallen,Casey Mize,39910,41167,2.0,regular-season,2026-09-26T01:40Z,9:40 PM ET
2026-09-25,Houston Astros,Athletics,Scheduled,,Houston Astros,0.5791,0.4209,401817085,0,0,75-75,61-89,0.5,0.407,0.465,0.379,-0.35,-1.35,4.46,4.37,4.81,5.73,,,Hayden Wesneski,Jacob Lopez,42996,42239,2.0,regular-season,2026-09-26T01:40Z,9:40 PM ET
2026-09-25,Los Angeles Angels,Seattle Mariners,Scheduled,,Seattle Mariners,0.3478,0.6522,401817083,0,0,57-93,70-81,0.38,0.464,0.448,0.458,-0.49,-0.4,4.07,4.08,4.56,4.48,,,Reid Detmers,Bryce Miller,4326697,4654313,2.0,regular-season,2026-09-26T02:10Z,10:10 PM ET
2026-09-25,Los Angeles Dodgers,San Francisco Giants,Scheduled,,Los Angeles Dodgers,0.6756,0.3244,401817086,0,0,91-59,62-89,0.607,0.411,0.619,0.447,1.15,-0.52,4.97,4.19,3.81,4.71,,,Tyler Glasnow,Logan Webb,33190,41216,2.0,regular-season,2026-09-26T02:15Z,10:15 PM ET
2026-09-26,Pittsburgh Pirates,Detroit Tigers,Scheduled,,Detroit Tigers,0.4757,0.5243,401817092,0,0,75-75,71-79,0.5,0.473,0.517,0.551,0.17,0.47,4.79,4.48,4.61,4.01,,,,,,,2.0,regular-season,2026-09-26T17:10Z,1:10 PM ET
2026-09-26,Cincinnati Reds,Toronto Blue Jays,Scheduled,,Toronto Blue Jays,0.4113,0.5887,401817090,0,0,70-80,75-76,0.467,0.497,0.404,0.477,-0.99,-0.21,4.17,4.06,5.15,4.27,,,,,,,2.0,regular-season,2026-09-26T19:07Z,3:07 PM ET
2026-09-26,New York Mets,Washington Nationals,Scheduled,,New York Mets,0.5027,0.4973,401817091,0,0,69-81,70-81,0.46,0.464,0.476,0.502,-0.23,0.02,4.29,5.11,4.53,5.09,,,,,,,2.0,regular-season,2026-09-26T20:05Z,4:05 PM ET
2026-09-26,Los Angeles Dodgers,San Francisco Giants,Scheduled,,Los Angeles Dodgers,0.6756,0.3244,401817101,0,0,91-59,62-89,0.607,0.411,0.619,0.447,1.15,-0.52,4.97,4.19,3.81,4.71,,,,,,,2.0,regular-season,2026-09-26T20:05Z,4:05 PM ET
2026-09-26,Atlanta Braves,Miami Marlins,Scheduled,,Atlanta Braves,0.5785,0.4215,401817087,0,0,88-63,74-77,0.583,0.49,0.58,0.503,0.74,0.03,4.61,4.46,3.87,4.42,,,,,,,2.0,regular-season,2026-09-26T20:10Z,4:10 PM ET
2026-09-26,Texas Rangers,Minnesota Twins,Scheduled,,Texas Rangers,0.5189,0.4811,401817097,0,0,74-76,70-80,0.493,0.467,0.469,0.457,-0.29,-0.45,4.16,4.57,4.45,5.02,,,,,,,2.0,regular-season,2026-09-26T20:10Z,4:10 PM ET
2026-09-26,Cleveland Guardians,Kansas City Royals,Scheduled,,Cleveland Guardians,0.554,0.446,401817094,0,0,76-75,66-84,0.503,0.44,0.492,0.437,-0.07,-0.63,4.09,4.23,4.17,4.85,,,,,,,2.0,regular-season,2026-09-26T23:10Z,7:10 PM ET
2026-09-26,Colorado Rockies,Chicago White Sox,Scheduled,,Chicago White Sox,0.2749,0.7251,401817095,0,0,55-95,77-73,0.367,0.513,0.402,0.525,-1.13,0.25,4.69,4.68,5.82,4.43,,,,,,,2.0,regular-season,2026-09-26T23:10Z,7:10 PM ET
2026-09-26,St. Louis Cardinals,Milwaukee Brewers,Scheduled,,Milwaukee Brewers,0.3339,0.6661,401817096,0,0,75-76,93-57,0.497,0.62,0.496,0.629,-0.04,1.3,4.54,5.19,4.58,3.89,,,,,,,2.0,regular-season,2026-09-26T23:10Z,7:10 PM ET
2026-09-26,Baltimore Orioles,New York Yankees,Scheduled,,New York Yankees,0.3353,0.6647,401817088,0,0,73-78,87-63,0.483,0.58,0.477,0.595,-0.23,0.87,4.46,4.57,4.69,3.7,,,,,,,2.0,regular-season,2026-09-26T23:15Z,7:15 PM ET
2026-09-26,Chicago Cubs,Boston Red Sox,Scheduled,,Boston Red Sox,0.4136,0.5864,401817089,0,0,84-67,82-68,0.556,0.547,0.588,0.565,0.94,0.59,5.34,4.42,4.4,3.83,,,,,,,2.0,regular-season,2026-09-26T23:15Z,7:15 PM ET
2026-09-26,Tampa Bay Rays,Philadelphia Phillies,Scheduled,,Tampa Bay Rays,0.5246,0.4754,401817093,0,0,90-59,83-67,0.604,0.553,0.549,0.521,0.46,0.21,4.58,4.5,4.11,4.29,,,,,,,2.0,regular-season,2026-09-26T23:15Z,7:15 PM ET
2026-09-26,Arizona Diamondbacks,San Diego Padres,Scheduled,,San Diego Padres,0.4258,0.5742,401817099,0,0,80-71,82-68,0.53,0.547,0.502,0.517,0.02,0.15,4.46,4.31,4.44,4.16,,,,,,,2.0,regular-season,2026-09-27T00:40Z,8:40 PM ET
2026-09-26,Los Angeles Angels,Seattle Mariners,Scheduled,,Seattle Mariners,0.3478,0.6522,401817098,0,0,57-93,70-81,0.38,0.464,0.448,0.458,-0.49,-0.4,4.07,4.08,4.56,4.48,,,,,,,2.0,regular-season,2026-09-27T01:40Z,9:40 PM ET
2026-09-26,Houston Astros,Athletics,Scheduled,,Houston Astros,0.5791,0.4209,401817100,0,0,75-75,61-89,0.5,0.407,0.465,0.379,-0.35,-1.35,4.46,4.37,4.81,5.73,,,,,,,2.0,regular-season,2026-09-27T01:40Z,9:40 PM ET
2026-09-27,Chicago Cubs,Boston Red Sox,Scheduled,,Boston Red Sox,0.4136,0.5864,401817104,0,0,84-67,82-68,0.556,0.547,0.588,0.565,0.94,0.59,5.34,4.42,4.4,3.83,,,,,,,2.0,regular-season,2026-09-27T19:05Z,3:05 PM ET
2026-09-27,New York Mets,Washington Nationals,Scheduled,,New York Mets,0.5027,0.4973,401817106,0,0,69-81,70-81,0.46,0.464,0.476,0.502,-0.23,0.02,4.29,5.11,4.53,5.09,,,,,,,2.0,regular-season,2026-09-27T19:05Z,3:05 PM ET
2026-09-27,Tampa Bay Rays,Philadelphia Phillies,Scheduled,,Tampa Bay Rays,0.5246,0.4754,401817108,0,0,90-59,83-67,0.604,0.553,0.549,0.521,0.46,0.21,4.58,4.5,4.11,4.29,,,,,,,2.0,regular-season,2026-09-27T19:05Z,3:05 PM ET
2026-09-27,Houston Astros,Athletics,Scheduled,,Houston Astros,0.5791,0.4209,401817115,0,0,75-75,61-89,0.5,0.407,0.465,0.379,-0.35,-1.35,4.46,4.37,4.81,5.73,,,,,,,2.0,regular-season,2026-09-27T19:05Z,3:05 PM ET
2026-09-27,Los Angeles Dodgers,San Francisco Giants,Scheduled,,Los Angeles Dodgers,0.6756,0.3244,401817116,0,0,91-59,62-89,0.607,0.411,0.619,0.447,1.15,-0.52,4.97,4.19,3.81,4.71,,,,,,,2.0,regular-season,2026-09-27T19:05Z,3:05 PM ET
2026-09-27,Cincinnati Reds,Toronto Blue Jays,Scheduled,,Toronto Blue Jays,0.4113,0.5887,401817105,0,0,70-80,75-76,0.467,0.497,0.404,0.477,-0.99,-0.21,4.17,4.06,5.15,4.27,,,,,,,2.0,regular-season,2026-09-27T19:07Z,3:07 PM ET
2026-09-27,Atlanta Braves,Miami Marlins,Scheduled,,Atlanta Braves,0.5785,0.4215,401817102,0,0,88-63,74-77,0.583,0.49,0.58,0.503,0.74,0.03,4.61,4.46,3.87,4.42,,,,,,,2.0,regular-season,2026-09-27T19:10Z,3:10 PM ET
2026-09-27,Pittsburgh Pirates,Detroit Tigers,Scheduled,,Detroit Tigers,0.4757,0.5243,401817107,0,0,75-75,71-79,0.5,0.473,0.517,0.551,0.17,0.47,4.79,4.48,4.61,4.01,,,,,,,2.0,regular-season,2026-09-27T19:10Z,3:10 PM ET
2026-09-27,Cleveland Guardians,Kansas City Royals,Scheduled,,Cleveland Guardians,0.554,0.446,401817109,0,0,76-75,66-84,0.503,0.44,0.492,0.437,-0.07,-0.63,4.09,4.23,4.17,4.85,,,,,,,2.0,regular-season,2026-09-27T19:10Z,3:10 PM ET
2026-09-27,Colorado Rockies,Chicago White Sox,Scheduled,,Chicago White Sox,0.2749,0.7251,401817110,0,0,55-95,77-73,0.367,0.513,0.402,0.525,-1.13,0.25,4.69,4.68,5.82,4.43,,,,,,,2.0,regular-season,2026-09-27T19:10Z,3:10 PM ET
2026-09-27,St. Louis Cardinals,Milwaukee Brewers,Scheduled,,Milwaukee Brewers,0.3339,0.6661,401817111,0,0,75-76,93-57,0.497,0.62,0.496,0.629,-0.04,1.3,4.54,5.19,4.58,3.89,,,,,,,2.0,regular-season,2026-09-27T19:10Z,3:10 PM ET
2026-09-27,Texas Rangers,Minnesota Twins,Scheduled,,Texas Rangers,0.5189,0.4811,401817112,0,0,74-76,70-80,0.493,0.467,0.469,0.457,-0.29,-0.45,4.16,4.57,4.45,5.02,,,,,,,2.0,regular-season,2026-09-27T19:10Z,3:10 PM ET
2026-09-27,Los Angeles Angels,Seattle Mariners,Scheduled,,Seattle Mariners,0.3478,0.6522,401817113,0,0,57-93,70-81,0.38,0.464,0.448,0.458,-0.49,-0.4,4.07,4.08,4.56,4.48,,,,,,,2.0,regular-season,2026-09-27T19:10Z,3:10 PM ET
2026-09-27,Arizona Diamondbacks,San Diego Padres,Scheduled,,San Diego Padres,0.4258,0.5742,401817114,0,0,80-71,82-68,0.53,0.547,0.502,0.517,0.02,0.15,4.46,4.31,4.44,4.16,,,,,,,2.0,regular-season,2026-09-27T19:10Z,3:10 PM ET
2026-09-27,Baltimore Orioles,New York Yankees,Scheduled,,New York Yankees,0.3353,0.6647,401817103,0,0,73-78,87-63,0.483,0.58,0.477,0.595,-0.23,0.87,4.46,4.57,4.69,3.7,,,,,,,2.0,regular-season,2026-09-27T19:20Z,3:20 PM ET
2026-09-29,TBD,TBD,Scheduled,,TBD,0.475,0.525,401907896,0,0,,,,,,,,,,,,,,,,,,,3.0,post-season,2026-09-29T04:00Z,12:00 AM ET
2026-09-30,TBD,TBD,Scheduled,,TBD,0.475,0.525,401907897,0,0,,,,,,,,,,,,,,,,,,,3.0,post-season,2026-09-30T04:00Z,12:00 AM ET
