game_date,away_team,home_team,status,winner,favored_team,away_win_probability,home_win_probability,game_id,away_score,home_score,away_record,home_record,away_win_pct,home_win_pct,away_pyth_pct,home_pyth_pct,away_run_diff_pg,home_run_diff_pg,away_rs_pg,home_rs_pg,away_ra_pg,home_ra_pg,away_era,home_era,away_probable_starter,home_probable_starter,away_probable_id,home_probable_id,season_type,season_slug,game_start_utc,game_time
2026-08-03,Washington Nationals,Philadelphia Phillies,Final,Philadelphia Phillies,Philadelphia Phillies,0.3419,0.6581,401816378,3,6,55-59,60-53,0.475,0.543,0.503,0.51,0.04,0.09,5.07,4.4,5.03,4.31,4.67,4.0,Andrew Alvarez,Aaron Nola,4300668,33709,2.0,regular-season,2026-08-03T22:40Z,6:40 PM ET
2026-08-03,St. Louis Cardinals,New York Yankees,Final,St. Louis Cardinals,New York Yankees,0.312,0.688,401816377,13,7,56-57,63-50,0.475,0.578,0.482,0.593,-0.18,0.86,4.44,4.59,4.62,3.73,4.27,1.0,Michael McGreevy,Cam Schlittler,4424141,5134581,2.0,regular-season,2026-08-03T23:05Z,7:05 PM ET
2026-08-03,Pittsburgh Pirates,Milwaukee Brewers,Final,Pittsburgh Pirates,Milwaukee Brewers,0.3072,0.6928,401816380,4,3,57-57,69-43,0.506,0.636,0.517,0.633,0.17,1.32,4.73,5.14,4.56,3.81,4.15,3.51,Bubba Chandler,Brandon Sproat,4683325,4621041,2.0,regular-season,2026-08-03T23:40Z,7:40 PM ET
2026-08-03,San Francisco Giants,Texas Rangers,Final,San Francisco Giants,Texas Rangers,0.3364,0.6636,401816381,5,1,48-65,55-58,0.401,0.494,0.442,0.47,-0.56,-0.28,4.13,4.15,4.69,4.44,4.33,4.32,Logan Webb,Cal Quantrill,41216,39875,2.0,regular-season,2026-08-04T00:00Z,8:00 PM ET
2026-08-03,Los Angeles Dodgers,Chicago Cubs,Final,Chicago Cubs,Los Angeles Dodgers,0.5803,0.4197,401816379,5,10,69-44,64-49,0.617,0.549,0.629,0.586,1.24,0.91,4.94,5.25,3.7,4.34,3.55,6.19,Justin Wrobleski,Matthew Boyd,4417203,34401,2.0,regular-season,2026-08-04T00:05Z,8:05 PM ET
2026-08-03,Toronto Blue Jays,Houston Astros,Final,Toronto Blue Jays,Houston Astros,0.4775,0.5225,401816382,3,1,53-60,58-56,0.488,0.5,0.469,0.48,-0.28,-0.2,4.0,4.53,4.28,4.73,3.89,5.5,Shane Bieber,Cristian Javier,40912,41261,2.0,regular-season,2026-08-04T00:10Z,8:10 PM ET
2026-08-03,Tampa Bay Rays,Colorado Rockies,Final,Tampa Bay Rays,Tampa Bay Rays,0.7801,0.2199,401816383,13,9,66-46,45-68,0.605,0.358,0.557,0.397,0.53,-1.19,4.54,4.64,4.01,5.83,3.7,5.59,Ian Seymour,Michael Lorenzen,4669425,33252,2.0,regular-season,2026-08-04T00:40Z,8:40 PM ET
2026-08-03,San Diego Padres,Arizona Diamondbacks,Final,Arizona Diamondbacks,San Diego Padres,0.5405,0.4595,401815079,1,5,58-55,60-53,0.562,0.531,0.527,0.506,0.25,0.06,4.46,4.56,4.2,4.51,0.5,4.18,Michael King,Brandon Pfaadt,40429,4721302,2.0,regular-season,2026-08-04T01:40Z,9:40 PM ET
2026-08-04,Los Angeles Angels,Baltimore Orioles,Final,Baltimore Orioles,Baltimore Orioles,0.3305,0.6695,401816384,1,3,43-70,55-58,0.383,0.491,0.437,0.487,-0.6,-0.13,4.04,4.46,4.64,4.59,4.29,4.08,Grayson Rodriguez,Cade Povich,41196,5085743,2.0,regular-season,2026-08-04T22:35Z,6:35 PM ET
2026-08-04,Athletics,Cincinnati Reds,Final,Cincinnati Reds,Cincinnati Reds,0.3506,0.6494,401816385,4,5,45-68,54-58,0.395,0.463,0.369,0.403,-1.47,-0.99,4.31,4.11,5.78,5.1,5.51,4.83,J.T. Ginn,Brady Singer,4414002,41172,2.0,regular-season,2026-08-04T22:40Z,6:40 PM ET
2026-08-04,New York Mets,Cleveland Guardians,Final,New York Mets,Cleveland Guardians,0.3615,0.6385,401816388,6,2,48-66,57-57,0.457,0.525,0.48,0.507,-0.2,0.07,4.31,4.19,4.51,4.12,4.15,3.77,Sean Manaea,Joey Cantillo,33244,42488,2.0,regular-season,2026-08-04T22:40Z,6:40 PM ET
2026-08-04,Washington Nationals,Philadelphia Phillies,Final,Philadelphia Phillies,Philadelphia Phillies,0.3419,0.6581,401816390,0,5,55-60,61-53,0.475,0.543,0.503,0.51,0.04,0.09,5.07,4.4,5.03,4.31,4.67,4.0,Carson Palmquist,Jesus Luzardo,4621424,39667,2.0,regular-season,2026-08-04T22:40Z,6:40 PM ET
2026-08-04,St. Louis Cardinals,New York Yankees,Final,New York Yankees,New York Yankees,0.312,0.688,401816389,0,2,56-58,64-50,0.475,0.578,0.482,0.593,-0.18,0.86,4.44,4.59,4.62,3.73,4.27,1.0,Hunter Dobbins,Ryan Weathers,4415836,41178,2.0,regular-season,2026-08-04T23:05Z,7:05 PM ET
2026-08-04,Chicago White Sox,Boston Red Sox,Final,Boston Red Sox,Chicago White Sox,0.5052,0.4948,401816386,2,14,59-53,61-51,0.519,0.537,0.534,0.555,0.35,0.48,4.79,4.25,4.44,3.77,2.5,10.12,Davis Martin,Patrick Sandoval,42823,40975,2.0,regular-season,2026-08-04T23:10Z,7:10 PM ET
2026-08-04,Miami Marlins,Atlanta Braves,Final,Atlanta Braves,Atlanta Braves,0.3515,0.6485,401816387,2,4,58-56,68-45,0.494,0.58,0.502,0.577,0.02,0.72,4.41,4.58,4.4,3.86,4.09,3.32,Ryan Gusto,Grant Holmes,5131986,33840,2.0,regular-season,2026-08-04T23:15Z,7:15 PM ET
2026-08-04,Minnesota Twins,Kansas City Royals,Final,Kansas City Royals,Minnesota Twins,0.5161,0.4839,401816392,2,8,56-58,47-67,0.475,0.426,0.465,0.427,-0.36,-0.74,4.56,4.26,4.92,5.0,4.56,4.77,Joe Ryan,Randy Dobnak,42450,42214,2.0,regular-season,2026-08-04T23:40Z,7:40 PM ET
2026-08-04,Pittsburgh Pirates,Milwaukee Brewers,Final,Milwaukee Brewers,Milwaukee Brewers,0.3072,0.6928,401816393,2,4,57-58,70-43,0.506,0.636,0.517,0.633,0.17,1.32,4.73,5.14,4.56,3.81,4.15,3.51,Jared Jones,Logan Henderson,4918156,4917878,2.0,regular-season,2026-08-04T23:40Z,7:40 PM ET
2026-08-04,Los Angeles Dodgers,Chicago Cubs,Final,Chicago Cubs,Los Angeles Dodgers,0.5803,0.4197,401816391,1,5,69-45,65-49,0.617,0.549,0.629,0.586,1.24,0.91,4.94,5.25,3.7,4.34,3.55,6.19,Tarik Skubal,Javier Assad,42409,5002950,2.0,regular-season,2026-08-05T00:05Z,8:05 PM ET
2026-08-04,San Francisco Giants,Texas Rangers,Final,Texas Rangers,Texas Rangers,0.3364,0.6636,401816394,4,5,48-66,56-58,0.401,0.494,0.442,0.47,-0.56,-0.28,4.13,4.15,4.69,4.44,4.33,4.32,Blade Tidwell,MacKenzie Gore,4719088,39636,2.0,regular-season,2026-08-05T00:05Z,8:05 PM ET
2026-08-04,Toronto Blue Jays,Houston Astros,Final,Houston Astros,Houston Astros,0.4775,0.5225,401816395,2,7,53-61,59-56,0.488,0.5,0.469,0.48,-0.28,-0.2,4.0,4.53,4.28,4.73,3.89,5.5,Trey Yesavage,Hayden Wesneski,4949041,42996,2.0,regular-season,2026-08-05T00:10Z,8:10 PM ET
2026-08-04,Tampa Bay Rays,Colorado Rockies,Final,Tampa Bay Rays,Tampa Bay Rays,0.7801,0.2199,401816396,9,7,67-46,45-69,0.605,0.358,0.557,0.397,0.53,-1.19,4.54,4.64,4.01,5.83,3.7,5.59,Freddy Peralta,Gabriel Hughes,39825,4634930,2.0,regular-season,2026-08-05T00:40Z,8:40 PM ET
2026-08-04,Detroit Tigers,Seattle Mariners,Final,Detroit Tigers,Seattle Mariners,0.4374,0.5626,401816397,8,0,55-58,55-59,0.469,0.469,0.547,0.462,0.44,-0.36,4.46,4.1,4.02,4.46,3.67,4.2,Troy Melton,Emerson Hancock,5294127,4297897,2.0,regular-season,2026-08-05T01:40Z,9:40 PM ET
2026-08-04,San Diego Padres,Arizona Diamondbacks,Final,San Diego Padres,San Diego Padres,0.5405,0.4595,401816398,9,4,59-55,60-54,0.562,0.531,0.527,0.506,0.25,0.06,4.46,4.56,4.2,4.51,0.5,4.18,Randy Vasquez,Eduardo Rodriguez,4722847,32675,2.0,regular-season,2026-08-05T01:40Z,9:40 PM ET
2026-08-05,Toronto Blue Jays,Houston Astros,Final,Toronto Blue Jays,Houston Astros,0.4775,0.5225,401816410,5,4,54-61,59-57,0.488,0.5,0.469,0.48,-0.28,-0.2,4.0,4.53,4.28,4.73,3.89,5.5,Jameson Taillon,Hunter Brown,31258,4717803,2.0,regular-season,2026-08-05T18:10Z,2:10 PM ET
2026-08-05,Los Angeles Dodgers,Chicago Cubs,Final,Chicago Cubs,Los Angeles Dodgers,0.5803,0.4197,401816406,6,7,69-46,66-49,0.617,0.549,0.629,0.586,1.24,0.91,4.94,5.25,3.7,4.34,3.55,6.19,Eric Lauer,Shota Imanaga,39915,5134630,2.0,regular-season,2026-08-05T18:20Z,2:20 PM ET
2026-08-05,San Francisco Giants,Texas Rangers,Final,Texas Rangers,Texas Rangers,0.3364,0.6636,401816409,0,6,48-67,57-58,0.401,0.494,0.442,0.47,-0.56,-0.28,4.13,4.15,4.69,4.44,4.33,4.32,Carson Whisenhunt,Cody Bradford,4626232,4142539,2.0,regular-season,2026-08-05T18:35Z,2:35 PM ET
2026-08-05,Tampa Bay Rays,Colorado Rockies,Final,Tampa Bay Rays,Tampa Bay Rays,0.7801,0.2199,401816411,4,0,68-46,45-70,0.605,0.358,0.557,0.397,0.53,-1.19,4.54,4.64,4.01,5.83,3.7,5.59,Nick Martinez,Tomoyuki Sugano,33372,4142423,2.0,regular-season,2026-08-05T19:10Z,3:10 PM ET
2026-08-05,Los Angeles Angels,Baltimore Orioles,Final,Baltimore Orioles,Baltimore Orioles,0.3305,0.6695,401816399,2,5,43-71,56-58,0.383,0.491,0.437,0.487,-0.6,-0.13,4.04,4.46,4.64,4.59,4.29,4.08,Reid Detmers,Trevor Rogers,4326697,39640,2.0,regular-season,2026-08-05T22:35Z,6:35 PM ET
2026-08-05,Athletics,Cincinnati Reds,Final,Cincinnati Reds,Cincinnati Reds,0.3506,0.6494,401816400,2,3,45-69,55-58,0.395,0.463,0.369,0.403,-1.47,-0.99,4.31,4.11,5.78,5.1,5.51,4.83,Jacob Lopez,Rhett Lowder,42239,4758873,2.0,regular-season,2026-08-05T22:40Z,6:40 PM ET
2026-08-05,New York Mets,Cleveland Guardians,Final,New York Mets,Cleveland Guardians,0.3615,0.6385,401816403,6,5,49-66,57-58,0.457,0.525,0.48,0.507,-0.2,0.07,4.31,4.19,4.51,4.12,4.15,3.77,Christian Scott,Tanner Bibee,4414215,4345278,2.0,regular-season,2026-08-05T22:40Z,6:40 PM ET
2026-08-05,St. Louis Cardinals,New York Yankees,Final,St. Louis Cardinals,New York Yankees,0.312,0.688,401816404,3,1,57-58,64-51,0.475,0.578,0.482,0.593,-0.18,0.86,4.44,4.59,4.62,3.73,4.27,1.0,Andre Pallante,Will Warren,4109034,5132011,2.0,regular-season,2026-08-05T23:05Z,7:05 PM ET
2026-08-05,Washington Nationals,Philadelphia Phillies,Final,Washington Nationals,Philadelphia Phillies,0.3419,0.6581,401816405,10,4,56-60,61-54,0.475,0.543,0.503,0.51,0.04,0.09,5.07,4.4,5.03,4.31,4.67,4.0,Jake Irvin,Andrew Painter,41290,4872683,2.0,regular-season,2026-08-05T23:05Z,7:05 PM ET
2026-08-05,Chicago White Sox,Boston Red Sox,Final,Boston Red Sox,Chicago White Sox,0.5052,0.4948,401816401,0,4,59-54,62-51,0.519,0.537,0.534,0.555,0.35,0.48,4.79,4.25,4.44,3.77,2.5,10.12,Sean Burke,Sonny Gray,4867679,32082,2.0,regular-season,2026-08-05T23:10Z,7:10 PM ET
2026-08-05,Miami Marlins,Atlanta Braves,Final,Atlanta Braves,Atlanta Braves,0.3515,0.6485,401816402,1,4,58-57,69-45,0.494,0.58,0.502,0.577,0.02,0.72,4.41,4.58,4.4,3.86,4.09,3.32,Eury Perez,Bryce Elder,4917854,4301067,2.0,regular-season,2026-08-05T23:15Z,7:15 PM ET
2026-08-05,Pittsburgh Pirates,Milwaukee Brewers,Final,Milwaukee Brewers,Milwaukee Brewers,0.3072,0.6928,401816408,2,4,57-59,71-43,0.506,0.636,0.517,0.633,0.17,1.32,4.73,5.14,4.56,3.81,4.15,3.51,Paul Skenes,Kyle Harrison,4719507,4683375,2.0,regular-season,2026-08-05T23:30Z,7:30 PM ET
2026-08-05,Minnesota Twins,Kansas City Royals,Final,Kansas City Royals,Minnesota Twins,0.5161,0.4839,401816407,1,2,56-59,48-67,0.475,0.426,0.465,0.427,-0.36,-0.74,4.56,4.26,4.92,5.0,4.56,4.77,Dean Kremer,Noah Cameron,38295,4417208,2.0,regular-season,2026-08-05T23:40Z,7:40 PM ET
2026-08-05,Detroit Tigers,Seattle Mariners,Final,Seattle Mariners,Seattle Mariners,0.4374,0.5626,401816412,2,4,55-59,56-59,0.469,0.469,0.547,0.462,0.44,-0.36,4.46,4.1,4.02,4.46,3.67,4.2,Drew Anderson,Bryan Woo,41125,4629089,2.0,regular-season,2026-08-06T01:40Z,9:40 PM ET
2026-08-05,San Diego Padres,Arizona Diamondbacks,Final,Arizona Diamondbacks,San Diego Padres,0.5405,0.4595,401816413,4,10,59-56,61-54,0.562,0.531,0.527,0.506,0.25,0.06,4.46,4.56,4.2,4.51,0.5,4.18,Casey Mize,Mitch Bratt,41167,5123768,2.0,regular-season,2026-08-06T01:40Z,9:40 PM ET
2026-08-06,Los Angeles Angels,Baltimore Orioles,Final,Los Angeles Angels,Baltimore Orioles,0.3305,0.6695,401816414,4,1,44-71,56-59,0.383,0.491,0.437,0.487,-0.6,-0.13,4.04,4.46,4.64,4.59,4.29,4.08,Ryan Johnson,Brandon Young,5007859,4414339,2.0,regular-season,2026-08-06T16:35Z,12:35 PM ET
2026-08-06,Athletics,Cincinnati Reds,Final,Cincinnati Reds,Cincinnati Reds,0.3506,0.6494,401816415,5,6,45-70,56-58,0.395,0.463,0.369,0.403,-1.47,-0.99,4.31,4.11,5.78,5.1,5.51,4.83,Mason Barnett,Andrew Abbott,4620704,4414528,2.0,regular-season,2026-08-06T16:40Z,12:40 PM ET
2026-08-06,New York Mets,Cleveland Guardians,Final,New York Mets,Cleveland Guardians,0.3615,0.6385,401816418,13,6,50-66,57-59,0.457,0.525,0.48,0.507,-0.2,0.07,4.31,4.19,4.51,4.12,4.15,3.77,Nolan McLean,Foster Griffin,4433874,33773,2.0,regular-season,2026-08-06T17:10Z,1:10 PM ET
2026-08-06,Pittsburgh Pirates,Milwaukee Brewers,Final,Milwaukee Brewers,Milwaukee Brewers,0.3072,0.6928,401816421,2,5,57-60,72-43,0.506,0.636,0.517,0.633,0.17,1.32,4.73,5.14,4.56,3.81,4.15,3.51,Braxton Ashcraft,Dustin May,41282,40937,2.0,regular-season,2026-08-06T18:10Z,2:10 PM ET
2026-08-06,Toronto Blue Jays,Chicago Cubs,Final,Chicago Cubs,Chicago Cubs,0.4504,0.5496,401879389,2,3,54-62,67-49,0.488,0.549,0.469,0.586,-0.28,0.91,4.0,5.25,4.28,4.34,3.89,6.19,Dylan Cease,David Peterson,34943,40921,2.0,regular-season,2026-08-06T18:20Z,2:20 PM ET
2026-08-06,Detroit Tigers,Seattle Mariners,Final,Detroit Tigers,Seattle Mariners,0.4374,0.5626,401816422,11,0,56-59,56-60,0.469,0.469,0.547,0.462,0.44,-0.36,4.46,4.1,4.02,4.46,3.67,4.2,Framber Valdez,Bryce Miller,36581,4654313,2.0,regular-season,2026-08-06T20:10Z,4:10 PM ET
2026-08-06,Washington Nationals,Philadelphia Phillies,Final,Philadelphia Phillies,Philadelphia Phillies,0.3419,0.6581,401816419,3,7,56-61,62-54,0.475,0.543,0.503,0.51,0.04,0.09,5.07,4.4,5.03,4.31,4.67,4.0,Miles Mikolas,Cristopher Sanchez,32116,42359,2.0,regular-season,2026-08-06T22:05Z,6:05 PM ET
2026-08-06,Chicago White Sox,Boston Red Sox,Final,Boston Red Sox,Chicago White Sox,0.5052,0.4948,401816416,11,12,59-55,63-51,0.519,0.537,0.534,0.555,0.35,0.48,4.79,4.25,4.44,3.77,2.5,10.12,Luis Castillo,Ranger Suarez,35124,39817,2.0,regular-season,2026-08-06T23:10Z,7:10 PM ET
2026-08-06,Miami Marlins,Atlanta Braves,Final,Atlanta Braves,Atlanta Braves,0.3515,0.6485,401816417,3,11,58-58,70-45,0.494,0.58,0.502,0.577,0.02,0.72,4.41,4.58,4.4,3.86,4.09,3.32,Janson Junk,Martin Perez,4881980,31098,2.0,regular-season,2026-08-06T23:15Z,7:15 PM ET
2026-08-06,Minnesota Twins,Kansas City Royals,Final,Minnesota Twins,Minnesota Twins,0.5161,0.4839,401816420,4,3,57-59,48-68,0.475,0.426,0.465,0.427,-0.36,-0.74,4.56,4.26,4.92,5.0,4.56,4.77,Bailey Ober,Michael Wacha,3107919,32640,2.0,regular-season,2026-08-06T23:30Z,7:30 PM ET
2026-08-06,San Diego Padres,Arizona Diamondbacks,Final,San Diego Padres,San Diego Padres,0.5405,0.4595,401816423,5,1,60-56,61-55,0.562,0.531,0.527,0.506,0.25,0.06,4.46,4.56,4.2,4.51,0.5,4.18,Walker Buehler,Kohl Drake,39251,5264737,2.0,regular-season,2026-08-07T01:40Z,9:40 PM ET
2026-08-07,New York Mets,Pittsburgh Pirates,Final,New York Mets,Pittsburgh Pirates,0.4078,0.5922,401816428,6,4,51-66,57-61,0.457,0.506,0.48,0.517,-0.2,0.17,4.31,4.73,4.51,4.56,4.15,4.15,Zac Thornton,Carmen Mlodzinski,5129576,4298378,2.0,regular-season,2026-08-07T22:40Z,6:40 PM ET
2026-08-07,Toronto Blue Jays,Philadelphia Phillies,Final,Toronto Blue Jays,Philadelphia Phillies,0.4027,0.5973,401816429,5,4,55-62,62-55,0.488,0.543,0.469,0.51,-0.28,0.09,4.0,4.4,4.28,4.31,3.89,4.0,Jose Soriano,Zack Wheeler,40973,31267,2.0,regular-season,2026-08-07T22:40Z,6:40 PM ET
2026-08-07,Cincinnati Reds,Washington Nationals,Final,Washington Nationals,Washington Nationals,0.4827,0.5173,401816427,3,5,56-59,57-61,0.463,0.475,0.403,0.503,-0.99,0.04,4.11,5.07,5.1,5.03,4.83,4.67,Chase Petty,Cade Cavalli,4872687,4308037,2.0,regular-season,2026-08-07T22:45Z,6:45 PM ET
2026-08-07,Atlanta Braves,New York Yankees,Final,New York Yankees,New York Yankees,0.4412,0.5588,401816426,2,3,70-46,65-51,0.58,0.578,0.577,0.593,0.72,0.86,4.58,4.59,3.86,3.73,3.32,1.0,Tyler Mahle,Max Fried,34973,32685,2.0,regular-season,2026-08-07T23:05Z,7:05 PM ET
2026-08-07,Los Angeles Angels,Miami Marlins,Final,Los Angeles Angels,Miami Marlins,0.3276,0.6724,401816424,4,3,45-71,58-59,0.383,0.494,0.437,0.502,-0.6,0.02,4.04,4.41,4.64,4.4,4.29,4.09,George Klassen,Tyler Phillips,5134517,41247,2.0,regular-season,2026-08-07T23:10Z,7:10 PM ET
2026-08-07,Athletics,Boston Red Sox,Final,Boston Red Sox,Boston Red Sox,0.3338,0.6662,401816425,1,13,45-71,64-51,0.395,0.537,0.369,0.555,-1.47,0.48,4.31,4.25,5.78,3.77,5.51,10.12,Jack Perkins,Payton Tolle,4418686,4966140,2.0,regular-season,2026-08-07T23:10Z,7:10 PM ET
2026-08-07,Cleveland Guardians,Chicago White Sox,Final,Cleveland Guardians,Chicago White Sox,0.4754,0.5246,401816432,8,2,58-59,59-56,0.525,0.519,0.507,0.534,0.07,0.35,4.19,4.79,4.12,4.44,3.77,2.5,Parker Messick,Noah Schultz,4619898,5080754,2.0,regular-season,2026-08-07T23:40Z,7:40 PM ET
2026-08-07,Minnesota Twins,Milwaukee Brewers,Final,Minnesota Twins,Milwaukee Brewers,0.2775,0.7225,401816434,8,6,58-59,72-44,0.475,0.636,0.465,0.633,-0.36,1.32,4.56,5.14,4.92,3.81,4.56,3.51,Zebby Matthews,Shane Drohan,4791597,4315203,2.0,regular-season,2026-08-07T23:40Z,7:40 PM ET
2026-08-07,Chicago Cubs,Kansas City Royals,Final,Chicago Cubs,Chicago Cubs,0.5679,0.4321,401816431,6,4,68-49,48-69,0.549,0.426,0.586,0.427,0.91,-0.74,5.25,4.26,4.34,5.0,6.19,4.77,Kevin Gausman,Daniel Lynch IV,32667,41227,2.0,regular-season,2026-08-08T00:10Z,8:10 PM ET
2026-08-07,Baltimore Orioles,Texas Rangers,Final,Texas Rangers,Texas Rangers,0.4441,0.5559,401816430,1,2,56-60,58-58,0.491,0.494,0.487,0.47,-0.13,-0.28,4.46,4.15,4.59,4.44,4.08,4.32,Shane Baz,Nathan Eovaldi,39639,31174,2.0,regular-season,2026-08-08T00:15Z,8:15 PM ET
2026-08-07,Colorado Rockies,St. Louis Cardinals,Final,St. Louis Cardinals,St. Louis Cardinals,0.2899,0.7101,401816433,2,3,45-71,58-58,0.358,0.475,0.397,0.482,-1.19,-0.18,4.64,4.44,5.83,4.62,5.59,4.27,Ryan Feltner,Kyle Leahy,4019484,5006093,2.0,regular-season,2026-08-08T00:15Z,8:15 PM ET
2026-08-07,Houston Astros,San Diego Padres,Final,Houston Astros,San Diego Padres,0.3303,0.6697,401816436,6,3,60-57,60-57,0.5,0.562,0.48,0.527,-0.2,0.25,4.53,4.46,4.73,4.2,5.5,0.5,Ronel Blanco,Robbie Ray,41829,32175,2.0,regular-season,2026-08-08T01:40Z,9:40 PM ET
2026-08-07,Los Angeles Dodgers,Arizona Diamondbacks,Final,Arizona Diamondbacks,Los Angeles Dodgers,0.5546,0.4454,401816437,3,4,69-47,62-55,0.617,0.531,0.629,0.506,1.24,0.06,4.94,4.56,3.7,4.51,3.55,4.18,Roki Sasaki,Merrill Kelly,5134638,32968,2.0,regular-season,2026-08-08T01:40Z,9:40 PM ET
2026-08-07,Tampa Bay Rays,Seattle Mariners,Final,Tampa Bay Rays,Tampa Bay Rays,0.6248,0.3752,401816438,2,1,69-46,56-61,0.605,0.469,0.557,0.462,0.53,-0.36,4.54,4.1,4.01,4.46,3.7,4.2,Drew Rasmussen,Logan Gilbert,42584,41221,2.0,regular-season,2026-08-08T01:45Z,9:45 PM ET
2026-08-07,Detroit Tigers,San Francisco Giants,Final,San Francisco Giants,Detroit Tigers,0.5337,0.4663,401816435,2,5,56-60,49-67,0.469,0.401,0.547,0.442,0.44,-0.56,4.46,4.13,4.02,4.69,3.67,4.33,Keider Montero,JT Brubaker,5182933,41460,2.0,regular-season,2026-08-08T02:15Z,10:15 PM ET
2026-08-08,Atlanta Braves,New York Yankees,Final,New York Yankees,New York Yankees,0.4412,0.5588,401816441,4,5,70-47,66-51,0.58,0.578,0.577,0.593,0.72,0.86,4.58,4.59,3.86,3.73,3.32,1.0,Chris Sale,Gerrit Cole,30948,32081,2.0,regular-season,2026-08-08T19:05Z,3:05 PM ET
2026-08-08,Los Angeles Angels,Miami Marlins,Final,Miami Marlins,Miami Marlins,0.3276,0.6724,401816439,0,7,45-72,59-59,0.383,0.494,0.437,0.502,-0.6,0.02,4.04,4.41,4.64,4.4,4.29,4.09,Walbert Urena,Sandy Alcantara,5197476,35241,2.0,regular-season,2026-08-08T20:10Z,4:10 PM ET
2026-08-08,Athletics,Boston Red Sox,Final,Athletics,Boston Red Sox,0.3338,0.6662,401816440,7,3,46-71,64-52,0.395,0.537,0.369,0.555,-1.47,0.48,4.31,4.25,5.78,3.77,5.51,10.12,Gage Jump,Jake Bennett,5023852,4654024,2.0,regular-season,2026-08-08T20:10Z,4:10 PM ET
2026-08-08,Toronto Blue Jays,Philadelphia Phillies,Final,Toronto Blue Jays,Philadelphia Phillies,0.4027,0.5973,401816444,7,5,56-62,62-56,0.488,0.543,0.469,0.51,-0.28,0.09,4.0,4.4,4.28,4.31,3.89,4.0,Max Scherzer,Aaron Nola,28976,33709,2.0,regular-season,2026-08-08T22:05Z,6:05 PM ET
2026-08-08,New York Mets,Pittsburgh Pirates,Final,Pittsburgh Pirates,Pittsburgh Pirates,0.4078,0.5922,401816443,0,9,51-67,58-61,0.457,0.506,0.48,0.517,-0.2,0.17,4.31,4.73,4.51,4.56,4.15,4.15,Robert Stock,Bubba Chandler,30577,4683325,2.0,regular-season,2026-08-08T22:40Z,6:40 PM ET
2026-08-08,Cincinnati Reds,Washington Nationals,Final,Washington Nationals,Washington Nationals,0.4827,0.5173,401816442,2,8,56-60,58-61,0.463,0.475,0.403,0.503,-0.99,0.04,4.11,5.07,5.1,5.03,4.83,4.67,Chase Burns,Andrew Alvarez,4927516,4300668,2.0,regular-season,2026-08-08T22:45Z,6:45 PM ET
2026-08-08,Chicago Cubs,Kansas City Royals,Final,Kansas City Royals,Chicago Cubs,0.5679,0.4321,401816446,3,6,68-50,49-69,0.549,0.426,0.586,0.427,0.91,-0.74,5.25,4.26,4.34,5.0,6.19,4.77,Clay Holmes,Seth Lugo,32827,34873,2.0,regular-season,2026-08-08T23:10Z,7:10 PM ET
2026-08-08,Minnesota Twins,Milwaukee Brewers,Final,Milwaukee Brewers,Milwaukee Brewers,0.2775,0.7225,401816449,3,4,58-60,73-44,0.475,0.636,0.465,0.633,-0.36,1.32,4.56,5.14,4.92,3.81,4.56,3.51,Taj Bradley,Robert Gasser,42480,4918251,2.0,regular-season,2026-08-08T23:10Z,7:10 PM ET
2026-08-08,Baltimore Orioles,Texas Rangers,Final,Texas Rangers,Texas Rangers,0.4441,0.5559,401816445,1,5,56-61,59-58,0.491,0.494,0.487,0.47,-0.13,-0.28,4.46,4.15,4.59,4.44,4.08,4.32,Kyle Bradish,Jacob deGrom,4311625,32796,2.0,regular-season,2026-08-08T23:15Z,7:15 PM ET
2026-08-08,Cleveland Guardians,Chicago White Sox,Final,Chicago White Sox,Chicago White Sox,0.4754,0.5246,401816447,3,6,58-60,60-56,0.525,0.519,0.507,0.534,0.07,0.35,4.19,4.79,4.12,4.44,3.77,2.5,Gavin Williams,Anthony Kay,4345076,40947,2.0,regular-season,2026-08-08T23:15Z,7:15 PM ET
2026-08-08,Colorado Rockies,St. Louis Cardinals,Final,Colorado Rockies,St. Louis Cardinals,0.2899,0.7101,401816448,8,6,46-71,58-59,0.358,0.475,0.397,0.482,-1.19,-0.18,4.64,4.44,5.83,4.62,5.59,4.27,Kyle Freeland,Matthew Liberatore,33839,41173,2.0,regular-season,2026-08-08T23:15Z,7:15 PM ET
2026-08-08,Detroit Tigers,San Francisco Giants,Final,Detroit Tigers,Detroit Tigers,0.5337,0.4663,401816450,8,0,57-60,49-68,0.469,0.401,0.547,0.442,0.44,-0.56,4.46,4.13,4.02,4.69,3.67,4.33,Jackson Jobe,Landen Roupp,4872647,4345404,2.0,regular-season,2026-08-08T23:15Z,7:15 PM ET
2026-08-08,Houston Astros,San Diego Padres,Final,San Diego Padres,San Diego Padres,0.3303,0.6697,401816451,2,3,60-58,61-57,0.5,0.562,0.48,0.527,-0.2,0.25,4.53,4.46,4.73,4.2,5.5,0.5,Peter Lambert,Michael King,39898,40429,2.0,regular-season,2026-08-08T23:15Z,7:15 PM ET
2026-08-08,Los Angeles Dodgers,Arizona Diamondbacks,Final,Los Angeles Dodgers,Los Angeles Dodgers,0.5546,0.4454,401816452,2,1,70-47,62-56,0.617,0.531,0.629,0.506,1.24,0.06,4.94,4.56,3.7,4.51,3.55,4.18,Yoshinobu Yamamoto,Brandon Pfaadt,4872587,4721302,2.0,regular-season,2026-08-09T00:10Z,8:10 PM ET
2026-08-08,Tampa Bay Rays,Seattle Mariners,Final,Tampa Bay Rays,Tampa Bay Rays,0.6248,0.3752,401816453,3,2,70-46,56-62,0.605,0.469,0.557,0.462,0.53,-0.36,4.54,4.1,4.01,4.46,3.7,4.2,Casey Legumina,George Kirby,4346117,42406,2.0,regular-season,2026-08-09T01:50Z,9:50 PM ET
2026-08-09,Cincinnati Reds,Washington Nationals,Final,Washington Nationals,Washington Nationals,0.4827,0.5173,401816457,1,7,56-61,59-61,0.463,0.475,0.403,0.503,-0.99,0.04,4.11,5.07,5.1,5.03,4.83,4.67,Brady Singer,Brad Lord,41172,4866810,2.0,regular-season,2026-08-09T16:15Z,12:15 PM ET
2026-08-09,Athletics,Boston Red Sox,Final,Athletics,Boston Red Sox,0.3338,0.6662,401816455,4,3,47-71,64-53,0.395,0.537,0.369,0.555,-1.47,0.48,4.31,4.25,5.78,3.77,5.51,10.12,J.T. Ginn,Erik Miller,4414002,4152950,2.0,regular-season,2026-08-09T17:35Z,1:35 PM ET
2026-08-09,Atlanta Braves,New York Yankees,Final,Atlanta Braves,New York Yankees,0.4412,0.5588,401816456,2,1,71-47,66-52,0.58,0.578,0.577,0.593,0.72,0.86,4.58,4.59,3.86,3.73,3.32,1.0,Grant Holmes,Cam Schlittler,33840,5134581,2.0,regular-season,2026-08-09T17:35Z,1:35 PM ET
2026-08-09,New York Mets,Pittsburgh Pirates,Final,New York Mets,Pittsburgh Pirates,0.4078,0.5922,401816458,11,1,52-67,58-62,0.457,0.506,0.48,0.517,-0.2,0.17,4.31,4.73,4.51,4.56,4.15,4.15,Sean Manaea,Jared Jones,33244,4918156,2.0,regular-season,2026-08-09T17:35Z,1:35 PM ET
2026-08-09,Toronto Blue Jays,Philadelphia Phillies,Final,Philadelphia Phillies,Philadelphia Phillies,0.4027,0.5973,401816459,6,7,56-63,63-56,0.488,0.543,0.469,0.51,-0.28,0.09,4.0,4.4,4.28,4.31,3.89,4.0,Shane Bieber,Jesus Luzardo,40912,39667,2.0,regular-season,2026-08-09T17:35Z,1:35 PM ET
2026-08-09,Los Angeles Angels,Miami Marlins,Final,Miami Marlins,Miami Marlins,0.3276,0.6724,401816454,3,12,45-73,60-59,0.383,0.494,0.437,0.502,-0.6,0.02,4.04,4.41,4.64,4.4,4.29,4.09,Grayson Rodriguez,Ryan Gusto,41196,5131986,2.0,regular-season,2026-08-09T17:40Z,1:40 PM ET
2026-08-09,Chicago Cubs,Kansas City Royals,Final,Chicago Cubs,Chicago Cubs,0.5679,0.4321,401816461,10,2,69-50,49-70,0.549,0.426,0.586,0.427,0.91,-0.74,5.25,4.26,4.34,5.0,6.19,4.77,Matthew Boyd,Randy Dobnak,34401,42214,2.0,regular-season,2026-08-09T18:10Z,2:10 PM ET
2026-08-09,Cleveland Guardians,Chicago White Sox,Final,Chicago White Sox,Chicago White Sox,0.4754,0.5246,401816462,3,5,58-61,61-56,0.525,0.519,0.507,0.534,0.07,0.35,4.19,4.79,4.12,4.44,3.77,2.5,Joey Cantillo,Davis Martin,42488,42823,2.0,regular-season,2026-08-09T18:10Z,2:10 PM ET
2026-08-09,Minnesota Twins,Milwaukee Brewers,Final,Milwaukee Brewers,Milwaukee Brewers,0.2775,0.7225,401816464,3,4,58-61,74-44,0.475,0.636,0.465,0.633,-0.36,1.32,4.56,5.14,4.92,3.81,4.56,3.51,Connor Prielipp,Jacob Misiorowski,4620001,5080761,2.0,regular-season,2026-08-09T18:10Z,2:10 PM ET
2026-08-09,Colorado Rockies,St. Louis Cardinals,Final,St. Louis Cardinals,St. Louis Cardinals,0.2899,0.7101,401816463,4,7,46-72,59-59,0.358,0.475,0.397,0.482,-1.19,-0.18,4.64,4.44,5.83,4.62,5.59,4.27,Michael Lorenzen,Michael McGreevy,33252,4424141,2.0,regular-season,2026-08-09T18:15Z,2:15 PM ET
2026-08-09,Baltimore Orioles,Texas Rangers,Final,Baltimore Orioles,Texas Rangers,0.4441,0.5559,401816460,10,5,57-61,59-59,0.491,0.494,0.487,0.47,-0.13,-0.28,4.46,4.15,4.59,4.44,4.08,4.32,Cade Povich,Kumar Rocker,5085743,4414525,2.0,regular-season,2026-08-09T18:35Z,2:35 PM ET
2026-08-09,Detroit Tigers,San Francisco Giants,Final,Detroit Tigers,Detroit Tigers,0.5337,0.4663,401816465,3,1,58-60,49-69,0.469,0.401,0.547,0.442,0.44,-0.56,4.46,4.13,4.02,4.69,3.67,4.33,Troy Melton,Logan Webb,5294127,41216,2.0,regular-season,2026-08-09T20:05Z,4:05 PM ET
2026-08-09,Los Angeles Dodgers,Arizona Diamondbacks,Final,Arizona Diamondbacks,Los Angeles Dodgers,0.5546,0.4454,401816467,2,4,70-48,63-56,0.617,0.531,0.629,0.506,1.24,0.06,4.94,4.56,3.7,4.51,3.55,4.18,Justin Wrobleski,Eduardo Rodriguez,4417203,32675,2.0,regular-season,2026-08-09T20:10Z,4:10 PM ET
2026-08-09,Tampa Bay Rays,Seattle Mariners,Final,Tampa Bay Rays,Tampa Bay Rays,0.6248,0.3752,401816468,4,1,71-46,56-63,0.605,0.469,0.557,0.462,0.53,-0.36,4.54,4.1,4.01,4.46,3.7,4.2,Ian Seymour,Emerson Hancock,4669425,4297897,2.0,regular-season,2026-08-09T20:10Z,4:10 PM ET
2026-08-09,Houston Astros,San Diego Padres,Final,San Diego Padres,San Diego Padres,0.3303,0.6697,401816466,2,7,60-59,62-57,0.5,0.562,0.48,0.527,-0.2,0.25,4.53,4.46,4.73,4.2,5.5,0.5,Cristian Javier,Randy Vasquez,41261,4722847,2.0,regular-season,2026-08-10T00:20Z,8:20 PM ET
2026-08-10,Boston Red Sox,Toronto Blue Jays,Final,Toronto Blue Jays,Toronto Blue Jays,0.4366,0.5634,401816469,1,2,64-54,57-63,0.537,0.488,0.555,0.469,0.48,-0.28,4.25,4.0,3.77,4.28,10.12,3.89,Sonny Gray,Jameson Taillon,32082,31258,2.0,regular-season,2026-08-10T23:07Z,7:07 PM ET
2026-08-10,New York Mets,Atlanta Braves,Final,New York Mets,Atlanta Braves,0.3097,0.6903,401816470,8,5,53-67,71-48,0.457,0.58,0.48,0.577,-0.2,0.72,4.31,4.58,4.51,3.86,4.15,3.32,Christian Scott,Bryce Elder,4414215,4301067,2.0,regular-season,2026-08-10T23:15Z,7:15 PM ET
2026-08-10,Baltimore Orioles,Minnesota Twins,Final,Minnesota Twins,Minnesota Twins,0.4866,0.5134,401816471,5,9,57-62,59-61,0.491,0.475,0.487,0.465,-0.13,-0.36,4.46,4.56,4.59,4.92,4.08,4.56,Trevor Rogers,Dean Kremer,39640,38295,2.0,regular-season,2026-08-10T23:40Z,7:40 PM ET
2026-08-10,Philadelphia Phillies,St. Louis Cardinals,Final,Philadelphia Phillies,Philadelphia Phillies,0.555,0.445,401816472,6,5,64-56,59-60,0.543,0.475,0.51,0.482,0.09,-0.18,4.4,4.44,4.31,4.62,4.0,4.27,Andrew Painter,Hunter Dobbins,4872683,4415836,2.0,regular-season,2026-08-10T23:45Z,7:45 PM ET
2026-08-10,Texas Rangers,Los Angeles Angels,Final,Texas Rangers,Texas Rangers,0.6068,0.3932,401816478,4,1,60-59,45-74,0.494,0.383,0.47,0.437,-0.28,-0.6,4.15,4.04,4.44,4.64,4.32,4.29,MacKenzie Gore,Reid Detmers,39636,4326697,2.0,regular-season,2026-08-11T01:38Z,9:38 PM ET
2026-08-10,Colorado Rockies,Arizona Diamondbacks,Final,Arizona Diamondbacks,Arizona Diamondbacks,0.233,0.767,401816473,0,9,46-73,64-56,0.358,0.531,0.397,0.506,-1.19,0.06,4.64,4.56,5.83,4.51,5.59,4.18,Gabriel Hughes,Michael Soroka,4634930,34984,2.0,regular-season,2026-08-11T01:40Z,9:40 PM ET
2026-08-10,Milwaukee Brewers,San Diego Padres,Final,San Diego Padres,San Diego Padres,0.4962,0.5038,401816476,2,3,74-45,63-57,0.636,0.562,0.633,0.527,1.32,0.25,5.14,4.46,3.81,4.2,3.51,0.5,Logan Henderson,Casey Mize,4917878,41167,2.0,regular-season,2026-08-11T01:40Z,9:40 PM ET
2026-08-10,Tampa Bay Rays,Athletics,Final,Tampa Bay Rays,Tampa Bay Rays,0.7297,0.2703,401816477,10,6,72-46,47-72,0.605,0.395,0.557,0.369,0.53,-1.47,4.54,4.31,4.01,5.78,3.7,5.51,Freddy Peralta,Jacob Lopez,39825,42239,2.0,regular-season,2026-08-11T01:40Z,9:40 PM ET
2026-08-10,Houston Astros,San Francisco Giants,Final,Houston Astros,Houston Astros,0.5688,0.4312,401816474,6,3,61-59,49-70,0.5,0.401,0.48,0.442,-0.2,-0.56,4.53,4.13,4.73,4.69,5.5,4.33,Hayden Wesneski,Blade Tidwell,42996,4719088,2.0,regular-season,2026-08-11T01:45Z,9:45 PM ET
2026-08-10,Kansas City Royals,Los Angeles Dodgers,Final,Los Angeles Dodgers,Los Angeles Dodgers,0.2509,0.7491,401816475,5,6,49-71,71-48,0.426,0.617,0.427,0.629,-0.74,1.24,4.26,4.94,5.0,3.7,4.77,3.55,Noah Cameron,Tarik Skubal,4417208,42409,2.0,regular-season,2026-08-11T02:10Z,10:10 PM ET
2026-08-11,Cleveland Guardians,Detroit Tigers,Final,Detroit Tigers,Cleveland Guardians,0.5538,0.4462,401816481,4,6,58-62,59-60,0.525,0.469,0.507,0.547,0.07,0.44,4.19,4.46,4.12,4.02,3.77,3.67,Tanner Bibee,Drew Anderson,4345278,41125,2.0,regular-season,2026-08-11T22:40Z,6:40 PM ET
2026-08-11,Pittsburgh Pirates,Miami Marlins,Final,Miami Marlins,Miami Marlins,0.4634,0.5366,401816483,0,2,58-63,61-59,0.506,0.494,0.517,0.502,0.17,0.02,4.73,4.41,4.56,4.4,4.15,4.09,Paul Skenes,Eury Perez,4719507,4917854,2.0,regular-season,2026-08-11T22:40Z,6:40 PM ET
2026-08-11,Chicago Cubs,Washington Nationals,Final,Chicago Cubs,Chicago Cubs,0.532,0.468,401816480,8,6,70-50,59-62,0.549,0.475,0.586,0.503,0.91,0.04,5.25,5.07,4.34,5.03,6.19,4.67,Shota Imanaga,Jake Irvin,5134630,41290,2.0,regular-season,2026-08-11T22:45Z,6:45 PM ET
2026-08-11,Seattle Mariners,New York Yankees,Final,New York Yankees,New York Yankees,0.3176,0.6824,401816484,1,4,56-64,67-52,0.469,0.578,0.462,0.593,-0.36,0.86,4.1,4.59,4.46,3.73,4.2,1.0,Bryan Woo,Ryan Weathers,4629089,41178,2.0,regular-season,2026-08-11T23:05Z,7:05 PM ET
2026-08-11,Boston Red Sox,Toronto Blue Jays,Final,Toronto Blue Jays,Toronto Blue Jays,0.4366,0.5634,401816479,3,5,64-55,58-63,0.537,0.488,0.555,0.469,0.48,-0.28,4.25,4.0,3.77,4.28,10.12,3.89,Patrick Sandoval,Dylan Cease,40975,34943,2.0,regular-season,2026-08-11T23:07Z,7:07 PM ET
2026-08-11,New York Mets,Atlanta Braves,Final,Atlanta Braves,Atlanta Braves,0.3097,0.6903,401816482,0,4,53-68,72-48,0.457,0.58,0.48,0.577,-0.2,0.72,4.31,4.58,4.51,3.86,4.15,3.32,Nolan McLean,Martin Perez,4433874,31098,2.0,regular-season,2026-08-11T23:15Z,7:15 PM ET
2026-08-11,Baltimore Orioles,Minnesota Twins,Final,Baltimore Orioles,Minnesota Twins,0.4866,0.5134,401816485,5,2,58-62,59-62,0.491,0.475,0.487,0.465,-0.13,-0.36,4.46,4.56,4.59,4.92,4.08,4.56,Brandon Young,Bailey Ober,4414339,3107919,2.0,regular-season,2026-08-11T23:40Z,7:40 PM ET
2026-08-11,Cincinnati Reds,Chicago White Sox,Final,Cincinnati Reds,Chicago White Sox,0.3949,0.6051,401816486,5,4,57-61,61-57,0.463,0.519,0.403,0.534,-0.99,0.35,4.11,4.79,5.1,4.44,4.83,2.5,Nick Lodolo,Sean Burke,42433,4867679,2.0,regular-season,2026-08-11T23:40Z,7:40 PM ET
2026-08-11,Philadelphia Phillies,St. Louis Cardinals,Final,St. Louis Cardinals,Philadelphia Phillies,0.555,0.445,401816487,0,2,64-57,60-60,0.543,0.475,0.51,0.482,0.09,-0.18,4.4,4.44,4.31,4.62,4.0,4.27,Cristopher Sanchez,Andre Pallante,42359,4109034,2.0,regular-season,2026-08-11T23:45Z,7:45 PM ET
2026-08-11,Texas Rangers,Los Angeles Angels,Final,Los Angeles Angels,Texas Rangers,0.6068,0.3932,401816493,2,3,60-60,46-74,0.494,0.383,0.47,0.437,-0.28,-0.6,4.15,4.04,4.44,4.64,4.32,4.29,Cody Bradford,Ryan Johnson,4142539,5007859,2.0,regular-season,2026-08-12T01:38Z,9:38 PM ET
2026-08-11,Colorado Rockies,Arizona Diamondbacks,Final,Colorado Rockies,Arizona Diamondbacks,0.233,0.767,401816488,3,2,47-73,64-57,0.358,0.531,0.397,0.506,-1.19,0.06,4.64,4.56,5.83,4.51,5.59,4.18,Tomoyuki Sugano,Mitch Bratt,4142423,5123768,2.0,regular-season,2026-08-12T01:40Z,9:40 PM ET
2026-08-11,Milwaukee Brewers,San Diego Padres,Final,San Diego Padres,San Diego Padres,0.4962,0.5038,401816491,2,11,74-46,64-57,0.636,0.562,0.633,0.527,1.32,0.25,5.14,4.46,3.81,4.2,3.51,0.5,Kyle Harrison,Walker Buehler,4683375,39251,2.0,regular-season,2026-08-12T01:40Z,9:40 PM ET
2026-08-11,Tampa Bay Rays,Athletics,Final,Tampa Bay Rays,Tampa Bay Rays,0.7297,0.2703,401816492,12,4,73-46,47-73,0.605,0.395,0.557,0.369,0.53,-1.47,4.54,4.31,4.01,5.78,3.7,5.51,Nick Martinez,Mason Barnett,33372,4620704,2.0,regular-season,2026-08-12T01:40Z,9:40 PM ET
2026-08-11,Houston Astros,San Francisco Giants,Final,San Francisco Giants,Houston Astros,0.5688,0.4312,401816489,1,4,61-60,50-70,0.5,0.401,0.48,0.442,-0.2,-0.56,4.53,4.13,4.73,4.69,5.5,4.33,Hunter Brown,Carson Whisenhunt,4717803,4626232,2.0,regular-season,2026-08-12T01:45Z,9:45 PM ET
2026-08-11,Kansas City Royals,Los Angeles Dodgers,Final,Los Angeles Dodgers,Los Angeles Dodgers,0.2509,0.7491,401816490,4,5,49-72,72-48,0.426,0.617,0.427,0.629,-0.74,1.24,4.26,4.94,5.0,3.7,4.77,3.55,Michael Wacha,Blake Snell,32640,33748,2.0,regular-season,2026-08-12T02:10Z,10:10 PM ET
2026-08-12,Baltimore Orioles,Minnesota Twins,Final,Minnesota Twins,Minnesota Twins,0.4866,0.5134,401816500,5,7,58-63,60-62,0.491,0.475,0.487,0.465,-0.13,-0.36,4.46,4.56,4.59,4.92,4.08,4.56,Shane Baz,Zebby Matthews,39639,4791597,2.0,regular-season,2026-08-12T17:40Z,1:40 PM ET
2026-08-12,Philadelphia Phillies,St. Louis Cardinals,Final,St. Louis Cardinals,Philadelphia Phillies,0.555,0.445,401816502,1,7,64-58,61-60,0.543,0.475,0.51,0.482,0.09,-0.18,4.4,4.44,4.31,4.62,4.0,4.27,Zack Wheeler,Kyle Leahy,31267,5006093,2.0,regular-season,2026-08-12T18:15Z,2:15 PM ET
2026-08-12,Tampa Bay Rays,Athletics,Final,Tampa Bay Rays,Tampa Bay Rays,0.7297,0.2703,401816507,8,4,74-46,47-74,0.605,0.395,0.557,0.369,0.53,-1.47,4.54,4.31,4.01,5.78,3.7,5.51,Drew Rasmussen,Jack Perkins,42584,4418686,2.0,regular-season,2026-08-12T19:05Z,3:05 PM ET
2026-08-12,Colorado Rockies,Arizona Diamondbacks,Final,Colorado Rockies,Arizona Diamondbacks,0.233,0.767,401816503,6,4,48-73,64-58,0.358,0.531,0.397,0.506,-1.19,0.06,4.64,4.56,5.83,4.51,5.59,4.18,Ryan Feltner,Merrill Kelly,4019484,32968,2.0,regular-season,2026-08-12T19:40Z,3:40 PM ET
2026-08-12,Houston Astros,San Francisco Giants,Final,Houston Astros,Houston Astros,0.5688,0.4312,401816504,2,1,62-60,50-71,0.5,0.401,0.48,0.442,-0.2,-0.56,4.53,4.13,4.73,4.69,5.5,4.33,Bryan King,Adrian Houser,5201821,32157,2.0,regular-season,2026-08-12T19:45Z,3:45 PM ET
2026-08-12,Milwaukee Brewers,San Diego Padres,Final,San Diego Padres,San Diego Padres,0.4962,0.5038,401816506,3,4,74-47,65-57,0.636,0.562,0.633,0.527,1.32,0.25,5.14,4.46,3.81,4.2,3.51,0.5,Dustin May,Robbie Ray,40937,32175,2.0,regular-season,2026-08-12T20:10Z,4:10 PM ET
2026-08-12,Cleveland Guardians,Detroit Tigers,Final,Cleveland Guardians,Cleveland Guardians,0.5538,0.4462,401816496,6,4,59-62,59-61,0.525,0.469,0.507,0.547,0.07,0.44,4.19,4.46,4.12,4.02,3.77,3.67,Foster Griffin,Framber Valdez,33773,36581,2.0,regular-season,2026-08-12T22:40Z,6:40 PM ET
2026-08-12,Pittsburgh Pirates,Miami Marlins,Final,Miami Marlins,Miami Marlins,0.4634,0.5366,401816498,2,8,58-64,62-59,0.506,0.494,0.517,0.502,0.17,0.02,4.73,4.41,4.56,4.4,4.15,4.09,Carmen Mlodzinski,Janson Junk,4298378,4881980,2.0,regular-season,2026-08-12T22:40Z,6:40 PM ET
2026-08-12,Chicago Cubs,Washington Nationals,Final,Chicago Cubs,Chicago Cubs,0.532,0.468,401816495,12,6,71-50,59-63,0.549,0.475,0.586,0.503,0.91,0.04,5.25,5.07,4.34,5.03,6.19,4.67,David Peterson,Jackson Kent,40921,5007807,2.0,regular-season,2026-08-12T22:45Z,6:45 PM ET
2026-08-12,Seattle Mariners,New York Yankees,Final,New York Yankees,New York Yankees,0.3176,0.6824,401816499,5,10,56-65,68-52,0.469,0.578,0.462,0.593,-0.36,0.86,4.1,4.59,4.46,3.73,4.2,1.0,Bryce Miller,Will Warren,4654313,5132011,2.0,regular-season,2026-08-12T23:00Z,7:00 PM ET
2026-08-12,Boston Red Sox,Toronto Blue Jays,Final,Toronto Blue Jays,Toronto Blue Jays,0.4366,0.5634,401816494,4,6,64-56,59-63,0.537,0.488,0.555,0.469,0.48,-0.28,4.25,4.0,3.77,4.28,10.12,3.89,Ranger Suarez,Jose Soriano,39817,40973,2.0,regular-season,2026-08-12T23:07Z,7:07 PM ET
2026-08-12,New York Mets,Atlanta Braves,Final,Atlanta Braves,Atlanta Braves,0.3097,0.6903,401816497,3,6,53-69,73-48,0.457,0.58,0.48,0.577,-0.2,0.72,4.31,4.58,4.51,3.86,4.15,3.32,Zac Thornton,Tyler Mahle,5129576,34973,2.0,regular-season,2026-08-12T23:15Z,7:15 PM ET
2026-08-12,Cincinnati Reds,Chicago White Sox,Final,Chicago White Sox,Chicago White Sox,0.3949,0.6051,401816501,0,5,57-62,62-57,0.463,0.519,0.403,0.534,-0.99,0.35,4.11,4.79,5.1,4.44,4.83,2.5,Rhett Lowder,Luis Castillo,4758873,35124,2.0,regular-season,2026-08-12T23:40Z,7:40 PM ET
2026-08-12,Texas Rangers,Los Angeles Angels,Final,Los Angeles Angels,Texas Rangers,0.6068,0.3932,401816508,2,5,60-61,47-74,0.494,0.383,0.47,0.437,-0.28,-0.6,4.15,4.04,4.44,4.64,4.32,4.29,Cal Quantrill,George Klassen,39875,5134517,2.0,regular-season,2026-08-13T02:00Z,10:00 PM ET
2026-08-12,Kansas City Royals,Los Angeles Dodgers,Final,Los Angeles Dodgers,Los Angeles Dodgers,0.2509,0.7491,401816505,2,4,49-73,73-48,0.426,0.617,0.427,0.629,-0.74,1.24,4.26,4.94,5.0,3.7,4.77,3.55,Daniel Lynch IV,Eric Lauer,41227,39915,2.0,regular-season,2026-08-13T02:10Z,10:10 PM ET
2026-08-13,Cleveland Guardians,Detroit Tigers,Final,Detroit Tigers,Cleveland Guardians,0.5538,0.4462,401816511,0,3,59-63,60-61,0.525,0.469,0.507,0.547,0.07,0.44,4.19,4.46,4.12,4.02,3.77,3.67,Parker Messick,Keider Montero,4619898,5182933,2.0,regular-season,2026-08-13T17:10Z,1:10 PM ET
2026-08-13,Pittsburgh Pirates,Miami Marlins,Final,Pittsburgh Pirates,Miami Marlins,0.4634,0.5366,401816512,13,1,59-64,62-60,0.506,0.494,0.517,0.502,0.17,0.02,4.73,4.41,4.56,4.4,4.15,4.09,Braxton Ashcraft,Tyler Phillips,41282,41247,2.0,regular-season,2026-08-13T17:10Z,1:10 PM ET
2026-08-13,Cincinnati Reds,Chicago White Sox,Final,Cincinnati Reds,Chicago White Sox,0.3949,0.6051,401816514,9,8,58-62,62-58,0.463,0.519,0.403,0.534,-0.99,0.35,4.11,4.79,5.1,4.44,4.83,2.5,Andrew Abbott,Davis Martin,4414528,42823,2.0,regular-season,2026-08-13T17:10Z,1:10 PM ET
2026-08-13,Seattle Mariners,New York Yankees,Final,Seattle Mariners,New York Yankees,0.3176,0.6824,401816513,1,0,57-65,68-53,0.469,0.578,0.462,0.593,-0.36,0.86,4.1,4.59,4.46,3.73,4.2,1.0,Logan Gilbert,Max Fried,41221,32685,2.0,regular-season,2026-08-13T17:35Z,1:35 PM ET
2026-08-13,Boston Red Sox,Toronto Blue Jays,Final,Boston Red Sox,Toronto Blue Jays,0.4366,0.5634,401816509,7,0,65-56,59-64,0.537,0.488,0.555,0.469,0.48,-0.28,4.25,4.0,3.77,4.28,10.12,3.89,Payton Tolle,Max Scherzer,4966140,28976,2.0,regular-season,2026-08-13T19:07Z,3:07 PM ET
2026-08-13,Chicago Cubs,Washington Nationals,Final,Washington Nationals,Chicago Cubs,0.532,0.468,401816510,0,7,71-51,60-63,0.549,0.475,0.586,0.503,0.91,0.04,5.25,5.07,4.34,5.03,6.19,4.67,Kevin Gausman,Cade Cavalli,32667,4308037,2.0,regular-season,2026-08-13T20:05Z,4:05 PM ET
2026-08-13,Philadelphia Phillies,Minnesota Twins,Final,Philadelphia Phillies,Philadelphia Phillies,0.5593,0.4407,401816525,7,1,65-58,60-63,0.543,0.475,0.51,0.465,0.09,-0.36,4.4,4.56,4.31,4.92,4.0,4.56,Aaron Nola,Taj Bradley,33709,42480,2.0,regular-season,2026-08-13T23:30Z,7:30 PM ET
2026-08-13,Texas Rangers,Los Angeles Angels,Final,Los Angeles Angels,Texas Rangers,0.6068,0.3932,401816516,0,7,60-62,48-74,0.494,0.383,0.47,0.437,-0.28,-0.6,4.15,4.04,4.44,4.64,4.32,4.29,Jacob deGrom,Walbert Urena,32796,5197476,2.0,regular-season,2026-08-14T02:07Z,10:07 PM ET
2026-08-13,Milwaukee Brewers,Los Angeles Dodgers,Final,Milwaukee Brewers,Los Angeles Dodgers,0.4819,0.5181,401816515,5,4,75-47,73-49,0.636,0.617,0.633,0.629,1.32,1.24,5.14,4.94,3.81,3.7,3.51,3.55,Shane Drohan,Roki Sasaki,4315203,5134638,2.0,regular-season,2026-08-14T02:10Z,10:10 PM ET
2026-08-14,St. Louis Cardinals,Chicago Cubs,Final,Chicago Cubs,Chicago Cubs,0.4118,0.5882,401816527,0,3,61-61,72-51,0.475,0.549,0.482,0.586,-0.18,0.91,4.44,5.25,4.62,4.34,4.27,6.19,Matthew Liberatore,Clay Holmes,41173,32827,2.0,regular-season,2026-08-14T18:20Z,2:20 PM ET
2026-08-14,Miami Marlins,Cincinnati Reds,Final,Cincinnati Reds,Cincinnati Reds,0.4871,0.5129,401816521,0,1,62-61,59-62,0.494,0.463,0.502,0.403,0.02,-0.99,4.41,4.11,4.4,5.1,4.09,4.83,Sandy Alcantara,Chase Burns,35241,4927516,2.0,regular-season,2026-08-14T22:10Z,6:10 PM ET
2026-08-14,Boston Red Sox,Pittsburgh Pirates,Final,Pittsburgh Pirates,Pittsburgh Pirates,0.4444,0.5556,401816519,4,8,65-57,60-64,0.537,0.506,0.555,0.517,0.48,0.17,4.25,4.73,3.77,4.56,10.12,4.15,Jake Bennett,Bubba Chandler,4654024,4683325,2.0,regular-season,2026-08-14T22:40Z,6:40 PM ET
2026-08-14,Chicago White Sox,Detroit Tigers,Final,Chicago White Sox,Chicago White Sox,0.5372,0.4628,401816520,9,5,63-58,60-62,0.519,0.469,0.534,0.547,0.35,0.44,4.79,4.46,4.44,4.02,2.5,3.67,Sean Newcomb,Jackson Jobe,33856,4872647,2.0,regular-season,2026-08-14T22:40Z,6:40 PM ET
2026-08-14,Baltimore Orioles,Tampa Bay Rays,Final,Baltimore Orioles,Tampa Bay Rays,0.3159,0.6841,401816518,6,5,59-63,74-47,0.491,0.605,0.487,0.557,-0.13,0.53,4.46,4.54,4.59,4.01,4.08,3.7,Kyle Bradish,Steven Matz,4311625,33106,2.0,regular-season,2026-08-14T23:10Z,7:10 PM ET
2026-08-14,San Diego Padres,Cleveland Guardians,Final,San Diego Padres,San Diego Padres,0.534,0.466,401816523,7,5,66-57,59-64,0.562,0.525,0.527,0.507,0.25,0.07,4.46,4.19,4.2,4.12,0.5,3.77,Michael King,Gavin Williams,40429,4345076,2.0,regular-season,2026-08-14T23:10Z,7:10 PM ET
2026-08-14,Washington Nationals,New York Mets,Final,New York Mets,New York Mets,0.4534,0.5466,401816524,1,4,60-64,54-69,0.475,0.457,0.503,0.48,0.04,-0.2,5.07,4.31,5.03,4.51,4.67,4.15,Andrew Alvarez,Robert Stock,4300668,30577,2.0,regular-season,2026-08-14T23:10Z,7:10 PM ET
2026-08-14,Arizona Diamondbacks,Atlanta Braves,Final,Arizona Diamondbacks,Atlanta Braves,0.3955,0.6045,401816517,2,0,65-58,73-49,0.531,0.58,0.506,0.577,0.06,0.72,4.56,4.58,4.51,3.86,4.18,3.32,Brandon Pfaadt,Chris Sale,4721302,30948,2.0,regular-season,2026-08-14T23:15Z,7:15 PM ET
2026-08-14,New York Yankees,Toronto Blue Jays,Final,Toronto Blue Jays,New York Yankees,0.5749,0.4251,401816522,1,3,68-54,60-64,0.578,0.488,0.593,0.469,0.86,-0.28,4.59,4.0,3.73,4.28,1.0,3.89,Gerrit Cole,Shane Bieber,32081,40912,2.0,regular-season,2026-08-14T23:15Z,7:15 PM ET
2026-08-14,Seattle Mariners,Houston Astros,Final,Houston Astros,Houston Astros,0.4448,0.5552,401816526,7,10,57-66,63-60,0.469,0.5,0.462,0.48,-0.36,-0.2,4.1,4.53,4.46,4.73,4.2,5.5,George Kirby,Peter Lambert,42406,39898,2.0,regular-season,2026-08-15T00:10Z,8:10 PM ET
2026-08-14,Kansas City Royals,Los Angeles Angels,Final,Kansas City Royals,Kansas City Royals,0.5083,0.4917,401816529,7,6,50-73,48-75,0.426,0.383,0.427,0.437,-0.74,-0.6,4.26,4.04,5.0,4.64,4.77,4.29,Seth Lugo,Grayson Rodriguez,34873,41196,2.0,regular-season,2026-08-15T01:38Z,9:38 PM ET
2026-08-14,Texas Rangers,Athletics,Final,Athletics,Texas Rangers,0.6094,0.3906,401816531,3,8,60-63,48-74,0.494,0.395,0.47,0.369,-0.28,-1.47,4.15,4.31,4.44,5.78,4.32,5.51,Kumar Rocker,Gage Jump,4414525,5023852,2.0,regular-season,2026-08-15T01:40Z,9:40 PM ET
2026-08-14,Milwaukee Brewers,Los Angeles Dodgers,Final,Los Angeles Dodgers,Los Angeles Dodgers,0.4819,0.5181,401816530,1,3,75-48,74-49,0.636,0.617,0.633,0.629,1.32,1.24,5.14,4.94,3.81,3.7,3.51,3.55,Robert Gasser,Yoshinobu Yamamoto,4918251,4872587,2.0,regular-season,2026-08-15T02:10Z,10:10 PM ET
2026-08-14,Colorado Rockies,San Francisco Giants,Final,Colorado Rockies,San Francisco Giants,0.3693,0.6307,401816528,5,2,49-73,50-72,0.358,0.401,0.397,0.442,-1.19,-0.56,4.64,4.13,5.83,4.69,5.59,4.33,Kyle Freeland,Landen Roupp,33839,4345404,2.0,regular-season,2026-08-15T02:15Z,10:15 PM ET
2026-08-15,Chicago White Sox,Detroit Tigers,Final,Chicago White Sox,Chicago White Sox,0.5372,0.4628,401816535,4,3,64-58,60-63,0.519,0.469,0.534,0.547,0.35,0.44,4.79,4.46,4.44,4.02,2.5,3.67,Anthony Kay,Troy Melton,40947,5294127,2.0,regular-season,2026-08-15T17:10Z,1:10 PM ET
2026-08-15,St. Louis Cardinals,Chicago Cubs,Final,St. Louis Cardinals,Chicago Cubs,0.4118,0.5882,401816542,8,4,62-61,72-52,0.475,0.549,0.482,0.586,-0.18,0.91,4.44,5.25,4.62,4.34,4.27,6.19,Michael McGreevy,Matthew Boyd,4424141,34401,2.0,regular-season,2026-08-15T18:20Z,2:20 PM ET
2026-08-15,New York Yankees,Toronto Blue Jays,Final,Toronto Blue Jays,New York Yankees,0.5749,0.4251,401816537,1,4,68-55,61-64,0.578,0.488,0.593,0.469,0.86,-0.28,4.59,4.0,3.73,4.28,1.0,3.89,Cam Schlittler,Braydon Fisher,5134581,41318,2.0,regular-season,2026-08-15T19:07Z,3:07 PM ET
2026-08-15,Colorado Rockies,San Francisco Giants,Final,San Francisco Giants,San Francisco Giants,0.3693,0.6307,401816543,1,7,49-74,51-72,0.358,0.401,0.397,0.442,-1.19,-0.56,4.64,4.13,5.83,4.69,5.59,4.33,Michael Lorenzen,Logan Webb,33252,41216,2.0,regular-season,2026-08-15T20:05Z,4:05 PM ET
2026-08-15,Washington Nationals,New York Mets,Final,New York Mets,New York Mets,0.4534,0.5466,401816539,4,5,60-65,55-69,0.475,0.457,0.503,0.48,0.04,-0.2,5.07,4.31,5.03,4.51,4.67,4.15,Brad Lord,Sean Manaea,4866810,33244,2.0,regular-season,2026-08-15T20:10Z,4:10 PM ET
2026-08-15,Baltimore Orioles,Tampa Bay Rays,Final,Baltimore Orioles,Tampa Bay Rays,0.3159,0.6841,401816533,4,3,60-63,74-48,0.491,0.605,0.487,0.557,-0.13,0.53,4.46,4.54,4.59,4.01,4.08,3.7,Kyle Bradish,Ian Seymour,4311625,4669425,2.0,regular-season,2026-08-15T22:10Z,6:10 PM ET
2026-08-15,Miami Marlins,Cincinnati Reds,Final,Miami Marlins,Cincinnati Reds,0.4871,0.5129,401816536,8,4,63-61,59-63,0.494,0.463,0.502,0.403,0.02,-0.99,4.41,4.11,4.4,5.1,4.09,4.83,Ryan Gusto,Brady Singer,5131986,41172,2.0,regular-season,2026-08-15T22:40Z,6:40 PM ET
2026-08-15,San Diego Padres,Cleveland Guardians,Final,Cleveland Guardians,San Diego Padres,0.534,0.466,401816538,1,6,66-58,60-64,0.562,0.525,0.527,0.507,0.25,0.07,4.46,4.19,4.2,4.12,0.5,3.77,Wandy Peralta,Joey Cantillo,36036,42488,2.0,regular-season,2026-08-15T23:10Z,7:10 PM ET
2026-08-15,Philadelphia Phillies,Minnesota Twins,Final,Philadelphia Phillies,Philadelphia Phillies,0.5593,0.4407,401816540,9,1,66-58,60-64,0.543,0.475,0.51,0.465,0.09,-0.36,4.4,4.56,4.31,4.92,4.0,4.56,Jesus Luzardo,Connor Prielipp,39667,4620001,2.0,regular-season,2026-08-15T23:10Z,7:10 PM ET
2026-08-15,Seattle Mariners,Houston Astros,Final,Seattle Mariners,Houston Astros,0.4448,0.5552,401816541,10,5,58-66,63-61,0.469,0.5,0.462,0.48,-0.36,-0.2,4.1,4.53,4.46,4.73,4.2,5.5,Emerson Hancock,Hayden Wesneski,4297897,42996,2.0,regular-season,2026-08-15T23:10Z,7:10 PM ET
2026-08-15,Arizona Diamondbacks,Atlanta Braves,Final,Arizona Diamondbacks,Atlanta Braves,0.3955,0.6045,401816532,10,3,66-58,73-50,0.531,0.58,0.506,0.577,0.06,0.72,4.56,4.58,4.51,3.86,4.18,3.32,Eduardo Rodriguez,Grant Holmes,32675,33840,2.0,regular-season,2026-08-15T23:15Z,7:15 PM ET
2026-08-15,Boston Red Sox,Pittsburgh Pirates,Final,Boston Red Sox,Pittsburgh Pirates,0.4444,0.5556,401816534,4,0,66-57,60-65,0.537,0.506,0.555,0.517,0.48,0.17,4.25,4.73,3.77,4.56,10.12,4.15,Sonny Gray,Jared Jones,32082,4918156,2.0,regular-season,2026-08-15T23:15Z,7:15 PM ET
2026-08-15,Milwaukee Brewers,Los Angeles Dodgers,Final,Milwaukee Brewers,Los Angeles Dodgers,0.4819,0.5181,401816545,4,1,76-48,74-50,0.636,0.617,0.633,0.629,1.32,1.24,5.14,4.94,3.81,3.7,3.51,3.55,Jacob Misiorowski,Justin Wrobleski,5080761,4417203,2.0,regular-season,2026-08-15T23:15Z,7:15 PM ET
2026-08-15,Kansas City Royals,Los Angeles Angels,Final,Los Angeles Angels,Kansas City Royals,0.5083,0.4917,401816544,0,1,50-74,49-75,0.426,0.383,0.427,0.437,-0.74,-0.6,4.26,4.04,5.0,4.64,4.77,4.29,Randy Dobnak,Reid Detmers,42214,4326697,2.0,regular-season,2026-08-16T01:38Z,9:38 PM ET
2026-08-15,Texas Rangers,Athletics,Final,Texas Rangers,Texas Rangers,0.6094,0.3906,401816546,5,3,61-63,48-75,0.494,0.395,0.47,0.369,-0.28,-1.47,4.15,4.31,4.44,5.78,4.32,5.51,MacKenzie Gore,J.T. Ginn,39636,4414002,2.0,regular-season,2026-08-16T01:40Z,9:40 PM ET
2026-08-16,Baltimore Orioles,Tampa Bay Rays,Final,Baltimore Orioles,Tampa Bay Rays,0.3159,0.6841,401816548,10,2,61-63,74-49,0.491,0.605,0.487,0.557,-0.13,0.53,4.46,4.54,4.59,4.01,4.08,3.7,Trevor Rogers,Freddy Peralta,39640,39825,2.0,regular-season,2026-08-16T16:15Z,12:15 PM ET
2026-08-16,Arizona Diamondbacks,Atlanta Braves,Final,Atlanta Braves,Atlanta Braves,0.3955,0.6045,401816547,3,5,66-59,74-50,0.531,0.58,0.506,0.577,0.06,0.72,4.56,4.58,4.51,3.86,4.18,3.32,Michael Soroka,Bryce Elder,34984,4301067,2.0,regular-season,2026-08-16T17:35Z,1:35 PM ET
2026-08-16,Boston Red Sox,Pittsburgh Pirates,Final,Pittsburgh Pirates,Pittsburgh Pirates,0.4444,0.5556,401816549,3,8,66-58,61-65,0.537,0.506,0.555,0.517,0.48,0.17,4.25,4.73,3.77,4.56,10.12,4.15,Patrick Sandoval,Lake Bachar,40975,42592,2.0,regular-season,2026-08-16T17:35Z,1:35 PM ET
2026-08-16,New York Yankees,Toronto Blue Jays,Final,New York Yankees,New York Yankees,0.5749,0.4251,401816552,4,3,69-55,61-65,0.578,0.488,0.593,0.469,0.86,-0.28,4.59,4.0,3.73,4.28,1.0,3.89,Ryan Weathers,Dylan Cease,41178,34943,2.0,regular-season,2026-08-16T17:37Z,1:37 PM ET
2026-08-16,Chicago White Sox,Detroit Tigers,Final,Chicago White Sox,Chicago White Sox,0.5372,0.4628,401816550,7,5,65-58,60-64,0.519,0.469,0.534,0.547,0.35,0.44,4.79,4.46,4.44,4.02,2.5,3.67,Sean Burke,Drew Anderson,4867679,41125,2.0,regular-season,2026-08-16T17:40Z,1:40 PM ET
2026-08-16,Miami Marlins,Cincinnati Reds,Final,Miami Marlins,Cincinnati Reds,0.4871,0.5129,401816551,7,1,64-61,59-64,0.494,0.463,0.502,0.403,0.02,-0.99,4.41,4.11,4.4,5.1,4.09,4.83,Eury Perez,Nick Lodolo,4917854,42433,2.0,regular-season,2026-08-16T17:40Z,1:40 PM ET
2026-08-16,San Diego Padres,Cleveland Guardians,Final,San Diego Padres,San Diego Padres,0.534,0.466,401816553,5,0,67-58,60-65,0.562,0.525,0.527,0.507,0.25,0.07,4.46,4.19,4.2,4.12,0.5,3.77,Casey Mize,Tanner Bibee,41167,4345278,2.0,regular-season,2026-08-16T17:40Z,1:40 PM ET
2026-08-16,Washington Nationals,New York Mets,Final,New York Mets,New York Mets,0.4534,0.5466,401816554,3,4,60-66,56-69,0.475,0.457,0.503,0.48,0.04,-0.2,5.07,4.31,5.03,4.51,4.67,4.15,Jake Irvin,Christian Scott,41290,4414215,2.0,regular-season,2026-08-16T17:40Z,1:40 PM ET
2026-08-16,Philadelphia Phillies,Minnesota Twins,Final,Philadelphia Phillies,Philadelphia Phillies,0.5593,0.4407,401816555,7,5,67-58,60-65,0.543,0.475,0.51,0.465,0.09,-0.36,4.4,4.56,4.31,4.92,4.0,4.56,Andrew Painter,Dean Kremer,4872683,38295,2.0,regular-season,2026-08-16T18:10Z,2:10 PM ET
2026-08-16,St. Louis Cardinals,Chicago Cubs,Final,St. Louis Cardinals,Chicago Cubs,0.4118,0.5882,401816557,11,4,63-61,72-53,0.475,0.549,0.482,0.586,-0.18,0.91,4.44,5.25,4.62,4.34,4.27,6.19,Hunter Dobbins,Edward Cabrera,4415836,40944,2.0,regular-season,2026-08-16T19:00Z,3:00 PM ET
2026-08-16,Colorado Rockies,San Francisco Giants,Final,Colorado Rockies,San Francisco Giants,0.3693,0.6307,401816558,13,7,50-74,51-73,0.358,0.401,0.397,0.442,-1.19,-0.56,4.64,4.13,5.83,4.69,5.59,4.33,Gabriel Hughes,Blade Tidwell,4634930,4719088,2.0,regular-season,2026-08-16T20:05Z,4:05 PM ET
2026-08-16,Texas Rangers,Athletics,Final,Athletics,Texas Rangers,0.6094,0.3906,401816561,2,5,61-64,49-75,0.494,0.395,0.47,0.369,-0.28,-1.47,4.15,4.31,4.44,5.78,4.32,5.51,Cody Bradford,Jacob Lopez,4142539,42239,2.0,regular-season,2026-08-16T20:05Z,4:05 PM ET
2026-08-16,Kansas City Royals,Los Angeles Angels,Final,Kansas City Royals,Kansas City Royals,0.5083,0.4917,401816559,3,0,51-74,49-76,0.426,0.383,0.427,0.437,-0.74,-0.6,4.26,4.04,5.0,4.64,4.77,4.29,Noah Cameron,Ryan Johnson,4417208,5007859,2.0,regular-season,2026-08-16T20:07Z,4:07 PM ET
2026-08-16,Milwaukee Brewers,Los Angeles Dodgers,Final,Milwaukee Brewers,Los Angeles Dodgers,0.4819,0.5181,401816560,6,2,77-48,74-51,0.636,0.617,0.633,0.629,1.32,1.24,5.14,4.94,3.81,3.7,3.51,3.55,Logan Henderson,Tarik Skubal,4917878,42409,2.0,regular-season,2026-08-16T20:10Z,4:10 PM ET
2026-08-16,Seattle Mariners,Houston Astros,Final,Seattle Mariners,Houston Astros,0.4448,0.5552,401816556,3,2,59-66,63-62,0.469,0.5,0.462,0.48,-0.36,-0.2,4.1,4.53,4.46,4.73,4.2,5.5,Bryan Woo,Hunter Brown,4629089,4717803,2.0,regular-season,2026-08-16T23:20Z,7:20 PM ET
2026-08-17,St. Louis Cardinals,Cincinnati Reds,Final,St. Louis Cardinals,Cincinnati Reds,0.4603,0.5397,401873710,2,1,64-61,59-65,0.475,0.463,0.482,0.403,-0.18,-0.99,4.44,4.11,4.62,5.1,4.27,4.83,Quinn Mathews,Kent Emanuel,4837405,39527,2.0,regular-season,2026-08-17T17:40Z,1:40 PM ET
2026-08-17,Baltimore Orioles,Tampa Bay Rays,Final,Tampa Bay Rays,Tampa Bay Rays,0.3159,0.6841,401816563,6,7,61-64,75-49,0.491,0.605,0.487,0.557,-0.13,0.53,4.46,4.54,4.59,4.01,4.08,3.7,Brandon Young,Shane McClanahan,4414339,41199,2.0,regular-season,2026-08-17T22:05Z,6:05 PM ET
2026-08-17,Miami Marlins,Philadelphia Phillies,Final,Philadelphia Phillies,Philadelphia Phillies,0.3907,0.6093,401816565,5,6,64-62,68-58,0.494,0.543,0.502,0.51,0.02,0.09,4.41,4.4,4.4,4.31,4.09,4.0,Janson Junk,Cristopher Sanchez,4881980,42359,2.0,regular-season,2026-08-17T22:40Z,6:40 PM ET
2026-08-17,Detroit Tigers,Pittsburgh Pirates,Final,Detroit Tigers,Pittsburgh Pirates,0.413,0.587,401816564,8,5,61-64,61-66,0.469,0.506,0.547,0.517,0.44,0.17,4.46,4.73,4.02,4.56,3.67,4.15,Framber Valdez,Carmen Mlodzinski,36581,4298378,2.0,regular-season,2026-08-17T23:00Z,7:00 PM ET
2026-08-17,Arizona Diamondbacks,Boston Red Sox,Final,Boston Red Sox,Arizona Diamondbacks,0.5154,0.4846,401816562,1,11,66-60,67-58,0.531,0.537,0.506,0.555,0.06,0.48,4.56,4.25,4.51,3.77,4.18,10.12,Mitch Bratt,Alec Gamboa,5123768,5200550,2.0,regular-season,2026-08-17T23:10Z,7:10 PM ET
2026-08-17,San Diego Padres,New York Mets,Final,New York Mets,San Diego Padres,0.6317,0.3683,401816566,1,2,67-59,57-69,0.562,0.457,0.527,0.48,0.25,-0.2,4.46,4.31,4.2,4.51,0.5,4.15,Walker Buehler,Nolan McLean,39251,4433874,2.0,regular-season,2026-08-17T23:10Z,7:10 PM ET
2026-08-17,Athletics,Kansas City Royals,Final,Kansas City Royals,Kansas City Royals,0.4073,0.5927,401816568,5,9,49-76,52-74,0.395,0.426,0.369,0.427,-1.47,-0.74,4.31,4.26,5.78,5.0,5.51,4.77,Mason Barnett,Michael Wacha,4620704,32640,2.0,regular-season,2026-08-17T23:40Z,7:40 PM ET
2026-08-17,Atlanta Braves,Minnesota Twins,Final,Minnesota Twins,Atlanta Braves,0.6002,0.3998,401816581,2,4,74-51,61-65,0.58,0.475,0.577,0.465,0.72,-0.36,4.58,4.56,3.86,4.92,3.32,4.56,Martin Perez,Bailey Ober,31098,3107919,2.0,regular-season,2026-08-17T23:40Z,7:40 PM ET
2026-08-17,Chicago White Sox,Chicago Cubs,Final,Chicago Cubs,Chicago Cubs,0.4745,0.5255,401816569,5,7,65-59,73-53,0.519,0.549,0.534,0.586,0.35,0.91,4.79,5.25,4.44,4.34,2.5,6.19,Luis Castillo,Shota Imanaga,35124,5134630,2.0,regular-season,2026-08-18T00:05Z,8:05 PM ET
2026-08-17,Los Angeles Dodgers,Colorado Rockies,Final,Los Angeles Dodgers,Los Angeles Dodgers,0.7765,0.2235,401816570,11,5,75-51,50-75,0.617,0.358,0.629,0.397,1.24,-1.19,4.94,4.64,3.7,5.83,3.55,5.59,Blake Snell,Tomoyuki Sugano,33748,4142423,2.0,regular-season,2026-08-18T00:40Z,8:40 PM ET
2026-08-18,New York Yankees,Baltimore Orioles,Final,New York Yankees,New York Yankees,0.5903,0.4097,401816574,3,1,70-55,61-65,0.578,0.491,0.593,0.487,0.86,-0.13,4.59,4.46,3.73,4.59,1.0,4.08,Carlos Rodon,Shane Baz,33696,39639,2.0,regular-season,2026-08-18T22:35Z,6:35 PM ET
2026-08-18,Detroit Tigers,Pittsburgh Pirates,Final,Pittsburgh Pirates,Pittsburgh Pirates,0.413,0.587,401816572,1,4,61-65,62-66,0.469,0.506,0.547,0.517,0.44,0.17,4.46,4.73,4.02,4.56,3.67,4.15,Keider Montero,Braxton Ashcraft,5182933,41282,2.0,regular-season,2026-08-18T22:40Z,6:40 PM ET
2026-08-18,Miami Marlins,Philadelphia Phillies,Final,Philadelphia Phillies,Philadelphia Phillies,0.3907,0.6093,401816573,4,6,64-63,69-58,0.494,0.543,0.502,0.51,0.02,0.09,4.41,4.4,4.4,4.31,4.09,4.0,Cade Gibson,Zack Wheeler,5273591,31267,2.0,regular-season,2026-08-18T22:40Z,6:40 PM ET
2026-08-18,San Francisco Giants,Cleveland Guardians,Final,Cleveland Guardians,Cleveland Guardians,0.2999,0.7001,401816576,1,8,51-74,61-65,0.401,0.525,0.442,0.507,-0.56,0.07,4.13,4.19,4.69,4.12,4.33,3.77,Carson Whisenhunt,Foster Griffin,4626232,33773,2.0,regular-season,2026-08-18T22:40Z,6:40 PM ET
2026-08-18,St. Louis Cardinals,Cincinnati Reds,Final,St. Louis Cardinals,Cincinnati Reds,0.4603,0.5397,401816577,3,0,65-62,60-66,0.475,0.463,0.482,0.403,-0.18,-0.99,4.44,4.11,4.62,5.1,4.27,4.83,Kyle Leahy,Andrew Abbott,5006093,4414528,2.0,regular-season,2026-08-18T22:40Z,6:40 PM ET
2026-08-18,Toronto Blue Jays,Tampa Bay Rays,Final,Toronto Blue Jays,Tampa Bay Rays,0.3297,0.6703,401816578,10,5,62-65,75-50,0.488,0.605,0.469,0.557,-0.28,0.53,4.0,4.54,4.28,4.01,3.89,3.7,Jose Soriano,Nick Martinez,40973,33372,2.0,regular-season,2026-08-18T22:40Z,6:40 PM ET
2026-08-18,Arizona Diamondbacks,Boston Red Sox,Final,Boston Red Sox,Arizona Diamondbacks,0.5154,0.4846,401816571,4,9,66-61,68-58,0.531,0.537,0.506,0.555,0.06,0.48,4.56,4.25,4.51,3.77,4.18,10.12,Merrill Kelly,Ranger Suarez,32968,39817,2.0,regular-season,2026-08-18T23:10Z,7:10 PM ET
2026-08-18,San Diego Padres,New York Mets,Final,San Diego Padres,San Diego Padres,0.6317,0.3683,401816575,5,2,68-59,57-70,0.562,0.457,0.527,0.48,0.25,-0.2,4.46,4.31,4.2,4.51,0.5,4.15,Robbie Ray,Zac Thornton,32175,5129576,2.0,regular-season,2026-08-18T23:10Z,7:10 PM ET
2026-08-18,Athletics,Kansas City Royals,Final,Kansas City Royals,Kansas City Royals,0.4073,0.5927,401816580,3,4,49-77,53-74,0.395,0.426,0.369,0.427,-1.47,-0.74,4.31,4.26,5.78,5.0,5.51,4.77,Jack Perkins,Daniel Lynch IV,4418686,41227,2.0,regular-season,2026-08-18T23:40Z,7:40 PM ET
2026-08-18,Seattle Mariners,Milwaukee Brewers,Final,Milwaukee Brewers,Milwaukee Brewers,0.2863,0.7137,401816583,0,22,59-67,78-48,0.469,0.636,0.462,0.633,-0.36,1.32,4.1,5.14,4.46,3.81,4.2,3.51,Bryce Miller,Kyle Harrison,4654313,4683375,2.0,regular-season,2026-08-18T23:40Z,7:40 PM ET
2026-08-18,Atlanta Braves,Minnesota Twins,Final,Minnesota Twins,Atlanta Braves,0.6002,0.3998,401816596,1,4,74-52,62-65,0.58,0.475,0.577,0.465,0.72,-0.36,4.58,4.56,3.86,4.92,3.32,4.56,Tyler Mahle,Zebby Matthews,34973,4791597,2.0,regular-season,2026-08-18T23:40Z,7:40 PM ET
2026-08-18,Chicago White Sox,Chicago Cubs,Final,Chicago Cubs,Chicago Cubs,0.4745,0.5255,401816582,3,4,65-60,74-53,0.519,0.549,0.534,0.586,0.35,0.91,4.79,5.25,4.44,4.34,2.5,6.19,Bryan Hudson,Kevin Gausman,4991171,32667,2.0,regular-season,2026-08-19T00:05Z,8:05 PM ET
2026-08-18,Washington Nationals,Texas Rangers,Final,Texas Rangers,Texas Rangers,0.3961,0.6039,401816584,0,5,60-67,62-64,0.475,0.494,0.503,0.47,0.04,-0.28,5.07,4.15,5.03,4.44,4.67,4.32,Jackson Kent,Cal Quantrill,5007807,39875,2.0,regular-season,2026-08-19T00:05Z,8:05 PM ET
2026-08-18,Los Angeles Angels,Houston Astros,Final,Los Angeles Angels,Houston Astros,0.3332,0.6668,401816579,3,1,50-76,63-63,0.383,0.5,0.437,0.48,-0.6,-0.2,4.04,4.53,4.64,4.73,4.29,5.5,George Klassen,Cristian Javier,5134517,41261,2.0,regular-season,2026-08-19T00:10Z,8:10 PM ET
2026-08-18,Los Angeles Dodgers,Colorado Rockies,Final,Los Angeles Dodgers,Los Angeles Dodgers,0.7765,0.2235,401816585,7,6,76-51,50-76,0.617,0.358,0.629,0.397,1.24,-1.19,4.94,4.64,3.7,5.83,3.55,5.59,Eric Lauer,Ryan Feltner,39915,4019484,2.0,regular-season,2026-08-19T00:40Z,8:40 PM ET
2026-08-19,Detroit Tigers,Pittsburgh Pirates,Final,Pittsburgh Pirates,Pittsburgh Pirates,0.413,0.587,401816587,3,4,61-66,63-66,0.469,0.506,0.547,0.517,0.44,0.17,4.46,4.73,4.02,4.56,3.67,4.15,Jackson Jobe,Paul Skenes,4872647,4719507,2.0,regular-season,2026-08-19T16:35Z,12:35 PM ET
2026-08-19,San Diego Padres,New York Mets,Final,New York Mets,San Diego Padres,0.6317,0.3683,401816590,2,4,68-60,58-70,0.562,0.457,0.527,0.48,0.25,-0.2,4.46,4.31,4.2,4.51,0.5,4.15,Michael King,Robert Stock,40429,30577,2.0,regular-season,2026-08-19T17:10Z,1:10 PM ET
2026-08-19,Atlanta Braves,Minnesota Twins,Final,Minnesota Twins,Atlanta Braves,0.6002,0.3998,401816607,4,6,74-53,63-65,0.58,0.475,0.577,0.465,0.72,-0.36,4.58,4.56,3.86,4.92,3.32,4.56,AJ Smith-Shawver,Taj Bradley,4917640,42480,2.0,regular-season,2026-08-19T17:40Z,1:40 PM ET
2026-08-19,Chicago White Sox,Chicago Cubs,Final,Chicago White Sox,Chicago Cubs,0.4745,0.5255,401816597,3,0,66-60,74-54,0.519,0.549,0.534,0.586,0.35,0.91,4.79,5.25,4.44,4.34,2.5,6.19,Sean Newcomb,Clay Holmes,33856,32827,2.0,regular-season,2026-08-19T18:20Z,2:20 PM ET
2026-08-19,Arizona Diamondbacks,Boston Red Sox,Final,Arizona Diamondbacks,Arizona Diamondbacks,0.5154,0.4846,401816586,7,6,67-61,68-59,0.531,0.537,0.506,0.555,0.06,0.48,4.56,4.25,4.51,3.77,4.18,10.12,Brandon Pfaadt,Payton Tolle,4721302,4966140,2.0,regular-season,2026-08-19T20:10Z,4:10 PM ET
2026-08-19,Miami Marlins,Philadelphia Phillies,Final,Philadelphia Phillies,Philadelphia Phillies,0.3907,0.6093,401816588,1,4,64-64,70-58,0.494,0.543,0.502,0.51,0.02,0.09,4.41,4.4,4.4,4.31,4.09,4.0,Sandy Alcantara,Aaron Nola,35241,33709,2.0,regular-season,2026-08-19T22:05Z,6:05 PM ET
2026-08-19,New York Yankees,Baltimore Orioles,Final,New York Yankees,New York Yankees,0.5903,0.4097,401816589,5,3,71-55,61-66,0.578,0.491,0.593,0.487,0.86,-0.13,4.59,4.46,3.73,4.59,1.0,4.08,Will Warren,Chris Bassitt,5132011,33148,2.0,regular-season,2026-08-19T22:35Z,6:35 PM ET
2026-08-19,San Francisco Giants,Cleveland Guardians,Final,San Francisco Giants,Cleveland Guardians,0.2999,0.7001,401816591,1,0,52-74,61-66,0.401,0.525,0.442,0.507,-0.56,0.07,4.13,4.19,4.69,4.12,4.33,3.77,Matt Wilkinson,Parker Messick,5339226,4619898,2.0,regular-season,2026-08-19T22:40Z,6:40 PM ET
2026-08-19,St. Louis Cardinals,Cincinnati Reds,Final,Cincinnati Reds,Cincinnati Reds,0.4603,0.5397,401816592,4,5,65-63,61-66,0.475,0.463,0.482,0.403,-0.18,-0.99,4.44,4.11,4.62,5.1,4.27,4.83,Matthew Liberatore,Chase Burns,41173,4927516,2.0,regular-season,2026-08-19T22:40Z,6:40 PM ET
2026-08-19,Toronto Blue Jays,Tampa Bay Rays,Final,Tampa Bay Rays,Tampa Bay Rays,0.3297,0.6703,401816593,6,7,62-66,76-50,0.488,0.605,0.469,0.557,-0.28,0.53,4.0,4.54,4.28,4.01,3.89,3.7,Max Scherzer,Drew Rasmussen,28976,42584,2.0,regular-season,2026-08-19T22:40Z,6:40 PM ET
2026-08-19,Athletics,Kansas City Royals,Final,Kansas City Royals,Kansas City Royals,0.4073,0.5927,401816595,7,9,49-78,54-74,0.395,0.426,0.369,0.427,-1.47,-0.74,4.31,4.26,5.78,5.0,5.51,4.77,Jeffrey Springs,Seth Lugo,35397,34873,2.0,regular-season,2026-08-19T23:40Z,7:40 PM ET
2026-08-19,Seattle Mariners,Milwaukee Brewers,Final,Seattle Mariners,Milwaukee Brewers,0.2863,0.7137,401816598,7,5,60-67,78-49,0.469,0.636,0.462,0.633,-0.36,1.32,4.1,5.14,4.46,3.81,4.2,3.51,Logan Gilbert,Dustin May,41221,40937,2.0,regular-season,2026-08-19T23:40Z,7:40 PM ET
2026-08-19,Washington Nationals,Texas Rangers,Final,Washington Nationals,Texas Rangers,0.3961,0.6039,401816599,6,0,61-67,62-65,0.475,0.494,0.503,0.47,0.04,-0.28,5.07,4.15,5.03,4.44,4.67,4.32,Cade Cavalli,Kumar Rocker,4308037,4414525,2.0,regular-season,2026-08-20T00:05Z,8:05 PM ET
2026-08-19,Los Angeles Angels,Houston Astros,Final,Houston Astros,Houston Astros,0.3332,0.6668,401816594,2,3,50-77,64-63,0.383,0.5,0.437,0.48,-0.6,-0.2,4.04,4.53,4.64,4.73,4.29,5.5,Walbert Urena,Ethan Pecko,5197476,4944276,2.0,regular-season,2026-08-20T00:10Z,8:10 PM ET
2026-08-19,Los Angeles Dodgers,Colorado Rockies,Final,Los Angeles Dodgers,Los Angeles Dodgers,0.7765,0.2235,401816600,6,4,77-51,50-77,0.617,0.358,0.629,0.397,1.24,-1.19,4.94,4.64,3.7,5.83,3.55,5.59,Roki Sasaki,Kyle Freeland,5134638,33839,2.0,regular-season,2026-08-20T00:40Z,8:40 PM ET
2026-08-20,St. Louis Cardinals,Cincinnati Reds,Final,St. Louis Cardinals,Cincinnati Reds,0.4603,0.5397,401816603,10,9,66-63,61-67,0.475,0.463,0.482,0.403,-0.18,-0.99,4.44,4.11,4.62,5.1,4.27,4.83,Michael McGreevy,Brady Singer,4424141,41172,2.0,regular-season,2026-08-20T16:40Z,12:40 PM ET
2026-08-20,San Francisco Giants,Cleveland Guardians,Final,Cleveland Guardians,Cleveland Guardians,0.2999,0.7001,401816602,2,5,52-75,62-66,0.401,0.525,0.442,0.507,-0.56,0.07,4.13,4.19,4.69,4.12,4.33,3.77,Landen Roupp,Gavin Williams,4345404,4345076,2.0,regular-season,2026-08-20T17:10Z,1:10 PM ET
2026-08-20,Toronto Blue Jays,Tampa Bay Rays,Final,Toronto Blue Jays,Tampa Bay Rays,0.3297,0.6703,401816604,5,1,63-66,76-51,0.488,0.605,0.469,0.557,-0.28,0.53,4.0,4.54,4.28,4.01,3.89,3.7,Shane Bieber,Ian Seymour,40912,4669425,2.0,regular-season,2026-08-20T17:10Z,1:10 PM ET
2026-08-20,Athletics,Kansas City Royals,Final,Kansas City Royals,Kansas City Royals,0.4073,0.5927,401816606,2,6,49-79,55-74,0.395,0.426,0.369,0.427,-1.47,-0.74,4.31,4.26,5.78,5.0,5.51,4.77,Gage Jump,Randy Dobnak,5023852,42214,2.0,regular-season,2026-08-20T18:10Z,2:10 PM ET
2026-08-20,Seattle Mariners,Milwaukee Brewers,Final,Milwaukee Brewers,Milwaukee Brewers,0.2863,0.7137,401816608,4,7,60-68,79-49,0.469,0.636,0.462,0.633,-0.36,1.32,4.1,5.14,4.46,3.81,4.2,3.51,George Kirby,Robert Gasser,42406,4918251,2.0,regular-season,2026-08-20T18:10Z,2:10 PM ET
2026-08-20,Atlanta Braves,Chicago White Sox,Final,Atlanta Braves,Atlanta Braves,0.5334,0.4666,401877087,2,0,75-53,66-61,0.58,0.519,0.577,0.534,0.72,0.35,4.58,4.79,3.86,4.44,3.32,2.5,Grant Holmes,Anthony Kay,33840,40947,2.0,regular-season,2026-08-20T18:10Z,2:10 PM ET
2026-08-20,New York Yankees,Baltimore Orioles,Final,New York Yankees,New York Yankees,0.5903,0.4097,401816601,6,1,72-55,61-67,0.578,0.491,0.593,0.487,0.86,-0.13,4.59,4.46,3.73,4.59,1.0,4.08,Gerrit Cole,Kyle Bradish,32081,4311625,2.0,regular-season,2026-08-20T22:35Z,6:35 PM ET
2026-08-20,Washington Nationals,Texas Rangers,Final,Texas Rangers,Texas Rangers,0.3961,0.6039,401816609,0,2,61-68,63-65,0.475,0.494,0.503,0.47,0.04,-0.28,5.07,4.15,5.03,4.44,4.67,4.32,Andrew Alvarez,Jacob deGrom,4300668,32796,2.0,regular-season,2026-08-21T00:05Z,8:05 PM ET
2026-08-20,Los Angeles Angels,Houston Astros,Final,Los Angeles Angels,Houston Astros,0.3332,0.6668,401816605,18,3,51-77,64-64,0.383,0.5,0.437,0.48,-0.6,-0.2,4.04,4.53,4.64,4.73,4.29,5.5,Grayson Rodriguez,Peter Lambert,41196,39898,2.0,regular-season,2026-08-21T00:10Z,8:10 PM ET
2026-08-21,Atlanta Braves,Milwaukee Brewers,Final,Milwaukee Brewers,Milwaukee Brewers,0.4049,0.5951,401816617,1,2,75-54,80-49,0.58,0.636,0.577,0.633,0.72,1.32,4.58,5.14,3.86,3.81,3.32,3.51,Chris Sale,Jacob Misiorowski,30948,5080761,2.0,regular-season,2026-08-21T20:10Z,4:10 PM ET
2026-08-21,St. Louis Cardinals,Philadelphia Phillies,Final,Philadelphia Phillies,Philadelphia Phillies,0.3654,0.6346,401816611,6,7,66-64,71-58,0.475,0.543,0.482,0.51,-0.18,0.09,4.44,4.4,4.62,4.31,4.27,4.0,Hunter Dobbins,Jesus Luzardo,4415836,39667,2.0,regular-season,2026-08-21T22:40Z,6:40 PM ET
2026-08-21,Toronto Blue Jays,New York Yankees,Final,New York Yankees,New York Yankees,0.3468,0.6532,401816613,1,3,63-67,73-55,0.488,0.578,0.469,0.593,-0.28,0.86,4.0,4.59,4.28,3.73,3.89,1.0,Mason Fluharty,Cam Schlittler,4622501,5134581,2.0,regular-season,2026-08-21T23:05Z,7:05 PM ET
2026-08-21,San Francisco Giants,Boston Red Sox,Final,Boston Red Sox,Boston Red Sox,0.3556,0.6444,401816610,4,6,52-76,69-59,0.401,0.537,0.442,0.555,-0.56,0.48,4.13,4.25,4.69,3.77,4.33,10.12,Logan Webb,Sonny Gray,41216,32082,2.0,regular-season,2026-08-21T23:10Z,7:10 PM ET
2026-08-21,Washington Nationals,Miami Marlins,Final,Miami Marlins,Miami Marlins,0.4072,0.5928,401816614,2,3,61-69,65-64,0.475,0.494,0.503,0.502,0.04,0.02,5.07,4.41,5.03,4.4,4.67,4.09,Brad Lord,Ryan Gusto,4866810,5131986,2.0,regular-season,2026-08-21T23:10Z,7:10 PM ET
2026-08-21,Tampa Bay Rays,Baltimore Orioles,Final,Baltimore Orioles,Tampa Bay Rays,0.6086,0.3914,401816612,3,5,76-52,62-67,0.605,0.491,0.557,0.487,0.53,-0.13,4.54,4.46,4.01,4.59,3.7,4.08,Freddy Peralta,Trevor Rogers,39825,39640,2.0,regular-season,2026-08-21T23:15Z,7:15 PM ET
2026-08-21,New York Mets,Chicago White Sox,Final,Chicago White Sox,Chicago White Sox,0.3771,0.6229,401816619,4,6,58-71,67-61,0.457,0.519,0.48,0.534,-0.2,0.35,4.31,4.79,4.51,4.44,4.15,2.5,Sean Manaea,Sean Burke,33244,4867679,2.0,regular-season,2026-08-21T23:40Z,7:40 PM ET
2026-08-21,Athletics,Houston Astros,Final,Houston Astros,Houston Astros,0.3307,0.6693,401816616,0,4,49-80,65-64,0.395,0.5,0.369,0.48,-1.47,-0.2,4.31,4.53,5.78,4.73,5.51,5.5,J.T. Ginn,Hayden Wesneski,4414002,42996,2.0,regular-season,2026-08-22T00:10Z,8:10 PM ET
2026-08-21,Detroit Tigers,Kansas City Royals,Final,Kansas City Royals,Detroit Tigers,0.5055,0.4945,401816618,2,5,61-67,56-74,0.469,0.426,0.547,0.427,0.44,-0.74,4.46,4.26,4.02,5.0,3.67,4.77,Troy Melton,Noah Cameron,5294127,4417208,2.0,regular-season,2026-08-22T00:10Z,8:10 PM ET
2026-08-21,Los Angeles Angels,Texas Rangers,Final,Texas Rangers,Texas Rangers,0.3175,0.6825,401816615,1,2,51-78,64-65,0.383,0.494,0.437,0.47,-0.6,-0.28,4.04,4.15,4.64,4.44,4.29,4.32,Reid Detmers,MacKenzie Gore,4326697,39636,2.0,regular-season,2026-08-22T00:15Z,8:15 PM ET
2026-08-21,Cleveland Guardians,Colorado Rockies,Final,Cleveland Guardians,Cleveland Guardians,0.7081,0.2919,401816620,9,1,63-66,50-78,0.525,0.358,0.507,0.397,0.07,-1.19,4.19,4.64,4.12,5.83,3.77,5.59,Joey Cantillo,Tanner Gordon,42488,4415658,2.0,regular-season,2026-08-22T00:40Z,8:40 PM ET
2026-08-21,Cincinnati Reds,Arizona Diamondbacks,Final,Arizona Diamondbacks,Arizona Diamondbacks,0.3852,0.6148,401816622,0,9,61-68,68-61,0.463,0.531,0.403,0.506,-0.99,0.06,4.11,4.56,5.1,4.51,4.83,4.18,Nick Lodolo,Eduardo Rodriguez,42433,32675,2.0,regular-season,2026-08-22T01:40Z,9:40 PM ET
2026-08-21,Minnesota Twins,San Diego Padres,Final,San Diego Padres,San Diego Padres,0.3087,0.6913,401816623,2,6,63-66,69-60,0.475,0.562,0.465,0.527,-0.36,0.25,4.56,4.46,4.92,4.2,4.56,0.5,Connor Prielipp,Randy Vasquez,4620001,4722847,2.0,regular-season,2026-08-22T01:40Z,9:40 PM ET
2026-08-21,Chicago Cubs,Seattle Mariners,Final,Seattle Mariners,Seattle Mariners,0.4999,0.5001,401816621,5,6,74-55,61-68,0.549,0.469,0.586,0.462,0.91,-0.36,5.25,4.1,4.34,4.46,6.19,4.2,Matthew Boyd,Emerson Hancock,34401,4297897,2.0,regular-season,2026-08-22T02:10Z,10:10 PM ET
2026-08-21,Pittsburgh Pirates,Los Angeles Dodgers,Final,Los Angeles Dodgers,Los Angeles Dodgers,0.3274,0.6726,401816624,4,5,63-67,78-51,0.506,0.617,0.517,0.629,0.17,1.24,4.73,4.94,4.56,3.7,4.15,3.55,Bubba Chandler,Yoshinobu Yamamoto,4683325,4872587,2.0,regular-season,2026-08-22T02:10Z,10:10 PM ET
2026-08-22,Toronto Blue Jays,New York Yankees,Final,Toronto Blue Jays,New York Yankees,0.3468,0.6532,401816628,4,3,64-67,73-56,0.488,0.578,0.469,0.593,-0.28,0.86,4.0,4.59,4.28,3.73,3.89,1.0,Dylan Cease,Ryan Weathers,34943,41178,2.0,regular-season,2026-08-22T17:35Z,1:35 PM ET
2026-08-22,Atlanta Braves,Milwaukee Brewers,Final,Milwaukee Brewers,Milwaukee Brewers,0.4049,0.5951,401816632,1,4,75-55,81-49,0.58,0.636,0.577,0.633,0.72,1.32,4.58,5.14,3.86,3.81,3.32,3.51,Martin Perez,Logan Henderson,31098,4917878,2.0,regular-season,2026-08-22T18:10Z,2:10 PM ET
2026-08-22,Washington Nationals,Miami Marlins,Final,Miami Marlins,Miami Marlins,0.4072,0.5928,401816629,2,4,61-70,66-64,0.475,0.494,0.503,0.502,0.04,0.02,5.07,4.41,5.03,4.4,4.67,4.09,Jake Irvin,Eury Perez,41290,4917854,2.0,regular-season,2026-08-22T20:10Z,4:10 PM ET
2026-08-22,St. Louis Cardinals,Philadelphia Phillies,Final,Philadelphia Phillies,Philadelphia Phillies,0.3654,0.6346,401816626,3,12,66-65,72-58,0.475,0.543,0.482,0.51,-0.18,0.09,4.44,4.4,4.62,4.31,4.27,4.0,Quinn Mathews,Andrew Painter,4837405,4872683,2.0,regular-season,2026-08-22T22:05Z,6:05 PM ET
2026-08-22,Tampa Bay Rays,Baltimore Orioles,Final,Baltimore Orioles,Tampa Bay Rays,0.6086,0.3914,401816627,2,3,76-53,63-67,0.605,0.491,0.557,0.487,0.53,-0.13,4.54,4.46,4.01,4.59,3.7,4.08,Shane McClanahan,Brandon Young,41199,4414339,2.0,regular-season,2026-08-22T23:05Z,7:05 PM ET
2026-08-22,Los Angeles Angels,Texas Rangers,Final,Los Angeles Angels,Texas Rangers,0.3175,0.6825,401816630,3,0,52-78,64-66,0.383,0.494,0.437,0.47,-0.6,-0.28,4.04,4.15,4.64,4.44,4.29,4.32,Ryan Johnson,Cody Bradford,5007859,4142539,2.0,regular-season,2026-08-22T23:05Z,7:05 PM ET
2026-08-22,Athletics,Houston Astros,Final,Athletics,Houston Astros,0.3307,0.6693,401816631,4,3,50-80,65-65,0.395,0.5,0.369,0.48,-1.47,-0.2,4.31,4.53,5.78,4.73,5.51,5.5,Jacob Lopez,Hunter Brown,42239,4717803,2.0,regular-season,2026-08-22T23:10Z,7:10 PM ET
2026-08-22,New York Mets,Chicago White Sox,Final,New York Mets,Chicago White Sox,0.3771,0.6229,401816634,10,5,59-71,67-62,0.457,0.519,0.48,0.534,-0.2,0.35,4.31,4.79,4.51,4.44,4.15,2.5,Christian Scott,Luis Castillo,4414215,35124,2.0,regular-season,2026-08-22T23:10Z,7:10 PM ET
2026-08-22,San Francisco Giants,Boston Red Sox,Final,Boston Red Sox,Boston Red Sox,0.3556,0.6444,401816625,2,3,52-77,70-59,0.401,0.537,0.442,0.555,-0.56,0.48,4.13,4.25,4.69,3.77,4.33,10.12,Blade Tidwell,Patrick Sandoval,4719088,40975,2.0,regular-season,2026-08-22T23:15Z,7:15 PM ET
2026-08-22,Detroit Tigers,Kansas City Royals,Final,Kansas City Royals,Detroit Tigers,0.5055,0.4945,401816633,1,3,61-68,57-74,0.469,0.426,0.547,0.427,0.44,-0.74,4.46,4.26,4.02,5.0,3.67,4.77,Drew Anderson,Michael Wacha,41125,32640,2.0,regular-season,2026-08-22T23:15Z,7:15 PM ET
2026-08-22,Chicago Cubs,Seattle Mariners,Final,Seattle Mariners,Seattle Mariners,0.4999,0.5001,401816636,4,5,74-56,62-68,0.549,0.469,0.586,0.462,0.91,-0.36,5.25,4.1,4.34,4.46,6.19,4.2,David Peterson,Kade Anderson,40921,5198748,2.0,regular-season,2026-08-22T23:15Z,7:15 PM ET
2026-08-22,Pittsburgh Pirates,Los Angeles Dodgers,Final,Los Angeles Dodgers,Los Angeles Dodgers,0.3274,0.6726,401816639,3,4,63-68,79-51,0.506,0.617,0.517,0.629,0.17,1.24,4.73,4.94,4.56,3.7,4.15,3.55,Jared Jones,Tarik Skubal,4918156,42409,2.0,regular-season,2026-08-22T23:15Z,7:15 PM ET
2026-08-22,Cleveland Guardians,Colorado Rockies,Final,Cleveland Guardians,Cleveland Guardians,0.7081,0.2919,401816635,4,3,64-66,50-79,0.525,0.358,0.507,0.397,0.07,-1.19,4.19,4.64,4.12,5.83,3.77,5.59,Tanner Bibee,Gabriel Hughes,4345278,4634930,2.0,regular-season,2026-08-23T00:10Z,8:10 PM ET
2026-08-22,Cincinnati Reds,Arizona Diamondbacks,Final,Cincinnati Reds,Arizona Diamondbacks,0.3852,0.6148,401816637,11,5,62-68,68-62,0.463,0.531,0.403,0.506,-0.99,0.06,4.11,4.56,5.1,4.51,4.83,4.18,Rhett Lowder,Michael Soroka,4758873,34984,2.0,regular-season,2026-08-23T00:10Z,8:10 PM ET
2026-08-22,Minnesota Twins,San Diego Padres,Final,San Diego Padres,San Diego Padres,0.3087,0.6913,401816638,5,7,63-67,70-60,0.475,0.562,0.465,0.527,-0.36,0.25,4.56,4.46,4.92,4.2,4.56,0.5,Dean Kremer,Casey Mize,38295,41167,2.0,regular-season,2026-08-23T00:40Z,8:40 PM ET
2026-08-23,St. Louis Cardinals,Philadelphia Phillies,Final,Philadelphia Phillies,Philadelphia Phillies,0.3654,0.6346,401816641,4,6,66-66,73-58,0.475,0.543,0.482,0.51,-0.18,0.09,4.44,4.4,4.62,4.31,4.27,4.0,Kyle Leahy,Cristopher Sanchez,5006093,42359,2.0,regular-season,2026-08-23T17:35Z,1:35 PM ET
2026-08-23,Tampa Bay Rays,Baltimore Orioles,Final,Tampa Bay Rays,Tampa Bay Rays,0.6086,0.3914,401816642,3,1,77-53,63-68,0.605,0.491,0.557,0.487,0.53,-0.13,4.54,4.46,4.01,4.59,3.7,4.08,Nick Martinez,Shane Baz,33372,39639,2.0,regular-season,2026-08-23T17:35Z,1:35 PM ET
2026-08-23,Toronto Blue Jays,New York Yankees,Final,New York Yankees,New York Yankees,0.3468,0.6532,401816643,3,8,64-68,74-56,0.488,0.578,0.469,0.593,-0.28,0.86,4.0,4.59,4.28,3.73,3.89,1.0,Jose Soriano,Carlos Rodon,40973,33696,2.0,regular-season,2026-08-23T17:35Z,1:35 PM ET
2026-08-23,Washington Nationals,Miami Marlins,Final,Miami Marlins,Miami Marlins,0.4072,0.5928,401816644,2,6,61-71,67-64,0.475,0.494,0.503,0.502,0.04,0.02,5.07,4.41,5.03,4.4,4.67,4.09,Jackson Kent,Janson Junk,5007807,4881980,2.0,regular-season,2026-08-23T17:40Z,1:40 PM ET
2026-08-23,Athletics,Houston Astros,Final,Athletics,Houston Astros,0.3307,0.6693,401816646,7,6,51-80,65-66,0.395,0.5,0.369,0.48,-1.47,-0.2,4.31,4.53,5.78,4.73,5.51,5.5,Brady Basso,Cristian Javier,4179551,41261,2.0,regular-season,2026-08-23T18:10Z,2:10 PM ET
2026-08-23,Detroit Tigers,Kansas City Royals,Final,Kansas City Royals,Detroit Tigers,0.5055,0.4945,401816648,7,11,61-69,58-74,0.469,0.426,0.547,0.427,0.44,-0.74,4.46,4.26,4.02,5.0,3.67,4.77,Jacob Waguespack,Daniel Lynch IV,37726,41227,2.0,regular-season,2026-08-23T18:10Z,2:10 PM ET
2026-08-23,New York Mets,Chicago White Sox,Final,Chicago White Sox,Chicago White Sox,0.3771,0.6229,401816649,1,2,59-72,68-62,0.457,0.519,0.48,0.534,-0.2,0.35,4.31,4.79,4.51,4.44,4.15,2.5,Nolan McLean,Sean Newcomb,4433874,33856,2.0,regular-season,2026-08-23T18:10Z,2:10 PM ET
2026-08-23,Los Angeles Angels,Texas Rangers,Final,Texas Rangers,Texas Rangers,0.3175,0.6825,401816645,3,5,52-79,65-66,0.383,0.494,0.437,0.47,-0.6,-0.28,4.04,4.15,4.64,4.44,4.29,4.32,Yusei Kikuchi,Cal Quantrill,41415,39875,2.0,regular-season,2026-08-23T18:35Z,2:35 PM ET
2026-08-23,Cleveland Guardians,Colorado Rockies,Final,Cleveland Guardians,Cleveland Guardians,0.7081,0.2919,401816650,7,2,65-66,50-80,0.525,0.358,0.507,0.397,0.07,-1.19,4.19,4.64,4.12,5.83,3.77,5.59,Foster Griffin,Tomoyuki Sugano,33773,4142423,2.0,regular-season,2026-08-23T19:10Z,3:10 PM ET
2026-08-23,San Francisco Giants,Boston Red Sox,Final,Boston Red Sox,Boston Red Sox,0.3556,0.6444,401816640,4,5,52-78,71-59,0.401,0.537,0.442,0.555,-0.56,0.48,4.13,4.25,4.69,3.77,4.33,10.12,Matt Wilkinson,Jake Bennett,5339226,4654024,2.0,regular-season,2026-08-23T19:15Z,3:15 PM ET
2026-08-23,Chicago Cubs,Seattle Mariners,Final,Chicago Cubs,Seattle Mariners,0.4999,0.5001,401816651,19,2,75-56,62-69,0.549,0.469,0.586,0.462,0.91,-0.36,5.25,4.1,4.34,4.46,6.19,4.2,Shota Imanaga,Bryce Miller,5134630,4654313,2.0,regular-season,2026-08-23T20:10Z,4:10 PM ET
2026-08-23,Minnesota Twins,San Diego Padres,Final,San Diego Padres,San Diego Padres,0.3087,0.6913,401816653,1,8,63-68,71-60,0.475,0.562,0.465,0.527,-0.36,0.25,4.56,4.46,4.92,4.2,4.56,0.5,Bailey Ober,Walker Buehler,3107919,39251,2.0,regular-season,2026-08-23T20:10Z,4:10 PM ET
2026-08-23,Pittsburgh Pirates,Los Angeles Dodgers,Final,Los Angeles Dodgers,Los Angeles Dodgers,0.3274,0.6726,401816654,0,4,63-69,80-51,0.506,0.617,0.517,0.629,0.17,1.24,4.73,4.94,4.56,3.7,4.15,3.55,Lake Bachar,Blake Snell,42592,33748,2.0,regular-season,2026-08-23T20:10Z,4:10 PM ET
2026-08-23,Cincinnati Reds,Arizona Diamondbacks,Final,Arizona Diamondbacks,Arizona Diamondbacks,0.3852,0.6148,401816652,3,5,62-69,69-62,0.463,0.531,0.403,0.506,-0.99,0.06,4.11,4.56,5.1,4.51,4.83,4.18,Andrew Abbott,Mitch Bratt,4414528,5123768,2.0,regular-season,2026-08-23T20:15Z,4:15 PM ET
2026-08-23,Atlanta Braves,Milwaukee Brewers,Final,Atlanta Braves,Milwaukee Brewers,0.4049,0.5951,401816647,4,2,76-55,81-50,0.58,0.636,0.577,0.633,0.72,1.32,4.58,5.14,3.86,3.81,3.32,3.51,Tyler Mahle,Shane Drohan,34973,4315203,2.0,regular-season,2026-08-23T23:00Z,7:00 PM ET
2026-08-24,Boston Red Sox,Miami Marlins,Final,Boston Red Sox,Miami Marlins,0.449,0.551,401816655,4,2,72-59,67-65,0.537,0.494,0.555,0.502,0.48,0.02,4.25,4.41,3.77,4.4,10.12,4.09,Ranger Suarez,Sandy Alcantara,39817,35241,2.0,regular-season,2026-08-24T22:40Z,6:40 PM ET
2026-08-24,Tampa Bay Rays,Detroit Tigers,Final,Tampa Bay Rays,Tampa Bay Rays,0.6447,0.3553,401816657,4,1,78-53,61-70,0.605,0.469,0.557,0.547,0.53,0.44,4.54,4.46,4.01,4.02,3.7,3.67,Drew Rasmussen,Framber Valdez,42584,36581,2.0,regular-season,2026-08-24T22:40Z,6:40 PM ET
2026-08-24,Colorado Rockies,Washington Nationals,Final,Washington Nationals,Washington Nationals,0.3115,0.6885,401816656,3,13,50-81,62-71,0.358,0.475,0.397,0.503,-1.19,0.04,4.64,5.07,5.83,5.03,5.59,4.67,Ryan Feltner,Cade Cavalli,4019484,4308037,2.0,regular-season,2026-08-24T22:45Z,6:45 PM ET
2026-08-24,Texas Rangers,Chicago White Sox,Final,Texas Rangers,Chicago White Sox,0.4337,0.5663,401816658,11,2,66-66,68-63,0.494,0.519,0.47,0.534,-0.28,0.35,4.15,4.79,4.44,4.44,4.32,2.5,Kumar Rocker,Jose Urquidy,4414525,35759,2.0,regular-season,2026-08-24T23:40Z,7:40 PM ET
2026-08-24,Cleveland Guardians,Los Angeles Angels,Final,Cleveland Guardians,Cleveland Guardians,0.6462,0.3538,401816661,4,2,66-66,52-80,0.525,0.383,0.507,0.437,0.07,-0.6,4.19,4.04,4.12,4.64,3.77,4.29,Parker Messick,George Klassen,4619898,5134517,2.0,regular-season,2026-08-25T01:38Z,9:38 PM ET
2026-08-24,Chicago Cubs,Arizona Diamondbacks,Final,Chicago Cubs,Arizona Diamondbacks,0.4329,0.5671,401816659,7,0,76-56,69-63,0.549,0.531,0.586,0.506,0.91,0.06,5.25,4.56,4.34,4.51,6.19,4.18,Kevin Gausman,Merrill Kelly,32667,32968,2.0,regular-season,2026-08-25T01:40Z,9:40 PM ET
2026-08-24,Minnesota Twins,Athletics,Final,Minnesota Twins,Minnesota Twins,0.5681,0.4319,401816662,9,6,64-68,51-81,0.475,0.395,0.465,0.369,-0.36,-1.47,4.56,4.31,4.92,5.78,4.56,5.51,Zebby Matthews,Jeffrey Springs,4791597,35397,2.0,regular-season,2026-08-25T01:40Z,9:40 PM ET
2026-08-24,Philadelphia Phillies,Seattle Mariners,Final,Seattle Mariners,Philadelphia Phillies,0.5485,0.4515,401816663,2,9,73-59,63-69,0.543,0.469,0.51,0.462,0.09,-0.36,4.4,4.1,4.31,4.46,4.0,4.2,Zack Wheeler,Logan Gilbert,31267,41221,2.0,regular-season,2026-08-25T01:40Z,9:40 PM ET
2026-08-24,Pittsburgh Pirates,San Diego Padres,Final,Pittsburgh Pirates,San Diego Padres,0.3401,0.6599,401816664,3,2,64-69,71-61,0.506,0.562,0.517,0.527,0.17,0.25,4.73,4.46,4.56,4.2,4.15,0.5,Braxton Ashcraft,Robbie Ray,41282,32175,2.0,regular-season,2026-08-25T01:40Z,9:40 PM ET
2026-08-24,Cincinnati Reds,San Francisco Giants,Final,San Francisco Giants,Cincinnati Reds,0.547,0.453,401816660,0,5,62-70,53-78,0.463,0.401,0.403,0.442,-0.99,-0.56,4.11,4.13,5.1,4.69,4.83,4.33,Chase Burns,Carson Whisenhunt,4927516,4626232,2.0,regular-season,2026-08-25T01:45Z,9:45 PM ET
2026-08-25,Boston Red Sox,Miami Marlins,Final,Boston Red Sox,Miami Marlins,0.449,0.551,401816665,7,3,73-59,67-66,0.537,0.494,0.555,0.502,0.48,0.02,4.25,4.41,3.77,4.4,10.12,4.09,Payton Tolle,Tyler Phillips,4966140,41247,2.0,regular-season,2026-08-25T22:40Z,6:40 PM ET
2026-08-25,Tampa Bay Rays,Detroit Tigers,Final,Detroit Tigers,Tampa Bay Rays,0.6447,0.3553,401816671,1,4,78-54,62-70,0.605,0.469,0.557,0.547,0.53,0.44,4.54,4.46,4.01,4.02,3.7,3.67,Casey Legumina,Jackson Jobe,4346117,4872647,2.0,regular-season,2026-08-25T22:40Z,6:40 PM ET
2026-08-25,Colorado Rockies,Washington Nationals,Final,Colorado Rockies,Washington Nationals,0.3115,0.6885,401816666,3,1,51-81,62-72,0.358,0.475,0.397,0.503,-1.19,0.04,4.64,5.07,5.83,5.03,5.59,4.67,Mason Adams,Andrew Alvarez,4758424,4300668,2.0,regular-season,2026-08-25T22:45Z,6:45 PM ET
2026-08-25,Houston Astros,New York Yankees,Final,Houston Astros,New York Yankees,0.3299,0.6701,401816667,9,7,66-66,74-57,0.5,0.578,0.48,0.593,-0.2,0.86,4.53,4.59,4.73,3.73,5.5,1.0,Ethan Pecko,Will Warren,4944276,5132011,2.0,regular-season,2026-08-25T23:05Z,7:05 PM ET
2026-08-25,Kansas City Royals,Toronto Blue Jays,Final,Kansas City Royals,Toronto Blue Jays,0.3611,0.6389,401816668,5,3,59-74,64-69,0.426,0.488,0.427,0.469,-0.74,-0.28,4.26,4.0,5.0,4.28,4.77,3.89,Seth Lugo,Max Scherzer,34873,28976,2.0,regular-season,2026-08-25T23:07Z,7:07 PM ET
2026-08-25,Milwaukee Brewers,New York Mets,Final,New York Mets,Milwaukee Brewers,0.6659,0.3341,401816670,2,3,81-51,60-72,0.636,0.457,0.633,0.48,1.32,-0.2,5.14,4.31,3.81,4.51,3.51,4.15,Kyle Harrison,Zac Thornton,4683375,5129576,2.0,regular-season,2026-08-25T23:10Z,7:10 PM ET
2026-08-25,Los Angeles Dodgers,Atlanta Braves,Final,Atlanta Braves,Atlanta Braves,0.4902,0.5098,401816669,3,4,80-52,77-55,0.617,0.58,0.629,0.577,1.24,0.72,4.94,4.58,3.7,3.86,3.55,3.32,Tyler Glasnow,Bryce Elder,33190,4301067,2.0,regular-season,2026-08-25T23:15Z,7:15 PM ET
2026-08-25,Texas Rangers,Chicago White Sox,Final,Chicago White Sox,Chicago White Sox,0.4337,0.5663,401816673,7,11,66-67,69-63,0.494,0.519,0.47,0.534,-0.28,0.35,4.15,4.79,4.44,4.44,4.32,2.5,Jacob deGrom,Anthony Kay,32796,40947,2.0,regular-season,2026-08-25T23:40Z,7:40 PM ET
2026-08-25,Baltimore Orioles,St. Louis Cardinals,Final,Baltimore Orioles,St. Louis Cardinals,0.4822,0.5178,401816672,13,1,64-68,66-67,0.491,0.475,0.487,0.482,-0.13,-0.18,4.46,4.44,4.59,4.62,4.08,4.27,Chris Bassitt,Matthew Liberatore,33148,41173,2.0,regular-season,2026-08-25T23:45Z,7:45 PM ET
2026-08-25,Cleveland Guardians,Los Angeles Angels,Final,Cleveland Guardians,Cleveland Guardians,0.6462,0.3538,401816676,8,6,67-66,52-81,0.525,0.383,0.507,0.437,0.07,-0.6,4.19,4.04,4.12,4.64,3.77,4.29,Gavin Williams,Walbert Urena,4345076,5197476,2.0,regular-season,2026-08-26T01:38Z,9:38 PM ET
2026-08-25,Chicago Cubs,Arizona Diamondbacks,Final,Arizona Diamondbacks,Arizona Diamondbacks,0.4329,0.5671,401816674,4,5,76-57,70-63,0.549,0.531,0.586,0.506,0.91,0.06,5.25,4.56,4.34,4.51,6.19,4.18,Clay Holmes,Brandon Pfaadt,32827,4721302,2.0,regular-season,2026-08-26T01:40Z,9:40 PM ET
2026-08-25,Minnesota Twins,Athletics,Final,Athletics,Minnesota Twins,0.5681,0.4319,401816677,2,4,64-69,52-81,0.475,0.395,0.465,0.369,-0.36,-1.47,4.56,4.31,4.92,5.78,4.56,5.51,Taj Bradley,Gage Jump,42480,5023852,2.0,regular-season,2026-08-26T01:40Z,9:40 PM ET
2026-08-25,Philadelphia Phillies,Seattle Mariners,Final,Seattle Mariners,Philadelphia Phillies,0.5485,0.4515,401816678,1,4,73-60,64-69,0.543,0.469,0.51,0.462,0.09,-0.36,4.4,4.1,4.31,4.46,4.0,4.2,Aaron Nola,George Kirby,33709,42406,2.0,regular-season,2026-08-26T01:40Z,9:40 PM ET
2026-08-25,Pittsburgh Pirates,San Diego Padres,Final,Pittsburgh Pirates,San Diego Padres,0.3401,0.6599,401816679,1,0,65-69,71-62,0.506,0.562,0.517,0.527,0.17,0.25,4.73,4.46,4.56,4.2,4.15,0.5,Paul Skenes,Michael King,4719507,40429,2.0,regular-season,2026-08-26T01:40Z,9:40 PM ET
2026-08-25,Cincinnati Reds,San Francisco Giants,Final,San Francisco Giants,Cincinnati Reds,0.547,0.453,401816675,1,3,62-71,54-78,0.463,0.401,0.403,0.442,-0.99,-0.56,4.11,4.13,5.1,4.69,4.83,4.33,Brady Singer,Adrian Houser,41172,32157,2.0,regular-season,2026-08-26T01:45Z,9:45 PM ET
2026-08-26,Tampa Bay Rays,Detroit Tigers,Final,Tampa Bay Rays,Tampa Bay Rays,0.6447,0.3553,401816686,3,0,79-54,62-71,0.605,0.469,0.557,0.547,0.53,0.44,4.54,4.46,4.01,4.02,3.7,3.67,Freddy Peralta,Troy Melton,39825,5294127,2.0,regular-season,2026-08-26T17:10Z,1:10 PM ET
2026-08-26,Chicago Cubs,Arizona Diamondbacks,Final,Arizona Diamondbacks,Arizona Diamondbacks,0.4329,0.5671,401816689,0,2,76-58,71-63,0.549,0.531,0.586,0.506,0.91,0.06,5.25,4.56,4.34,4.51,6.19,4.18,Matthew Boyd,Eduardo Rodriguez,34401,32675,2.0,regular-season,2026-08-26T19:40Z,3:40 PM ET
2026-08-26,Cincinnati Reds,San Francisco Giants,Final,Cincinnati Reds,Cincinnati Reds,0.547,0.453,401816690,10,9,63-71,54-79,0.463,0.401,0.403,0.442,-0.99,-0.56,4.11,4.13,5.1,4.69,4.83,4.33,Nick Lodolo,Logan Webb,42433,41216,2.0,regular-season,2026-08-26T19:45Z,3:45 PM ET
2026-08-26,Cleveland Guardians,Los Angeles Angels,Final,Cleveland Guardians,Cleveland Guardians,0.6462,0.3538,401816691,4,3,68-66,52-82,0.525,0.383,0.507,0.437,0.07,-0.6,4.19,4.04,4.12,4.64,3.77,4.29,Joey Cantillo,Grayson Rodriguez,42488,41196,2.0,regular-season,2026-08-26T20:07Z,4:07 PM ET
2026-08-26,Philadelphia Phillies,Seattle Mariners,Final,Philadelphia Phillies,Philadelphia Phillies,0.5485,0.4515,401816693,6,0,74-60,64-70,0.543,0.469,0.51,0.462,0.09,-0.36,4.4,4.1,4.31,4.46,4.0,4.2,Jesus Luzardo,Bryan Woo,39667,4629089,2.0,regular-season,2026-08-26T20:10Z,4:10 PM ET
2026-08-26,Pittsburgh Pirates,San Diego Padres,Final,San Diego Padres,San Diego Padres,0.3401,0.6599,401816694,0,3,65-70,72-62,0.506,0.562,0.517,0.527,0.17,0.25,4.73,4.46,4.56,4.2,4.15,0.5,Bubba Chandler,Randy Vasquez,4683325,4722847,2.0,regular-season,2026-08-26T20:10Z,4:10 PM ET
2026-08-26,Boston Red Sox,Miami Marlins,Final,Miami Marlins,Miami Marlins,0.449,0.551,401816680,0,4,73-60,68-66,0.537,0.494,0.555,0.502,0.48,0.02,4.25,4.41,3.77,4.4,10.12,4.09,Sonny Gray,Ryan Gusto,32082,5131986,2.0,regular-season,2026-08-26T22:40Z,6:40 PM ET
2026-08-26,Colorado Rockies,Washington Nationals,Final,Colorado Rockies,Washington Nationals,0.3115,0.6885,401816681,13,1,52-81,62-73,0.358,0.475,0.397,0.503,-1.19,0.04,4.64,5.07,5.83,5.03,5.59,4.67,Tanner Gordon,Matt Waldron,4415658,4020158,2.0,regular-season,2026-08-26T22:45Z,6:45 PM ET
2026-08-26,Houston Astros,New York Yankees,Final,New York Yankees,New York Yankees,0.3299,0.6701,401816682,3,9,66-67,75-57,0.5,0.578,0.48,0.593,-0.2,0.86,4.53,4.59,4.73,3.73,5.5,1.0,Peter Lambert,Elmer Rodriguez,39898,5194637,2.0,regular-season,2026-08-26T23:05Z,7:05 PM ET
2026-08-26,Kansas City Royals,Toronto Blue Jays,Final,Toronto Blue Jays,Toronto Blue Jays,0.3611,0.6389,401816683,0,3,59-75,65-69,0.426,0.488,0.427,0.469,-0.74,-0.28,4.26,4.0,5.0,4.28,4.77,3.89,Randy Dobnak,Spencer Miles,42214,4833671,2.0,regular-season,2026-08-26T23:07Z,7:07 PM ET
2026-08-26,Milwaukee Brewers,New York Mets,Final,Milwaukee Brewers,Milwaukee Brewers,0.6659,0.3341,401816685,8,1,82-51,60-73,0.636,0.457,0.633,0.48,1.32,-0.2,5.14,4.31,3.81,4.51,3.51,4.15,Dustin May,Robert Stock,40937,30577,2.0,regular-season,2026-08-26T23:10Z,7:10 PM ET
2026-08-26,Los Angeles Dodgers,Atlanta Braves,Final,Atlanta Braves,Atlanta Braves,0.4902,0.5098,401816684,5,6,80-53,78-55,0.617,0.58,0.629,0.577,1.24,0.72,4.94,4.58,3.7,3.86,3.55,3.32,Roki Sasaki,AJ Smith-Shawver,5134638,4917640,2.0,regular-season,2026-08-26T23:15Z,7:15 PM ET
2026-08-26,Texas Rangers,Chicago White Sox,Final,Chicago White Sox,Chicago White Sox,0.4337,0.5663,401816688,4,10,66-68,70-63,0.494,0.519,0.47,0.534,-0.28,0.35,4.15,4.79,4.44,4.44,4.32,2.5,MacKenzie Gore,Sean Burke,39636,4867679,2.0,regular-season,2026-08-26T23:40Z,7:40 PM ET
2026-08-26,Baltimore Orioles,St. Louis Cardinals,Final,Baltimore Orioles,St. Louis Cardinals,0.4822,0.5178,401816687,8,7,65-68,66-68,0.491,0.475,0.487,0.482,-0.13,-0.18,4.46,4.44,4.59,4.62,4.08,4.27,Kyle Bradish,Michael McGreevy,4311625,4424141,2.0,regular-season,2026-08-26T23:45Z,7:45 PM ET
2026-08-26,Minnesota Twins,Athletics,Final,Athletics,Minnesota Twins,0.5681,0.4319,401816692,4,7,64-70,53-81,0.475,0.395,0.465,0.369,-0.36,-1.47,4.56,4.31,4.92,5.78,4.56,5.51,Connor Prielipp,J.T. Ginn,4620001,4414002,2.0,regular-season,2026-08-27T01:05Z,9:05 PM ET
2026-08-27,Colorado Rockies,Washington Nationals,Final,Washington Nationals,Washington Nationals,0.3115,0.6885,401816695,1,7,52-82,63-73,0.358,0.475,0.397,0.503,-1.19,0.04,4.64,5.07,5.83,5.03,5.59,4.67,Gabriel Hughes,Jake Irvin,4634930,41290,2.0,regular-season,2026-08-27T17:05Z,1:05 PM ET
2026-08-27,Baltimore Orioles,St. Louis Cardinals,Final,St. Louis Cardinals,St. Louis Cardinals,0.4822,0.5178,401816700,5,7,65-69,67-68,0.491,0.475,0.487,0.482,-0.13,-0.18,4.46,4.44,4.59,4.62,4.08,4.27,Trevor Rogers,Gordon Graceffo,39640,5123582,2.0,regular-season,2026-08-27T18:15Z,2:15 PM ET
2026-08-27,Houston Astros,New York Yankees,Final,Houston Astros,New York Yankees,0.3299,0.6701,401816696,5,1,67-67,75-58,0.5,0.578,0.48,0.593,-0.2,0.86,4.53,4.59,4.73,3.73,5.5,1.0,Hayden Wesneski,Gerrit Cole,42996,32081,2.0,regular-season,2026-08-27T23:05Z,7:05 PM ET
2026-08-27,Kansas City Royals,Toronto Blue Jays,Final,Kansas City Royals,Toronto Blue Jays,0.3611,0.6389,401816697,13,2,60-75,65-70,0.426,0.488,0.427,0.469,-0.74,-0.28,4.26,4.0,5.0,4.28,4.77,3.89,Noah Cameron,Spencer Arrighetti,4417208,4726080,2.0,regular-season,2026-08-27T23:07Z,7:07 PM ET
2026-08-27,Milwaukee Brewers,New York Mets,Final,Milwaukee Brewers,Milwaukee Brewers,0.6659,0.3341,401816699,8,2,83-51,60-74,0.636,0.457,0.633,0.48,1.32,-0.2,5.14,4.31,3.81,4.51,3.51,4.15,Jacob Misiorowski,Sean Manaea,5080761,33244,2.0,regular-season,2026-08-27T23:10Z,7:10 PM ET
2026-08-27,Los Angeles Dodgers,Atlanta Braves,Final,Atlanta Braves,Atlanta Braves,0.4902,0.5098,401816698,0,1,80-54,79-55,0.617,0.58,0.629,0.577,1.24,0.72,4.94,4.58,3.7,3.86,3.55,3.32,Yoshinobu Yamamoto,Chris Sale,4872587,30948,2.0,regular-season,2026-08-27T23:15Z,7:15 PM ET
2026-08-27,Arizona Diamondbacks,San Francisco Giants,Final,San Francisco Giants,Arizona Diamondbacks,0.6202,0.3798,401816701,1,6,71-64,55-79,0.531,0.401,0.506,0.442,0.06,-0.56,4.56,4.13,4.51,4.69,4.18,4.33,Jose Cabrera,Landen Roupp,5270084,4345404,2.0,regular-season,2026-08-28T01:45Z,9:45 PM ET
2026-08-28,Cincinnati Reds,Chicago Cubs,Final,Cincinnati Reds,Chicago Cubs,0.4102,0.5898,401816711,10,8,64-71,76-59,0.463,0.549,0.403,0.586,-0.99,0.91,4.11,5.25,5.1,4.34,4.83,6.19,Rhett Lowder,David Peterson,4758873,40921,2.0,regular-season,2026-08-28T18:20Z,2:20 PM ET
2026-08-28,Los Angeles Dodgers,Detroit Tigers,Final,Los Angeles Dodgers,Los Angeles Dodgers,0.6399,0.3601,401816706,2,1,81-54,62-72,0.617,0.469,0.629,0.547,1.24,0.44,4.94,4.46,3.7,4.02,3.55,3.67,Tarik Skubal,Drew Anderson,42409,41125,2.0,regular-season,2026-08-28T22:40Z,6:40 PM ET
2026-08-28,Miami Marlins,Washington Nationals,Final,Washington Nationals,Miami Marlins,0.5111,0.4889,401816707,2,9,68-67,64-73,0.494,0.475,0.502,0.503,0.02,0.04,4.41,5.07,4.4,5.03,4.09,4.67,Eury Perez,Jackson Kent,4917854,5007807,2.0,regular-season,2026-08-28T22:45Z,6:45 PM ET
2026-08-28,Houston Astros,New York Mets,Final,Houston Astros,New York Mets,0.4996,0.5004,401816704,3,1,68-67,60-75,0.5,0.457,0.48,0.48,-0.2,-0.2,4.53,4.31,4.73,4.51,5.5,4.15,Hunter Brown,Christian Scott,4717803,4414215,2.0,regular-season,2026-08-28T23:10Z,7:10 PM ET
2026-08-28,Kansas City Royals,Cleveland Guardians,Final,Kansas City Royals,Cleveland Guardians,0.3242,0.6758,401816705,3,0,61-75,68-67,0.426,0.525,0.427,0.507,-0.74,0.07,4.26,4.19,5.0,4.12,4.77,3.77,Michael Wacha,Tanner Bibee,32640,4345278,2.0,regular-season,2026-08-28T23:10Z,7:10 PM ET
2026-08-28,San Diego Padres,Tampa Bay Rays,Final,Tampa Bay Rays,Tampa Bay Rays,0.4394,0.5606,401816708,4,9,72-63,80-54,0.562,0.605,0.527,0.557,0.25,0.53,4.46,4.54,4.2,4.01,0.5,3.7,Casey Mize,Shane McClanahan,41167,41199,2.0,regular-season,2026-08-28T23:10Z,7:10 PM ET
2026-08-28,Boston Red Sox,New York Yankees,Final,New York Yankees,New York Yankees,0.3269,0.6731,401816702,0,1,73-61,76-58,0.537,0.578,0.555,0.593,0.48,0.86,4.25,4.59,3.77,3.73,10.12,1.0,Patrick Sandoval,Cam Schlittler,40975,5134581,2.0,regular-season,2026-08-28T23:15Z,7:15 PM ET
2026-08-28,Colorado Rockies,Atlanta Braves,Final,Atlanta Braves,Atlanta Braves,0.19,0.81,401816703,4,6,52-83,80-55,0.358,0.58,0.397,0.577,-1.19,0.72,4.64,4.58,5.83,3.86,5.59,3.32,Tomoyuki Sugano,Grant Holmes,4142423,33840,2.0,regular-season,2026-08-28T23:15Z,7:15 PM ET
2026-08-28,Seattle Mariners,Toronto Blue Jays,Final,Toronto Blue Jays,Toronto Blue Jays,0.4263,0.5737,401816709,1,8,64-71,66-70,0.469,0.488,0.462,0.469,-0.36,-0.28,4.1,4.0,4.46,4.28,4.2,3.89,Emerson Hancock,Dylan Cease,4297897,34943,2.0,regular-season,2026-08-28T23:15Z,7:15 PM ET
2026-08-28,Texas Rangers,Milwaukee Brewers,Final,Milwaukee Brewers,Milwaukee Brewers,0.313,0.687,401816713,1,6,66-69,84-51,0.494,0.636,0.47,0.633,-0.28,1.32,4.15,5.14,4.44,3.81,4.32,3.51,Cody Bradford,Logan Henderson,4142539,4917878,2.0,regular-season,2026-08-28T23:40Z,7:40 PM ET
2026-08-28,Chicago White Sox,Minnesota Twins,Final,Chicago White Sox,Chicago White Sox,0.5266,0.4734,401816710,7,4,71-63,64-71,0.519,0.475,0.534,0.465,0.35,-0.36,4.79,4.56,4.44,4.92,2.5,4.56,Luis Castillo,Dean Kremer,35124,38295,2.0,regular-season,2026-08-29T00:10Z,8:10 PM ET
2026-08-28,Pittsburgh Pirates,St. Louis Cardinals,Final,St. Louis Cardinals,St. Louis Cardinals,0.4901,0.5099,401816712,1,4,65-71,68-68,0.506,0.475,0.517,0.482,0.17,-0.18,4.73,4.44,4.56,4.62,4.15,4.27,Jared Jones,Quinn Mathews,4918156,4837405,2.0,regular-season,2026-08-29T00:15Z,8:15 PM ET
2026-08-28,Philadelphia Phillies,Los Angeles Angels,Final,Philadelphia Phillies,Philadelphia Phillies,0.6608,0.3392,401816716,5,3,75-60,52-83,0.543,0.383,0.51,0.437,0.09,-0.6,4.4,4.04,4.31,4.64,4.0,4.29,Andrew Painter,Reid Detmers,4872683,4326697,2.0,regular-season,2026-08-29T01:38Z,9:38 PM ET
2026-08-28,Baltimore Orioles,Athletics,Final,Baltimore Orioles,Baltimore Orioles,0.5953,0.4047,401816715,4,3,66-69,53-82,0.491,0.395,0.487,0.369,-0.13,-1.47,4.46,4.31,4.59,5.78,4.08,5.51,Brandon Young,Jacob Lopez,4414339,42239,2.0,regular-season,2026-08-29T01:40Z,9:40 PM ET
2026-08-28,Arizona Diamondbacks,San Francisco Giants,Final,Arizona Diamondbacks,Arizona Diamondbacks,0.6202,0.3798,401816714,10,6,72-64,55-80,0.531,0.401,0.506,0.442,0.06,-0.56,4.56,4.13,4.51,4.69,4.18,4.33,Kohl Drake,Blade Tidwell,5264737,4719088,2.0,regular-season,2026-08-29T02:15Z,10:15 PM ET
2026-08-29,Boston Red Sox,New York Yankees,Final,Boston Red Sox,New York Yankees,0.3269,0.6731,401874913,6,0,74-61,76-59,0.537,0.578,0.555,0.593,0.48,0.86,4.25,4.59,3.77,3.73,10.12,1.0,Jake Bennett,Carlos Rodon,4654024,33696,2.0,regular-season,2026-08-29T17:05Z,1:05 PM ET
2026-08-29,Los Angeles Dodgers,Detroit Tigers,Final,Detroit Tigers,Los Angeles Dodgers,0.6399,0.3601,401816721,1,2,81-55,63-72,0.617,0.469,0.629,0.547,1.24,0.44,4.94,4.46,3.7,4.02,3.55,3.67,Blake Snell,Keider Montero,33748,5182933,2.0,regular-season,2026-08-29T17:10Z,1:10 PM ET
2026-08-29,Chicago White Sox,Minnesota Twins,Final,Chicago White Sox,Chicago White Sox,0.5266,0.4734,401816725,3,2,72-63,64-72,0.519,0.475,0.534,0.465,0.35,-0.36,4.79,4.56,4.44,4.92,2.5,4.56,Erick Fedde,Bailey Ober,33793,3107919,2.0,regular-season,2026-08-29T18:10Z,2:10 PM ET
2026-08-29,Pittsburgh Pirates,St. Louis Cardinals,Final,Pittsburgh Pirates,St. Louis Cardinals,0.4901,0.5099,401816727,6,2,66-71,68-69,0.506,0.475,0.517,0.482,0.17,-0.18,4.73,4.44,4.56,4.62,4.15,4.27,Lake Bachar,Kyle Leahy,42592,5006093,2.0,regular-season,2026-08-29T18:15Z,2:15 PM ET
2026-08-29,Cincinnati Reds,Chicago Cubs,Final,Chicago Cubs,Chicago Cubs,0.4102,0.5898,401816726,5,17,64-72,77-59,0.463,0.549,0.403,0.586,-0.99,0.91,4.11,5.25,5.1,4.34,4.83,6.19,Andrew Abbott,Kevin Gausman,4414528,32667,2.0,regular-season,2026-08-29T18:20Z,2:20 PM ET
2026-08-29,Seattle Mariners,Toronto Blue Jays,Final,Toronto Blue Jays,Toronto Blue Jays,0.4263,0.5737,401816724,3,4,64-72,67-70,0.469,0.488,0.462,0.469,-0.36,-0.28,4.1,4.0,4.46,4.28,4.2,3.89,Kade Anderson,Jose Soriano,5198748,40973,2.0,regular-season,2026-08-29T19:07Z,3:07 PM ET
2026-08-29,Miami Marlins,Washington Nationals,Final,Washington Nationals,Miami Marlins,0.5111,0.4889,401816722,4,5,68-68,65-73,0.494,0.475,0.502,0.503,0.02,0.04,4.41,5.07,4.4,5.03,4.09,4.67,Sandy Alcantara,Cade Cavalli,35241,4308037,2.0,regular-season,2026-08-29T20:05Z,4:05 PM ET
2026-08-29,Arizona Diamondbacks,San Francisco Giants,Final,Arizona Diamondbacks,Arizona Diamondbacks,0.6202,0.3798,401816744,7,1,73-64,55-81,0.531,0.401,0.506,0.442,0.06,-0.56,4.56,4.13,4.51,4.69,4.18,4.33,Merrill Kelly,Matt Wilkinson,32968,5339226,2.0,regular-season,2026-08-29T20:05Z,4:05 PM ET
2026-08-29,Colorado Rockies,Atlanta Braves,Final,Atlanta Braves,Atlanta Braves,0.19,0.81,401816718,1,2,52-84,81-55,0.358,0.58,0.397,0.577,-1.19,0.72,4.64,4.58,5.83,3.86,5.59,3.32,Zach Agnos,Martin Perez,5207459,31098,2.0,regular-season,2026-08-29T20:10Z,4:10 PM ET
2026-08-29,Houston Astros,New York Mets,Final,New York Mets,New York Mets,0.4996,0.5004,401816719,2,6,68-68,61-75,0.5,0.457,0.48,0.48,-0.2,-0.2,4.53,4.31,4.73,4.51,5.5,4.15,Bennett Sousa,Nolan McLean,41776,4433874,2.0,regular-season,2026-08-29T20:10Z,4:10 PM ET
2026-08-29,Kansas City Royals,Cleveland Guardians,Final,Kansas City Royals,Cleveland Guardians,0.3242,0.6758,401816720,8,3,62-75,68-68,0.426,0.525,0.427,0.507,-0.74,0.07,4.26,4.19,5.0,4.12,4.77,3.77,Daniel Lynch IV,Foster Griffin,41227,33773,2.0,regular-season,2026-08-29T20:10Z,4:10 PM ET
2026-08-29,San Diego Padres,Tampa Bay Rays,Final,Tampa Bay Rays,Tampa Bay Rays,0.4394,0.5606,401816723,6,7,72-64,81-54,0.562,0.605,0.527,0.557,0.25,0.53,4.46,4.54,4.2,4.01,0.5,3.7,Walker Buehler,Nick Martinez,39251,33372,2.0,regular-season,2026-08-29T20:10Z,4:10 PM ET
2026-08-29,Texas Rangers,Milwaukee Brewers,Final,Milwaukee Brewers,Milwaukee Brewers,0.313,0.687,401816728,3,5,66-70,85-51,0.494,0.636,0.47,0.633,-0.28,1.32,4.15,5.14,4.44,3.81,4.32,3.51,Cal Quantrill,Shane Drohan,39875,4315203,2.0,regular-season,2026-08-29T23:15Z,7:15 PM ET
2026-08-29,Baltimore Orioles,Athletics,Final,Baltimore Orioles,Baltimore Orioles,0.5953,0.4047,401816730,5,3,67-69,53-83,0.491,0.395,0.487,0.369,-0.13,-1.47,4.46,4.31,4.59,5.78,4.08,5.51,Shane Baz,Jack Perkins,39639,4418686,2.0,regular-season,2026-08-30T02:05Z,10:05 PM ET
2026-08-29,Philadelphia Phillies,Los Angeles Angels,Final,Philadelphia Phillies,Philadelphia Phillies,0.6608,0.3392,401816731,4,2,76-60,52-84,0.543,0.383,0.51,0.437,0.09,-0.6,4.4,4.04,4.31,4.64,4.0,4.29,Cristopher Sanchez,Ryan Johnson,42359,5007859,2.0,regular-season,2026-08-30T02:07Z,10:07 PM ET
2026-08-30,Miami Marlins,Washington Nationals,Final,Miami Marlins,Miami Marlins,0.5111,0.4889,401816737,6,2,69-68,65-74,0.494,0.475,0.502,0.503,0.02,0.04,4.41,5.07,4.4,5.03,4.09,4.67,Janson Junk,Andrew Alvarez,4881980,4300668,2.0,regular-season,2026-08-30T16:15Z,12:15 PM ET
2026-08-30,Boston Red Sox,New York Yankees,Final,New York Yankees,New York Yankees,0.3269,0.6731,401816732,1,16,74-63,78-59,0.537,0.578,0.555,0.593,0.48,0.86,4.25,4.59,3.77,3.73,10.12,1.0,Ranger Suarez,Will Warren,39817,5132011,2.0,regular-season,2026-08-30T17:35Z,1:35 PM ET
2026-08-30,Colorado Rockies,Atlanta Braves,Final,Atlanta Braves,Atlanta Braves,0.19,0.81,401816733,2,3,52-85,82-55,0.358,0.58,0.397,0.577,-1.19,0.72,4.64,4.58,5.83,3.86,5.59,3.32,Mason Adams,Tyler Mahle,4758424,34973,2.0,regular-season,2026-08-30T17:35Z,1:35 PM ET
2026-08-30,Seattle Mariners,Toronto Blue Jays,Final,Toronto Blue Jays,Toronto Blue Jays,0.4263,0.5737,401816739,0,7,64-73,68-70,0.469,0.488,0.462,0.469,-0.36,-0.28,4.1,4.0,4.46,4.28,4.2,3.89,Logan Gilbert,Max Scherzer,41221,28976,2.0,regular-season,2026-08-30T17:37Z,1:37 PM ET
2026-08-30,Kansas City Royals,Cleveland Guardians,Final,Cleveland Guardians,Cleveland Guardians,0.3242,0.6758,401816735,1,11,62-76,69-68,0.426,0.525,0.427,0.507,-0.74,0.07,4.26,4.19,5.0,4.12,4.77,3.77,Seth Lugo,Parker Messick,34873,4619898,2.0,regular-season,2026-08-30T17:40Z,1:40 PM ET
2026-08-30,Los Angeles Dodgers,Detroit Tigers,Final,Los Angeles Dodgers,Los Angeles Dodgers,0.6399,0.3601,401816736,6,1,82-55,63-73,0.617,0.469,0.629,0.547,1.24,0.44,4.94,4.46,3.7,4.02,3.55,3.67,Tyler Glasnow,Framber Valdez,33190,36581,2.0,regular-season,2026-08-30T17:40Z,1:40 PM ET
2026-08-30,San Diego Padres,Tampa Bay Rays,Final,Tampa Bay Rays,Tampa Bay Rays,0.4394,0.5606,401816738,4,5,72-65,82-54,0.562,0.605,0.527,0.557,0.25,0.53,4.46,4.54,4.2,4.01,0.5,3.7,Robbie Ray,Drew Rasmussen,32175,42584,2.0,regular-season,2026-08-30T17:40Z,1:40 PM ET
2026-08-30,Chicago White Sox,Minnesota Twins,Final,Minnesota Twins,Chicago White Sox,0.5266,0.4734,401816740,1,5,72-64,65-72,0.519,0.475,0.534,0.465,0.35,-0.36,4.79,4.56,4.44,4.92,2.5,4.56,Jordan Hicks,Zebby Matthews,37909,4791597,2.0,regular-season,2026-08-30T18:10Z,2:10 PM ET
2026-08-30,Texas Rangers,Milwaukee Brewers,Final,Texas Rangers,Milwaukee Brewers,0.313,0.687,401816743,7,4,67-70,85-52,0.494,0.636,0.47,0.633,-0.28,1.32,4.15,5.14,4.44,3.81,4.32,3.51,Kumar Rocker,Dustin May,4414525,40937,2.0,regular-season,2026-08-30T18:10Z,2:10 PM ET
2026-08-30,Pittsburgh Pirates,St. Louis Cardinals,Final,Pittsburgh Pirates,St. Louis Cardinals,0.4901,0.5099,401816742,5,4,67-71,68-70,0.506,0.475,0.517,0.482,0.17,-0.18,4.73,4.44,4.56,4.62,4.15,4.27,Braxton Ashcraft,Matthew Liberatore,41282,41173,2.0,regular-season,2026-08-30T18:15Z,2:15 PM ET
2026-08-30,Houston Astros,New York Mets,Final,Houston Astros,New York Mets,0.4996,0.5004,401816734,6,3,69-68,61-76,0.5,0.457,0.48,0.48,-0.2,-0.2,4.53,4.31,4.73,4.51,5.5,4.15,Ethan Pecko,Zac Thornton,4944276,5129576,2.0,regular-season,2026-08-30T19:10Z,3:10 PM ET
2026-08-30,Baltimore Orioles,Athletics,Final,Baltimore Orioles,Baltimore Orioles,0.5953,0.4047,401816745,8,5,68-69,53-84,0.491,0.395,0.487,0.369,-0.13,-1.47,4.46,4.31,4.59,5.78,4.08,5.51,Chris Bassitt,Jeffrey Springs,33148,35397,2.0,regular-season,2026-08-30T20:05Z,4:05 PM ET
2026-08-30,Philadelphia Phillies,Los Angeles Angels,Final,Philadelphia Phillies,Philadelphia Phillies,0.6608,0.3392,401816746,5,2,77-60,52-85,0.543,0.383,0.51,0.437,0.09,-0.6,4.4,4.04,4.31,4.64,4.0,4.29,Zack Wheeler,Yusei Kikuchi,31267,41415,2.0,regular-season,2026-08-30T20:07Z,4:07 PM ET
2026-08-30,Cincinnati Reds,Chicago Cubs,Final,Cincinnati Reds,Chicago Cubs,0.4102,0.5898,401816741,7,5,65-72,77-60,0.463,0.549,0.403,0.586,-0.99,0.91,4.11,5.25,5.1,4.34,4.83,6.19,Chase Burns,Shota Imanaga,4927516,5134630,2.0,regular-season,2026-08-30T23:20Z,7:20 PM ET
2026-08-31,San Francisco Giants,Atlanta Braves,Final,San Francisco Giants,Atlanta Braves,0.2535,0.7465,401878657,7,3,57-81,82-56,0.401,0.58,0.442,0.577,-0.56,0.72,4.13,4.58,4.69,3.86,4.33,3.32,Anthony Molina,Bryce Elder,5016983,4301067,2.0,regular-season,2026-08-31T22:05Z,6:05 PM ET
2026-08-31,New York Mets,Tampa Bay Rays,Final,New York Mets,Tampa Bay Rays,0.2792,0.7208,401816748,3,2,62-76,82-55,0.457,0.605,0.48,0.557,-0.2,0.53,4.31,4.54,4.51,4.01,4.15,3.7,Robert Stock,Ian Seymour,30577,4669425,2.0,regular-season,2026-08-31T22:40Z,6:40 PM ET
2026-08-31,San Diego Padres,Cincinnati Reds,Final,San Diego Padres,San Diego Padres,0.614,0.386,401816749,5,0,73-65,65-73,0.562,0.463,0.527,0.403,0.25,-0.99,4.46,4.11,4.2,5.1,0.5,4.83,Michael King,Brady Singer,40429,41172,2.0,regular-season,2026-08-31T22:40Z,6:40 PM ET
2026-08-31,Miami Marlins,Washington Nationals,Final,Washington Nationals,Miami Marlins,0.5111,0.4889,401816747,3,6,69-69,66-74,0.494,0.475,0.502,0.503,0.02,0.04,4.41,5.07,4.4,5.03,4.09,4.67,Ryan Gusto,Will Dion,5131986,4420174,2.0,regular-season,2026-08-31T22:45Z,6:45 PM ET
2026-08-31,Seattle Mariners,Boston Red Sox,Final,Boston Red Sox,Boston Red Sox,0.4482,0.5518,401816750,8,9,64-74,75-63,0.469,0.537,0.462,0.555,-0.36,0.48,4.1,4.25,4.46,3.77,4.2,10.12,George Kirby,Payton Tolle,42406,4966140,2.0,regular-season,2026-08-31T22:45Z,6:45 PM ET
2026-08-31,Detroit Tigers,Minnesota Twins,Final,Minnesota Twins,Minnesota Twins,0.4482,0.5518,401816753,1,11,63-74,66-72,0.469,0.475,0.547,0.465,0.44,-0.36,4.46,4.56,4.02,4.92,3.67,4.56,Jackson Jobe,Taj Bradley,4872647,42480,2.0,regular-season,2026-08-31T23:40Z,7:40 PM ET
2026-08-31,Milwaukee Brewers,Chicago Cubs,Final,Chicago Cubs,Milwaukee Brewers,0.6028,0.3972,401816754,3,17,85-53,78-60,0.636,0.549,0.633,0.586,1.32,0.91,5.14,5.25,3.81,4.34,3.51,6.19,Kyle Harrison,Clay Holmes,4683375,32827,2.0,regular-season,2026-08-31T23:40Z,7:40 PM ET
2026-08-31,Athletics,Texas Rangers,Final,Texas Rangers,Texas Rangers,0.3152,0.6848,401816751,1,8,53-85,68-70,0.395,0.494,0.369,0.47,-1.47,-0.28,4.31,4.15,5.78,4.44,5.51,4.32,Gage Jump,Jacob deGrom,5023852,32796,2.0,regular-season,2026-09-01T00:05Z,8:05 PM ET
2026-08-31,Chicago White Sox,Houston Astros,Final,Houston Astros,Chicago White Sox,0.5017,0.4983,401816752,3,6,72-65,70-68,0.519,0.5,0.534,0.48,0.35,-0.2,4.79,4.53,4.44,4.73,2.5,5.5,Anthony Kay,Peter Lambert,40947,39898,2.0,regular-season,2026-09-01T00:10Z,8:10 PM ET
2026-08-31,Baltimore Orioles,Colorado Rockies,Final,Baltimore Orioles,Baltimore Orioles,0.659,0.341,401816755,2,1,69-69,52-86,0.491,0.358,0.487,0.397,-0.13,-1.19,4.46,4.64,4.59,5.83,4.08,5.59,Cade Povich,Tanner Gordon,5085743,4415658,2.0,regular-season,2026-09-01T00:40Z,8:40 PM ET
2026-08-31,New York Yankees,Los Angeles Angels,Final,Los Angeles Angels,New York Yankees,0.7121,0.2879,401816756,1,10,78-60,53-85,0.578,0.383,0.593,0.437,0.86,-0.6,4.59,4.04,3.73,4.64,1.0,4.29,Elmer Rodriguez,Walbert Urena,5194637,5197476,2.0,regular-season,2026-09-01T01:38Z,9:38 PM ET
2026-08-31,Philadelphia Phillies,Arizona Diamondbacks,Final,Philadelphia Phillies,Arizona Diamondbacks,0.4813,0.5187,401816757,2,1,78-60,73-66,0.543,0.531,0.51,0.506,0.09,0.06,4.4,4.56,4.31,4.51,4.0,4.18,Aaron Nola,Brandon Pfaadt,33709,4721302,2.0,regular-season,2026-09-01T01:40Z,9:40 PM ET
2026-09-01,New York Mets,Tampa Bay Rays,Final,Tampa Bay Rays,Tampa Bay Rays,0.2792,0.7208,401816759,2,6,62-77,83-55,0.457,0.605,0.48,0.557,-0.2,0.53,4.31,4.54,4.51,4.01,4.15,3.7,Sean Manaea,Freddy Peralta,33244,39825,2.0,regular-season,2026-09-01T22:40Z,6:40 PM ET
2026-09-01,San Diego Padres,Cincinnati Reds,Final,Cincinnati Reds,San Diego Padres,0.614,0.386,401816760,3,4,73-66,66-73,0.562,0.463,0.527,0.403,0.25,-0.99,4.46,4.11,4.2,5.1,0.5,4.83,Randy Vasquez,Nick Lodolo,4722847,42433,2.0,regular-season,2026-09-01T22:40Z,6:40 PM ET
2026-09-01,San Francisco Giants,Pittsburgh Pirates,Final,Pittsburgh Pirates,Pittsburgh Pirates,0.3425,0.6575,401816762,12,13,57-82,68-71,0.401,0.506,0.442,0.517,-0.56,0.17,4.13,4.73,4.69,4.56,4.33,4.15,Logan Webb,Paul Skenes,41216,4719507,2.0,regular-season,2026-09-01T22:40Z,6:40 PM ET
2026-09-01,Toronto Blue Jays,Cleveland Guardians,Final,Cleveland Guardians,Cleveland Guardians,0.4184,0.5816,401816763,1,6,68-71,70-68,0.488,0.525,0.469,0.507,-0.28,0.07,4.0,4.19,4.28,4.12,3.89,3.77,Spencer Miles,Gavin Williams,4833671,4345076,2.0,regular-season,2026-09-01T22:40Z,6:40 PM ET
2026-09-01,Atlanta Braves,Washington Nationals,Final,Washington Nationals,Atlanta Braves,0.6204,0.3796,401816758,5,9,82-57,67-74,0.58,0.475,0.577,0.503,0.72,0.04,4.58,5.07,3.86,5.03,3.32,4.67,AJ Smith-Shawver,Jake Irvin,4917640,41290,2.0,regular-season,2026-09-01T22:45Z,6:45 PM ET
2026-09-01,Seattle Mariners,Boston Red Sox,Final,Seattle Mariners,Boston Red Sox,0.4482,0.5518,401816761,9,6,65-74,75-64,0.469,0.537,0.462,0.555,-0.36,0.48,4.1,4.25,4.46,3.77,4.2,10.12,Bryan Woo,Jedixson Paez,4629089,5332994,2.0,regular-season,2026-09-01T22:45Z,6:45 PM ET
2026-09-01,Detroit Tigers,Minnesota Twins,Final,Minnesota Twins,Minnesota Twins,0.4482,0.5518,401816766,2,15,63-75,67-72,0.469,0.475,0.547,0.465,0.44,-0.36,4.46,4.56,4.02,4.92,3.67,4.56,Troy Melton,Andrew Morris,5294127,5007765,2.0,regular-season,2026-09-01T23:40Z,7:40 PM ET
2026-09-01,Miami Marlins,Kansas City Royals,Final,Miami Marlins,Miami Marlins,0.5472,0.4528,401816767,6,3,70-69,62-77,0.494,0.426,0.502,0.427,0.02,-0.74,4.41,4.26,4.4,5.0,4.09,4.77,Tyler Phillips,Randy Dobnak,41247,42214,2.0,regular-season,2026-09-01T23:40Z,7:40 PM ET
2026-09-01,Milwaukee Brewers,Chicago Cubs,Final,Milwaukee Brewers,Milwaukee Brewers,0.6028,0.3972,401816768,9,4,86-53,78-61,0.636,0.549,0.633,0.586,1.32,0.91,5.14,5.25,3.81,4.34,3.51,6.19,Robert Gasser,Matthew Boyd,4918251,34401,2.0,regular-season,2026-09-01T23:40Z,7:40 PM ET
2026-09-01,Athletics,Texas Rangers,Final,Texas Rangers,Texas Rangers,0.3152,0.6848,401816764,5,8,53-86,69-70,0.395,0.494,0.369,0.47,-1.47,-0.28,4.31,4.15,5.78,4.44,5.51,4.32,Brady Basso,MacKenzie Gore,4179551,39636,2.0,regular-season,2026-09-02T00:05Z,8:05 PM ET
2026-09-01,Chicago White Sox,Houston Astros,Final,Chicago White Sox,Chicago White Sox,0.5017,0.4983,401816765,5,1,73-65,70-69,0.519,0.5,0.534,0.48,0.35,-0.2,4.79,4.53,4.44,4.73,2.5,5.5,Sean Burke,Ronel Blanco,4867679,41829,2.0,regular-season,2026-09-02T00:10Z,8:10 PM ET
2026-09-01,Baltimore Orioles,Colorado Rockies,Final,Colorado Rockies,Baltimore Orioles,0.659,0.341,401816769,2,4,69-70,53-86,0.491,0.358,0.487,0.397,-0.13,-1.19,4.46,4.64,4.59,5.83,4.08,5.59,Kyle Bradish,Gabriel Hughes,4311625,4634930,2.0,regular-season,2026-09-02T00:40Z,8:40 PM ET
2026-09-01,New York Yankees,Los Angeles Angels,Final,New York Yankees,New York Yankees,0.7121,0.2879,401816770,7,3,79-60,53-86,0.578,0.383,0.593,0.437,0.86,-0.6,4.59,4.04,3.73,4.64,1.0,4.29,Gerrit Cole,Grayson Rodriguez,32081,41196,2.0,regular-season,2026-09-02T01:38Z,9:38 PM ET
2026-09-01,Philadelphia Phillies,Arizona Diamondbacks,Final,Philadelphia Phillies,Arizona Diamondbacks,0.4813,0.5187,401816771,7,1,79-60,73-67,0.543,0.531,0.51,0.506,0.09,0.06,4.4,4.56,4.31,4.51,4.0,4.18,Jesus Luzardo,Eduardo Rodriguez,39667,32675,2.0,regular-season,2026-09-02T01:40Z,9:40 PM ET
2026-09-01,St. Louis Cardinals,Los Angeles Dodgers,Final,St. Louis Cardinals,Los Angeles Dodgers,0.3003,0.6997,401816772,13,8,69-70,82-56,0.475,0.617,0.482,0.629,-0.18,1.24,4.44,4.94,4.62,3.7,4.27,3.55,Michael McGreevy,Eric Lauer,4424141,39915,2.0,regular-season,2026-09-02T02:10Z,10:10 PM ET
2026-09-02,San Diego Padres,Cincinnati Reds,Final,Cincinnati Reds,San Diego Padres,0.614,0.386,401816775,3,7,73-67,67-73,0.562,0.463,0.527,0.403,0.25,-0.99,4.46,4.11,4.2,5.1,0.5,4.83,Casey Mize,Brandon Williamson,41167,42431,2.0,regular-season,2026-09-02T16:40Z,12:40 PM ET
2026-09-02,Atlanta Braves,Washington Nationals,Final,Atlanta Braves,Atlanta Braves,0.6204,0.3796,401816773,9,0,83-57,67-75,0.58,0.475,0.577,0.503,0.72,0.04,4.58,5.07,3.86,5.03,3.32,4.67,Grant Holmes,Brad Lord,33840,4866810,2.0,regular-season,2026-09-02T17:05Z,1:05 PM ET
2026-09-02,Athletics,Texas Rangers,Final,Athletics,Texas Rangers,0.3152,0.6848,401816779,9,2,54-86,69-71,0.395,0.494,0.369,0.47,-1.47,-0.28,4.31,4.15,5.78,4.44,5.51,4.32,Jacob Lopez,Cody Bradford,42239,4142539,2.0,regular-season,2026-09-02T18:35Z,2:35 PM ET
2026-09-02,Baltimore Orioles,Colorado Rockies,Final,Colorado Rockies,Baltimore Orioles,0.659,0.341,401816784,5,6,69-71,54-86,0.491,0.358,0.487,0.397,-0.13,-1.19,4.46,4.64,4.59,5.83,4.08,5.59,Trevor Rogers,Tomoyuki Sugano,39640,4142423,2.0,regular-season,2026-09-02T19:10Z,3:10 PM ET
2026-09-02,Philadelphia Phillies,Arizona Diamondbacks,Final,Arizona Diamondbacks,Arizona Diamondbacks,0.4813,0.5187,401816786,0,1,79-61,74-67,0.543,0.531,0.51,0.506,0.09,0.06,4.4,4.56,4.31,4.51,4.0,4.18,Andrew Painter,Taylor Clarke,4872683,35277,2.0,regular-season,2026-09-02T19:40Z,3:40 PM ET
2026-09-02,Seattle Mariners,Boston Red Sox,Final,Seattle Mariners,Boston Red Sox,0.4482,0.5518,401816776,8,3,66-74,75-65,0.469,0.537,0.462,0.555,-0.36,0.48,4.1,4.25,4.46,3.77,4.2,10.12,Bryce Miller,Patrick Sandoval,4654313,40975,2.0,regular-season,2026-09-02T20:10Z,4:10 PM ET
2026-09-02,New York Mets,Tampa Bay Rays,Final,New York Mets,Tampa Bay Rays,0.2792,0.7208,401816774,10,4,63-77,83-56,0.457,0.605,0.48,0.557,-0.2,0.53,4.31,4.54,4.51,4.01,4.15,3.7,Justin Hagenman,Griffin Jax,4991251,42604,2.0,regular-season,2026-09-02T22:40Z,6:40 PM ET
2026-09-02,San Francisco Giants,Pittsburgh Pirates,Final,San Francisco Giants,Pittsburgh Pirates,0.3425,0.6575,401816777,5,4,58-82,68-72,0.401,0.506,0.442,0.517,-0.56,0.17,4.13,4.73,4.69,4.56,4.33,4.15,Landen Roupp,Bubba Chandler,4345404,4683325,2.0,regular-season,2026-09-02T22:40Z,6:40 PM ET
2026-09-02,Toronto Blue Jays,Cleveland Guardians,Final,Toronto Blue Jays,Cleveland Guardians,0.4184,0.5816,401816778,11,0,69-71,70-69,0.488,0.525,0.469,0.507,-0.28,0.07,4.0,4.19,4.28,4.12,3.89,3.77,Dylan Cease,Joey Cantillo,34943,42488,2.0,regular-season,2026-09-02T22:40Z,6:40 PM ET
2026-09-02,Detroit Tigers,Minnesota Twins,Final,Detroit Tigers,Minnesota Twins,0.4482,0.5518,401816781,11,6,64-75,67-73,0.469,0.475,0.547,0.465,0.44,-0.36,4.46,4.56,4.02,4.92,3.67,4.56,Drew Anderson,Dean Kremer,41125,38295,2.0,regular-season,2026-09-02T23:40Z,7:40 PM ET
2026-09-02,Miami Marlins,Kansas City Royals,Final,Miami Marlins,Miami Marlins,0.5472,0.4528,401816782,9,6,71-69,62-78,0.494,0.426,0.502,0.427,0.02,-0.74,4.41,4.26,4.4,5.0,4.09,4.77,Eury Perez,Noah Cameron,4917854,4417208,2.0,regular-season,2026-09-02T23:40Z,7:40 PM ET
2026-09-02,Milwaukee Brewers,Chicago Cubs,Final,Milwaukee Brewers,Milwaukee Brewers,0.6028,0.3972,401816783,9,5,87-53,78-62,0.636,0.549,0.633,0.586,1.32,0.91,5.14,5.25,3.81,4.34,3.51,6.19,Jacob Misiorowski,David Peterson,5080761,40921,2.0,regular-season,2026-09-02T23:40Z,7:40 PM ET
2026-09-02,Chicago White Sox,Houston Astros,Final,Houston Astros,Chicago White Sox,0.5017,0.4983,401816780,0,2,73-66,71-69,0.519,0.5,0.534,0.48,0.35,-0.2,4.79,4.53,4.44,4.73,2.5,5.5,Davis Martin,Hayden Wesneski,42823,42996,2.0,regular-season,2026-09-03T00:10Z,8:10 PM ET
2026-09-02,New York Yankees,Los Angeles Angels,Final,New York Yankees,New York Yankees,0.7121,0.2879,401816785,6,3,80-60,53-87,0.578,0.383,0.593,0.437,0.86,-0.6,4.59,4.04,3.73,4.64,1.0,4.29,Cam Schlittler,Reid Detmers,5134581,4326697,2.0,regular-season,2026-09-03T01:38Z,9:38 PM ET
2026-09-02,St. Louis Cardinals,Los Angeles Dodgers,Final,St. Louis Cardinals,Los Angeles Dodgers,0.3003,0.6997,401816787,8,6,70-70,82-57,0.475,0.617,0.482,0.629,-0.18,1.24,4.44,4.94,4.62,3.7,4.27,3.55,Brycen Mautz,Yoshinobu Yamamoto,5067321,4872587,2.0,regular-season,2026-09-03T02:10Z,10:10 PM ET
2026-09-03,San Francisco Giants,Pittsburgh Pirates,Final,Pittsburgh Pirates,Pittsburgh Pirates,0.3425,0.6575,401816789,2,5,58-83,69-72,0.401,0.506,0.442,0.517,-0.56,0.17,4.13,4.73,4.69,4.56,4.33,4.15,Blade Tidwell,Lake Bachar,4719088,42592,2.0,regular-season,2026-09-03T16:35Z,12:35 PM ET
2026-09-03,Toronto Blue Jays,Cleveland Guardians,Final,Toronto Blue Jays,Cleveland Guardians,0.4184,0.5816,401816790,6,3,70-71,70-70,0.488,0.525,0.469,0.507,-0.28,0.07,4.0,4.19,4.28,4.12,3.89,3.77,Jose Soriano,Tanner Bibee,40973,4345278,2.0,regular-season,2026-09-03T17:10Z,1:10 PM ET
2026-09-03,Chicago White Sox,Houston Astros,Final,Houston Astros,Chicago White Sox,0.5017,0.4983,401816791,2,6,73-67,72-69,0.519,0.5,0.534,0.48,0.35,-0.2,4.79,4.53,4.44,4.73,2.5,5.5,Luis Castillo,Hunter Brown,35124,4717803,2.0,regular-season,2026-09-03T18:10Z,2:10 PM ET
2026-09-03,Boston Red Sox,Baltimore Orioles,Final,Boston Red Sox,Baltimore Orioles,0.4522,0.5478,401816788,6,5,76-65,69-72,0.537,0.491,0.555,0.487,0.48,-0.13,4.25,4.46,3.77,4.59,10.12,4.08,Jake Bennett,Brandon Young,4654024,4414339,2.0,regular-season,2026-09-03T23:15Z,7:15 PM ET
2026-09-03,Milwaukee Brewers,Chicago Cubs,Final,Chicago Cubs,Milwaukee Brewers,0.6028,0.3972,401816793,1,2,87-54,79-62,0.636,0.549,0.633,0.586,1.32,0.91,5.14,5.25,3.81,4.34,3.51,6.19,Logan Henderson,Kevin Gausman,4917878,32667,2.0,regular-season,2026-09-03T23:15Z,7:15 PM ET
2026-09-03,Miami Marlins,Kansas City Royals,Final,Kansas City Royals,Miami Marlins,0.5472,0.4528,401816792,3,7,71-70,63-78,0.494,0.426,0.502,0.427,0.02,-0.74,4.41,4.26,4.4,5.0,4.09,4.77,Sandy Alcantara,Michael Wacha,35241,32640,2.0,regular-season,2026-09-03T23:40Z,7:40 PM ET
2026-09-03,Tampa Bay Rays,Texas Rangers,Final,Texas Rangers,Tampa Bay Rays,0.5945,0.4055,401816794,0,6,83-57,70-71,0.605,0.494,0.557,0.47,0.53,-0.28,4.54,4.15,4.01,4.44,3.7,4.32,Shane McClanahan,Cal Quantrill,41199,39875,2.0,regular-season,2026-09-04T00:05Z,8:05 PM ET
2026-09-03,Athletics,Seattle Mariners,Final,Athletics,Seattle Mariners,0.3433,0.6567,401816795,7,4,55-86,66-75,0.395,0.469,0.369,0.462,-1.47,-0.36,4.31,4.1,5.78,4.46,5.51,4.2,Jack Perkins,Kade Anderson,4418686,5198748,2.0,regular-season,2026-09-04T01:40Z,9:40 PM ET
2026-09-03,St. Louis Cardinals,Los Angeles Dodgers,Final,Los Angeles Dodgers,Los Angeles Dodgers,0.3003,0.6997,401816796,2,3,70-71,83-57,0.475,0.617,0.482,0.629,-0.18,1.24,4.44,4.94,4.62,3.7,4.27,3.55,Quinn Mathews,Tarik Skubal,4837405,42409,2.0,regular-season,2026-09-04T02:10Z,10:10 PM ET
2026-09-04,Detroit Tigers,Cleveland Guardians,Final,Cleveland Guardians,Cleveland Guardians,0.3665,0.6335,401877193,6,7,64-76,71-70,0.469,0.525,0.547,0.507,0.44,0.07,4.46,4.19,4.02,4.12,3.67,3.77,Keider Montero,Logan Allen,5182933,4683350,2.0,regular-season,2026-09-04T18:10Z,2:10 PM ET
2026-09-04,Milwaukee Brewers,Cincinnati Reds,Final,Milwaukee Brewers,Milwaukee Brewers,0.649,0.351,401816802,10,7,88-54,67-74,0.636,0.463,0.633,0.403,1.32,-0.99,5.14,4.11,3.81,5.1,3.51,4.83,Shane Drohan,Rhett Lowder,4315203,4758873,2.0,regular-season,2026-09-04T22:10Z,6:10 PM ET
2026-09-04,Los Angeles Angels,Pittsburgh Pirates,Final,Pittsburgh Pirates,Pittsburgh Pirates,0.3235,0.6765,401816797,0,1,53-88,70-72,0.383,0.506,0.437,0.517,-0.6,0.17,4.04,4.73,4.64,4.56,4.29,4.15,Ryan Johnson,Jared Jones,5007859,4918156,2.0,regular-season,2026-09-04T22:40Z,6:40 PM ET
2026-09-04,Atlanta Braves,Philadelphia Phillies,Final,Atlanta Braves,Atlanta Braves,0.5006,0.4994,401816798,5,2,84-57,79-62,0.58,0.543,0.577,0.51,0.72,0.09,4.58,4.4,3.86,4.31,3.32,4.0,Chris Sale,Cristopher Sanchez,30948,42359,2.0,regular-season,2026-09-04T22:40Z,6:40 PM ET
2026-09-04,Boston Red Sox,Baltimore Orioles,Final,Boston Red Sox,Baltimore Orioles,0.4522,0.5478,401816799,1,0,77-65,69-73,0.537,0.491,0.555,0.487,0.48,-0.13,4.25,4.46,3.77,4.59,10.12,4.08,Ranger Suarez,Shane Baz,39817,39639,2.0,regular-season,2026-09-04T23:05Z,7:05 PM ET
2026-09-04,Chicago Cubs,Miami Marlins,Final,Chicago Cubs,Miami Marlins,0.4796,0.5204,401816800,6,1,80-62,71-71,0.549,0.494,0.586,0.502,0.91,0.02,5.25,4.41,4.34,4.4,6.19,4.09,Shota Imanaga,Janson Junk,5134630,4881980,2.0,regular-season,2026-09-04T23:10Z,7:10 PM ET
2026-09-04,San Francisco Giants,New York Mets,Final,New York Mets,New York Mets,0.3907,0.6093,401816803,6,10,58-84,64-77,0.401,0.457,0.442,0.48,-0.56,-0.2,4.13,4.31,4.69,4.51,4.33,4.15,Matt Wilkinson,Nolan McLean,5339226,4433874,2.0,regular-season,2026-09-04T23:10Z,7:10 PM ET
2026-09-04,Minnesota Twins,Chicago White Sox,Final,Chicago White Sox,Chicago White Sox,0.3923,0.6077,401816805,1,4,67-74,74-67,0.475,0.519,0.465,0.534,-0.36,0.35,4.56,4.79,4.92,4.44,4.56,2.5,Zebby Matthews,Erick Fedde,4791597,33793,2.0,regular-season,2026-09-04T23:40Z,7:40 PM ET
2026-09-04,Tampa Bay Rays,Texas Rangers,Final,Tampa Bay Rays,Tampa Bay Rays,0.5945,0.4055,401816806,7,6,84-57,70-72,0.605,0.494,0.557,0.47,0.53,-0.28,4.54,4.15,4.01,4.44,3.7,4.32,Nick Martinez,Trevor Williams,33372,33305,2.0,regular-season,2026-09-05T00:05Z,8:05 PM ET
2026-09-04,Arizona Diamondbacks,Houston Astros,Final,Houston Astros,Arizona Diamondbacks,0.512,0.488,401816804,1,3,74-68,73-69,0.531,0.5,0.506,0.48,0.06,-0.2,4.56,4.53,4.51,4.73,4.18,5.5,Merrill Kelly,Cristian Javier,32968,41261,2.0,regular-season,2026-09-05T00:10Z,8:10 PM ET
2026-09-04,Toronto Blue Jays,Kansas City Royals,Final,Toronto Blue Jays,Toronto Blue Jays,0.5596,0.4404,401816807,9,2,71-71,63-79,0.488,0.426,0.469,0.427,-0.28,-0.74,4.0,4.26,4.28,5.0,3.89,4.77,Jameson Taillon,Daniel Lynch IV,31258,41227,2.0,regular-season,2026-09-05T00:10Z,8:10 PM ET
2026-09-04,St. Louis Cardinals,Colorado Rockies,Final,St. Louis Cardinals,St. Louis Cardinals,0.6375,0.3625,401816808,7,6,71-71,54-87,0.475,0.358,0.482,0.397,-0.18,-1.19,4.44,4.64,4.62,5.83,4.27,5.59,Andre Pallante,Ryan Feltner,4109034,4019484,2.0,regular-season,2026-09-05T00:40Z,8:40 PM ET
2026-09-04,New York Yankees,San Diego Padres,Final,San Diego Padres,San Diego Padres,0.4591,0.5409,401816810,2,3,80-61,74-67,0.578,0.562,0.593,0.527,0.86,0.25,4.59,4.46,3.73,4.2,1.0,0.5,Max Fried,Walker Buehler,32685,39251,2.0,regular-season,2026-09-05T01:40Z,9:40 PM ET
2026-09-04,Athletics,Seattle Mariners,Final,Athletics,Seattle Mariners,0.3433,0.6567,401816809,7,6,56-86,66-76,0.395,0.469,0.369,0.462,-1.47,-0.36,4.31,4.1,5.78,4.46,5.51,4.2,Kade Morris,Logan Gilbert,4865840,41221,2.0,regular-season,2026-09-05T02:10Z,10:10 PM ET
2026-09-04,Washington Nationals,Los Angeles Dodgers,Final,Los Angeles Dodgers,Los Angeles Dodgers,0.2791,0.7209,401816811,3,5,67-76,84-57,0.475,0.617,0.503,0.629,0.04,1.24,5.07,4.94,5.03,3.7,4.67,3.55,Jackson Kent,Blake Snell,5007807,33748,2.0,regular-season,2026-09-05T02:10Z,10:10 PM ET
2026-09-05,Chicago Cubs,Miami Marlins,Final,Chicago Cubs,Miami Marlins,0.4796,0.5204,401816815,6,5,81-62,71-72,0.549,0.494,0.586,0.502,0.91,0.02,5.25,4.41,4.34,4.4,6.19,4.09,Javier Assad,Ryan Gusto,5002950,5131986,2.0,regular-season,2026-09-05T20:10Z,4:10 PM ET
2026-09-05,San Francisco Giants,New York Mets,Final,San Francisco Giants,New York Mets,0.3907,0.6093,401816818,9,5,59-84,64-78,0.401,0.457,0.442,0.48,-0.56,-0.2,4.13,4.31,4.69,4.51,4.33,4.15,Anthony Molina,Zac Thornton,5016983,5129576,2.0,regular-season,2026-09-05T20:10Z,4:10 PM ET
2026-09-05,Atlanta Braves,Philadelphia Phillies,Final,Philadelphia Phillies,Atlanta Braves,0.5006,0.4994,401816813,2,4,84-58,80-62,0.58,0.543,0.577,0.51,0.72,0.09,4.58,4.4,3.86,4.31,3.32,4.0,Martin Perez,Zack Wheeler,31098,31267,2.0,regular-season,2026-09-05T22:05Z,6:05 PM ET
2026-09-05,Detroit Tigers,Cleveland Guardians,Final,Detroit Tigers,Cleveland Guardians,0.3665,0.6335,401816816,6,0,65-77,72-71,0.469,0.525,0.547,0.507,0.44,0.07,4.46,4.19,4.02,4.12,3.67,3.77,Framber Valdez,Parker Messick,36581,4619898,2.0,regular-season,2026-09-05T22:10Z,6:10 PM ET
2026-09-05,Los Angeles Angels,Pittsburgh Pirates,Final,Los Angeles Angels,Pittsburgh Pirates,0.3235,0.6765,401816812,6,1,54-88,70-73,0.383,0.506,0.437,0.517,-0.6,0.17,4.04,4.73,4.64,4.56,4.29,4.15,Yusei Kikuchi,Braxton Ashcraft,41415,41282,2.0,regular-season,2026-09-05T22:40Z,6:40 PM ET
2026-09-05,Milwaukee Brewers,Cincinnati Reds,Final,Cincinnati Reds,Milwaukee Brewers,0.649,0.351,401816817,3,5,88-55,68-74,0.636,0.463,0.633,0.403,1.32,-0.99,5.14,4.11,3.81,5.1,3.51,4.83,Dustin May,Andrew Abbott,40937,4414528,2.0,regular-season,2026-09-05T22:40Z,6:40 PM ET
2026-09-05,Boston Red Sox,Baltimore Orioles,Final,Boston Red Sox,Baltimore Orioles,0.4522,0.5478,401816814,5,0,78-65,69-74,0.537,0.491,0.555,0.487,0.48,-0.13,4.25,4.46,3.77,4.59,10.12,4.08,Sonny Gray,Chris Bassitt,32082,33148,2.0,regular-season,2026-09-05T23:05Z,7:05 PM ET
2026-09-05,Tampa Bay Rays,Texas Rangers,Final,Tampa Bay Rays,Tampa Bay Rays,0.5945,0.4055,401816821,6,3,85-57,70-73,0.605,0.494,0.557,0.47,0.53,-0.28,4.54,4.15,4.01,4.44,3.7,4.32,Drew Rasmussen,Jacob deGrom,42584,32796,2.0,regular-season,2026-09-05T23:05Z,7:05 PM ET
2026-09-05,Minnesota Twins,Chicago White Sox,Final,Minnesota Twins,Chicago White Sox,0.3923,0.6077,401816820,6,4,68-74,74-68,0.475,0.519,0.465,0.534,-0.36,0.35,4.56,4.79,4.92,4.44,4.56,2.5,Taj Bradley,Anthony Kay,42480,40947,2.0,regular-season,2026-09-05T23:10Z,7:10 PM ET
2026-09-05,Toronto Blue Jays,Kansas City Royals,Final,Toronto Blue Jays,Toronto Blue Jays,0.5596,0.4404,401816822,4,3,72-71,63-80,0.488,0.426,0.469,0.427,-0.28,-0.74,4.0,4.26,4.28,5.0,3.89,4.77,Max Scherzer,Seth Lugo,28976,34873,2.0,regular-season,2026-09-05T23:10Z,7:10 PM ET
2026-09-05,Arizona Diamondbacks,Houston Astros,Final,Arizona Diamondbacks,Arizona Diamondbacks,0.512,0.488,401816819,4,3,75-68,73-70,0.531,0.5,0.506,0.48,0.06,-0.2,4.56,4.53,4.51,4.73,4.18,5.5,Brandon Pfaadt,Ethan Pecko,4721302,4944276,2.0,regular-season,2026-09-05T23:15Z,7:15 PM ET
2026-09-05,New York Yankees,San Diego Padres,Final,New York Yankees,San Diego Padres,0.4591,0.5409,401816825,5,1,81-61,74-68,0.578,0.562,0.593,0.527,0.86,0.25,4.59,4.46,3.73,4.2,1.0,0.5,Carlos Rodon,Robbie Ray,33696,32175,2.0,regular-season,2026-09-05T23:15Z,7:15 PM ET
2026-09-05,St. Louis Cardinals,Colorado Rockies,Final,Colorado Rockies,St. Louis Cardinals,0.6375,0.3625,401816823,7,10,71-72,55-87,0.475,0.358,0.482,0.397,-0.18,-1.19,4.44,4.64,4.62,5.83,4.27,5.59,Matthew Liberatore,Mason Adams,41173,4758424,2.0,regular-season,2026-09-06T00:10Z,8:10 PM ET
2026-09-05,Washington Nationals,Los Angeles Dodgers,Final,Los Angeles Dodgers,Los Angeles Dodgers,0.2791,0.7209,401816826,5,6,67-77,85-57,0.475,0.617,0.503,0.629,0.04,1.24,5.07,4.94,5.03,3.7,4.67,3.55,Cade Cavalli,Tyler Glasnow,4308037,33190,2.0,regular-season,2026-09-06T01:10Z,9:10 PM ET
2026-09-05,Athletics,Seattle Mariners,Final,Athletics,Seattle Mariners,0.3433,0.6567,401816824,6,2,57-86,66-77,0.395,0.469,0.369,0.462,-1.47,-0.36,4.31,4.1,5.78,4.46,5.51,4.2,Jeffrey Springs,George Kirby,35397,42406,2.0,regular-season,2026-09-06T01:40Z,9:40 PM ET
2026-09-06,Milwaukee Brewers,Cincinnati Reds,Final,Cincinnati Reds,Milwaukee Brewers,0.649,0.351,401816832,8,12,88-56,69-74,0.636,0.463,0.633,0.403,1.32,-0.99,5.14,4.11,3.81,5.1,3.51,4.83,Kyle Harrison,Brady Singer,4683375,41172,2.0,regular-season,2026-09-06T16:10Z,12:10 PM ET
2026-09-06,Atlanta Braves,Philadelphia Phillies,Final,Atlanta Braves,Atlanta Braves,0.5006,0.4994,401816828,5,4,85-58,80-63,0.58,0.543,0.577,0.51,0.72,0.09,4.58,4.4,3.86,4.31,3.32,4.0,Tyler Mahle,Aaron Nola,34973,33709,2.0,regular-season,2026-09-06T17:10Z,1:10 PM ET
2026-09-06,Los Angeles Angels,Pittsburgh Pirates,Final,Pittsburgh Pirates,Pittsburgh Pirates,0.3235,0.6765,401816827,0,1,54-89,71-73,0.383,0.506,0.437,0.517,-0.6,0.17,4.04,4.73,4.64,4.56,4.29,4.15,Walbert Urena,Paul Skenes,5197476,4719507,2.0,regular-season,2026-09-06T17:35Z,1:35 PM ET
2026-09-06,Boston Red Sox,Baltimore Orioles,Final,Boston Red Sox,Baltimore Orioles,0.4522,0.5478,401816829,3,1,79-65,69-75,0.537,0.491,0.555,0.487,0.48,-0.13,4.25,4.46,3.77,4.59,10.12,4.08,Payton Tolle,Kyle Bradish,4966140,4311625,2.0,regular-season,2026-09-06T17:35Z,1:35 PM ET
2026-09-06,Chicago Cubs,Miami Marlins,Final,Miami Marlins,Miami Marlins,0.4796,0.5204,401816830,3,10,81-63,72-72,0.549,0.494,0.586,0.502,0.91,0.02,5.25,4.41,4.34,4.4,6.19,4.09,Clay Holmes,Tyler Phillips,32827,41247,2.0,regular-season,2026-09-06T17:40Z,1:40 PM ET
2026-09-06,Detroit Tigers,Cleveland Guardians,Final,Cleveland Guardians,Cleveland Guardians,0.3665,0.6335,401816831,2,3,65-78,73-71,0.469,0.525,0.547,0.507,0.44,0.07,4.46,4.19,4.02,4.12,3.67,3.77,Jackson Jobe,Gavin Williams,4872647,4345076,2.0,regular-season,2026-09-06T17:40Z,1:40 PM ET
2026-09-06,San Francisco Giants,New York Mets,Final,New York Mets,New York Mets,0.3907,0.6093,401816833,2,4,59-85,65-78,0.401,0.457,0.442,0.48,-0.56,-0.2,4.13,4.31,4.69,4.51,4.33,4.15,Cesar Perdomo,Christian Scott,5271881,4414215,2.0,regular-season,2026-09-06T17:40Z,1:40 PM ET
2026-09-06,Arizona Diamondbacks,Houston Astros,Final,Arizona Diamondbacks,Arizona Diamondbacks,0.512,0.488,401816834,3,2,76-68,73-71,0.531,0.5,0.506,0.48,0.06,-0.2,4.56,4.53,4.51,4.73,4.18,5.5,Eduardo Rodriguez,Peter Lambert,32675,39898,2.0,regular-season,2026-09-06T18:10Z,2:10 PM ET
2026-09-06,Toronto Blue Jays,Kansas City Royals,Final,Kansas City Royals,Toronto Blue Jays,0.5596,0.4404,401816837,1,6,72-72,64-80,0.488,0.426,0.469,0.427,-0.28,-0.74,4.0,4.26,4.28,5.0,3.89,4.77,Spencer Arrighetti,Randy Dobnak,4726080,42214,2.0,regular-season,2026-09-06T18:10Z,2:10 PM ET
2026-09-06,Tampa Bay Rays,Texas Rangers,Final,Texas Rangers,Tampa Bay Rays,0.5945,0.4055,401816836,6,8,85-58,71-73,0.605,0.494,0.557,0.47,0.53,-0.28,4.54,4.15,4.01,4.44,3.7,4.32,Ian Seymour,MacKenzie Gore,4669425,39636,2.0,regular-season,2026-09-06T18:35Z,2:35 PM ET
2026-09-06,St. Louis Cardinals,Colorado Rockies,Final,St. Louis Cardinals,St. Louis Cardinals,0.6375,0.3625,401816838,10,8,72-72,55-88,0.475,0.358,0.482,0.397,-0.18,-1.19,4.44,4.64,4.62,5.83,4.27,5.59,Kyle Leahy,Tanner Gordon,5006093,4415658,2.0,regular-season,2026-09-06T19:10Z,3:10 PM ET
2026-09-06,Athletics,Seattle Mariners,Final,Seattle Mariners,Seattle Mariners,0.3433,0.6567,401816839,0,2,57-87,67-77,0.395,0.469,0.369,0.462,-1.47,-0.36,4.31,4.1,5.78,4.46,5.51,4.2,Gage Jump,Bryan Woo,5023852,4629089,2.0,regular-season,2026-09-06T20:10Z,4:10 PM ET
2026-09-06,New York Yankees,San Diego Padres,Final,San Diego Padres,San Diego Padres,0.4591,0.5409,401816840,3,4,81-62,75-68,0.578,0.562,0.593,0.527,0.86,0.25,4.59,4.46,3.73,4.2,1.0,0.5,Gerrit Cole,Michael King,32081,40429,2.0,regular-season,2026-09-06T20:10Z,4:10 PM ET
2026-09-06,Minnesota Twins,Chicago White Sox,Final,Chicago White Sox,Chicago White Sox,0.3923,0.6077,401816835,1,10,68-75,75-68,0.475,0.519,0.465,0.534,-0.36,0.35,4.56,4.79,4.92,4.44,4.56,2.5,Bailey Ober,Bryan Hudson,3107919,4991171,2.0,regular-season,2026-09-06T22:20Z,6:20 PM ET
2026-09-06,Washington Nationals,Los Angeles Dodgers,Final,Los Angeles Dodgers,Los Angeles Dodgers,0.2791,0.7209,401816841,5,7,67-78,86-57,0.475,0.617,0.503,0.629,0.04,1.24,5.07,4.94,5.03,3.7,4.67,3.55,Andrew Alvarez,Justin Wrobleski,4300668,4417203,2.0,regular-season,2026-09-07T02:10Z,10:10 PM ET
2026-09-07,Atlanta Braves,Philadelphia Phillies,Final,Philadelphia Phillies,Atlanta Braves,0.5006,0.4994,401816843,0,1,85-59,81-63,0.58,0.543,0.577,0.51,0.72,0.09,4.58,4.4,3.86,4.31,3.32,4.0,Grant Holmes,Jesus Luzardo,33840,39667,2.0,regular-season,2026-09-07T17:05Z,1:05 PM ET
2026-09-07,New York Mets,Miami Marlins,Final,New York Mets,Miami Marlins,0.4123,0.5877,401816846,9,4,66-78,72-73,0.457,0.494,0.48,0.502,-0.2,0.02,4.31,4.41,4.51,4.4,4.15,4.09,Jonah Tong,Eury Perez,5214984,4917854,2.0,regular-season,2026-09-07T17:10Z,1:10 PM ET
2026-09-07,Los Angeles Angels,Boston Red Sox,Final,Boston Red Sox,Boston Red Sox,0.3363,0.6637,401816842,2,5,54-90,80-65,0.383,0.537,0.437,0.555,-0.6,0.48,4.04,4.25,4.64,3.77,4.29,10.12,Grayson Rodriguez,Brayan Bello,41196,4720856,2.0,regular-season,2026-09-07T17:35Z,1:35 PM ET
2026-09-07,Cleveland Guardians,Baltimore Orioles,Final,Baltimore Orioles,Cleveland Guardians,0.5154,0.4846,401816844,4,6,73-72,70-75,0.525,0.491,0.507,0.487,0.07,-0.13,4.19,4.46,4.12,4.59,3.77,4.08,Joey Cantillo,Trevor Rogers,42488,39640,2.0,regular-season,2026-09-07T17:35Z,1:35 PM ET
2026-09-07,Arizona Diamondbacks,Kansas City Royals,Final,Arizona Diamondbacks,Arizona Diamondbacks,0.5933,0.4067,401816847,5,4,77-68,64-81,0.531,0.426,0.506,0.427,0.06,-0.74,4.56,4.26,4.51,5.0,4.18,4.77,Derek Law,Noah Cameron,33139,4417208,2.0,regular-season,2026-09-07T18:10Z,2:10 PM ET
2026-09-07,Chicago Cubs,Milwaukee Brewers,Final,Milwaukee Brewers,Milwaukee Brewers,0.3212,0.6788,401816848,3,4,81-64,89-56,0.549,0.636,0.586,0.633,0.91,1.32,5.25,5.14,4.34,3.81,6.19,3.51,Matthew Boyd,Robert Gasser,34401,4918251,2.0,regular-season,2026-09-07T18:10Z,2:10 PM ET
2026-09-07,Minnesota Twins,Detroit Tigers,Final,Detroit Tigers,Detroit Tigers,0.4693,0.5307,401816845,4,5,68-76,66-78,0.475,0.469,0.465,0.547,-0.36,0.44,4.56,4.46,4.92,4.02,4.56,3.67,Joe Ryan,Troy Melton,42450,5294127,2.0,regular-season,2026-09-07T19:10Z,3:10 PM ET
2026-09-07,Washington Nationals,San Diego Padres,Final,San Diego Padres,San Diego Padres,0.2908,0.7092,401816852,2,3,67-79,76-68,0.475,0.562,0.503,0.527,0.04,0.25,5.07,4.46,5.03,4.2,4.67,0.5,Jake Irvin,Nick Pivetta,41290,36071,2.0,regular-season,2026-09-07T21:10Z,5:10 PM ET
2026-09-07,St. Louis Cardinals,San Francisco Giants,Final,San Francisco Giants,St. Louis Cardinals,0.5486,0.4514,401816850,4,5,72-73,60-85,0.475,0.401,0.482,0.442,-0.18,-0.56,4.44,4.13,4.62,4.69,4.27,4.33,Michael McGreevy,Logan Webb,4424141,41216,2.0,regular-season,2026-09-08T00:10Z,8:10 PM ET
2026-09-07,Cincinnati Reds,Los Angeles Dodgers,Final,Los Angeles Dodgers,Los Angeles Dodgers,0.2989,0.7011,401816849,3,6,69-75,87-57,0.463,0.617,0.403,0.629,-0.99,1.24,4.11,4.94,5.1,3.7,4.83,3.55,Chase Burns,Emmet Sheehan,4927516,4417806,2.0,regular-season,2026-09-08T01:10Z,9:10 PM ET
2026-09-07,Toronto Blue Jays,Athletics,Final,Athletics,Toronto Blue Jays,0.6105,0.3895,401816851,5,6,72-73,58-87,0.488,0.395,0.469,0.369,-0.28,-1.47,4.0,4.31,4.28,5.78,3.89,5.51,Dylan Cease,Jacob Lopez,34943,42239,2.0,regular-season,2026-09-08T02:05Z,10:05 PM ET
2026-09-08,Cleveland Guardians,Baltimore Orioles,Final,Cleveland Guardians,Cleveland Guardians,0.5154,0.4846,401816854,9,5,74-72,70-76,0.525,0.491,0.507,0.487,0.07,-0.13,4.19,4.46,4.12,4.59,3.77,4.08,Tanner Bibee,Brandon Young,4345278,4414339,2.0,regular-season,2026-09-08T22:35Z,6:35 PM ET
2026-09-08,Houston Astros,Philadelphia Phillies,Final,Houston Astros,Philadelphia Phillies,0.3847,0.6153,401816856,6,5,74-71,81-64,0.5,0.543,0.48,0.51,-0.2,0.09,4.53,4.4,4.73,4.31,5.5,4.0,Hayden Wesneski,Andrew Painter,42996,4872683,2.0,regular-season,2026-09-08T22:40Z,6:40 PM ET
2026-09-08,Minnesota Twins,Detroit Tigers,Final,Minnesota Twins,Detroit Tigers,0.4693,0.5307,401816857,3,2,69-76,66-79,0.475,0.469,0.465,0.547,-0.36,0.44,4.56,4.46,4.92,4.02,4.56,3.67,Dean Kremer,Drew Anderson,38295,41125,2.0,regular-season,2026-09-08T22:40Z,6:40 PM ET
2026-09-08,New York Mets,Miami Marlins,Final,New York Mets,Miami Marlins,0.4123,0.5877,401816858,7,5,67-78,72-74,0.457,0.494,0.48,0.502,-0.2,0.02,4.31,4.41,4.51,4.4,4.15,4.09,Sean Manaea,Sandy Alcantara,33244,35241,2.0,regular-season,2026-09-08T22:40Z,6:40 PM ET
2026-09-08,Los Angeles Angels,Boston Red Sox,Final,Los Angeles Angels,Boston Red Sox,0.3363,0.6637,401816853,6,1,55-90,80-66,0.383,0.537,0.437,0.555,-0.6,0.48,4.04,4.25,4.64,3.77,4.29,10.12,Reid Detmers,Patrick Sandoval,4326697,40975,2.0,regular-season,2026-09-08T22:45Z,6:45 PM ET
2026-09-08,Colorado Rockies,New York Yankees,Final,New York Yankees,New York Yankees,0.1793,0.8207,401816855,3,5,55-89,82-62,0.358,0.578,0.397,0.593,-1.19,0.86,4.64,4.59,5.83,3.73,5.59,1.0,Gabriel Hughes,Cam Schlittler,4634930,5134581,2.0,regular-season,2026-09-08T23:05Z,7:05 PM ET
2026-09-08,Tampa Bay Rays,Atlanta Braves,Final,Tampa Bay Rays,Atlanta Braves,0.4954,0.5046,401816859,7,1,86-58,85-60,0.605,0.58,0.557,0.577,0.53,0.72,4.54,4.58,4.01,3.86,3.7,3.32,Freddy Peralta,AJ Smith-Shawver,39825,4917640,2.0,regular-season,2026-09-08T23:15Z,7:15 PM ET
2026-09-08,Arizona Diamondbacks,Kansas City Royals,Final,Arizona Diamondbacks,Arizona Diamondbacks,0.5933,0.4067,401816860,5,3,78-68,64-82,0.531,0.426,0.506,0.427,0.06,-0.74,4.56,4.26,4.51,5.0,4.18,4.77,Corbin Burnes,Michael Wacha,39878,32640,2.0,regular-season,2026-09-08T23:40Z,7:40 PM ET
2026-09-08,Chicago Cubs,Milwaukee Brewers,Final,Milwaukee Brewers,Milwaukee Brewers,0.3212,0.6788,401816861,3,4,81-65,90-56,0.549,0.636,0.586,0.633,0.91,1.32,5.25,5.14,4.34,3.81,6.19,3.51,David Peterson,Jacob Misiorowski,40921,5080761,2.0,regular-season,2026-09-08T23:40Z,7:40 PM ET
2026-09-08,Pittsburgh Pirates,Chicago White Sox,Final,Pittsburgh Pirates,Chicago White Sox,0.427,0.573,401816862,9,3,72-73,75-69,0.506,0.519,0.517,0.534,0.17,0.35,4.73,4.79,4.56,4.44,4.15,2.5,Bubba Chandler,Sean Burke,4683325,4867679,2.0,regular-season,2026-09-08T23:40Z,7:40 PM ET
2026-09-08,Texas Rangers,Seattle Mariners,Final,Texas Rangers,Seattle Mariners,0.4905,0.5095,401816865,10,5,72-73,67-78,0.494,0.469,0.47,0.462,-0.28,-0.36,4.15,4.1,4.44,4.46,4.32,4.2,Cal Quantrill,Bryce Miller,39875,4654313,2.0,regular-season,2026-09-09T01:40Z,9:40 PM ET
2026-09-08,Toronto Blue Jays,Athletics,Final,Toronto Blue Jays,Toronto Blue Jays,0.6105,0.3895,401816866,4,2,73-73,58-88,0.488,0.395,0.469,0.369,-0.28,-1.47,4.0,4.31,4.28,5.78,3.89,5.51,Jose Soriano,Jack Perkins,40973,4418686,2.0,regular-season,2026-09-09T01:40Z,9:40 PM ET
2026-09-08,Washington Nationals,San Diego Padres,Final,San Diego Padres,San Diego Padres,0.2908,0.7092,401816867,4,5,67-80,77-68,0.475,0.562,0.503,0.527,0.04,0.25,5.07,4.46,5.03,4.2,4.67,0.5,Riley Cornelio,Casey Mize,4622146,41167,2.0,regular-season,2026-09-09T01:40Z,9:40 PM ET
2026-09-08,St. Louis Cardinals,San Francisco Giants,Final,San Francisco Giants,St. Louis Cardinals,0.5486,0.4514,401816864,1,2,72-74,61-85,0.475,0.401,0.482,0.442,-0.18,-0.56,4.44,4.13,4.62,4.69,4.27,4.33,Quinn Mathews,Landen Roupp,4837405,4345404,2.0,regular-season,2026-09-09T01:45Z,9:45 PM ET
2026-09-08,Cincinnati Reds,Los Angeles Dodgers,Final,Los Angeles Dodgers,Los Angeles Dodgers,0.2989,0.7011,401816863,2,3,69-76,88-57,0.463,0.617,0.403,0.629,-0.99,1.24,4.11,4.94,5.1,3.7,4.83,3.55,Nick Lodolo,Tarik Skubal,42433,42409,2.0,regular-season,2026-09-09T02:10Z,10:10 PM ET
2026-09-09,Minnesota Twins,Detroit Tigers,Final,Detroit Tigers,Detroit Tigers,0.4693,0.5307,401816872,2,7,69-77,67-79,0.475,0.469,0.465,0.547,-0.36,0.44,4.56,4.46,4.92,4.02,4.56,3.67,Zebby Matthews,Keider Montero,4791597,5182933,2.0,regular-season,2026-09-09T17:10Z,1:10 PM ET
2026-09-09,Toronto Blue Jays,Athletics,Final,Athletics,Toronto Blue Jays,0.6105,0.3895,401816881,0,2,73-74,59-88,0.488,0.395,0.469,0.369,-0.28,-1.47,4.0,4.31,4.28,5.78,3.89,5.51,Braydon Fisher,Brady Basso,41318,4179551,2.0,regular-season,2026-09-09T19:05Z,3:05 PM ET
2026-09-09,St. Louis Cardinals,San Francisco Giants,Final,San Francisco Giants,St. Louis Cardinals,0.5486,0.4514,401816879,6,7,72-75,62-85,0.475,0.401,0.482,0.442,-0.18,-0.56,4.44,4.13,4.62,4.69,4.27,4.33,Andre Pallante,Blade Tidwell,4109034,4719088,2.0,regular-season,2026-09-09T19:45Z,3:45 PM ET
2026-09-09,Texas Rangers,Seattle Mariners,Final,Seattle Mariners,Seattle Mariners,0.4905,0.5095,401816880,2,3,72-74,68-78,0.494,0.469,0.47,0.462,-0.28,-0.36,4.15,4.1,4.44,4.46,4.32,4.2,Cody Bradford,Kade Anderson,4142539,5198748,2.0,regular-season,2026-09-09T20:10Z,4:10 PM ET
2026-09-09,Washington Nationals,San Diego Padres,Final,San Diego Padres,San Diego Padres,0.2908,0.7092,401816882,2,9,67-81,78-68,0.475,0.562,0.503,0.527,0.04,0.25,5.07,4.46,5.03,4.2,4.67,0.5,Jackson Kent,Walker Buehler,5007807,39251,2.0,regular-season,2026-09-09T20:10Z,4:10 PM ET
2026-09-09,Cleveland Guardians,Baltimore Orioles,Final,Baltimore Orioles,Cleveland Guardians,0.5154,0.4846,401816869,5,9,74-73,71-76,0.525,0.491,0.507,0.487,0.07,-0.13,4.19,4.46,4.12,4.59,3.77,4.08,Foster Griffin,Shane Baz,33773,39639,2.0,regular-season,2026-09-09T22:35Z,6:35 PM ET
2026-09-09,Houston Astros,Philadelphia Phillies,Final,Philadelphia Phillies,Philadelphia Phillies,0.3847,0.6153,401816871,7,11,74-72,82-64,0.5,0.543,0.48,0.51,-0.2,0.09,4.53,4.4,4.73,4.31,5.5,4.0,Hunter Brown,Cristopher Sanchez,4717803,42359,2.0,regular-season,2026-09-09T22:40Z,6:40 PM ET
2026-09-09,New York Mets,Miami Marlins,Final,New York Mets,Miami Marlins,0.4123,0.5877,401816873,15,14,68-78,72-75,0.457,0.494,0.48,0.502,-0.2,0.02,4.31,4.41,4.51,4.4,4.15,4.09,Robert Stock,Janson Junk,30577,4881980,2.0,regular-season,2026-09-09T22:40Z,6:40 PM ET
2026-09-09,Los Angeles Angels,Boston Red Sox,Final,Los Angeles Angels,Boston Red Sox,0.3363,0.6637,401816868,6,4,56-90,80-67,0.383,0.537,0.437,0.555,-0.6,0.48,4.04,4.25,4.64,3.77,4.29,10.12,Ryan Johnson,Jake Bennett,5007859,4654024,2.0,regular-season,2026-09-09T22:45Z,6:45 PM ET
2026-09-09,Colorado Rockies,New York Yankees,Final,New York Yankees,New York Yankees,0.1793,0.8207,401816870,1,6,55-90,83-62,0.358,0.578,0.397,0.593,-1.19,0.86,4.64,4.59,5.83,3.73,5.59,1.0,Tomoyuki Sugano,Will Warren,4142423,5132011,2.0,regular-season,2026-09-09T23:05Z,7:05 PM ET
2026-09-09,Tampa Bay Rays,Atlanta Braves,Final,Tampa Bay Rays,Atlanta Braves,0.4954,0.5046,401816874,7,2,87-58,85-61,0.605,0.58,0.557,0.577,0.53,0.72,4.54,4.58,4.01,3.86,3.7,3.32,Griffin Jax,Reynaldo Lopez,42604,33860,2.0,regular-season,2026-09-09T23:15Z,7:15 PM ET
2026-09-09,Arizona Diamondbacks,Kansas City Royals,Final,Kansas City Royals,Arizona Diamondbacks,0.5933,0.4067,401816875,2,5,78-69,65-82,0.531,0.426,0.506,0.427,0.06,-0.74,4.56,4.26,4.51,5.0,4.18,4.77,Zac Gallen,Daniel Lynch IV,39910,41227,2.0,regular-season,2026-09-09T23:40Z,7:40 PM ET
2026-09-09,Chicago Cubs,Milwaukee Brewers,Final,Milwaukee Brewers,Milwaukee Brewers,0.3212,0.6788,401816876,6,8,81-66,91-56,0.549,0.636,0.586,0.633,0.91,1.32,5.25,5.14,4.34,3.81,6.19,3.51,Kevin Gausman,Logan Henderson,32667,4917878,2.0,regular-season,2026-09-09T23:40Z,7:40 PM ET
2026-09-09,Pittsburgh Pirates,Chicago White Sox,Final,Pittsburgh Pirates,Chicago White Sox,0.427,0.573,401816877,4,2,73-73,75-70,0.506,0.519,0.517,0.534,0.17,0.35,4.73,4.79,4.56,4.44,4.15,2.5,Lake Bachar,Davis Martin,42592,42823,2.0,regular-season,2026-09-09T23:40Z,7:40 PM ET
2026-09-09,Cincinnati Reds,Los Angeles Dodgers,Final,Los Angeles Dodgers,Los Angeles Dodgers,0.2989,0.7011,401816878,1,14,69-77,89-57,0.463,0.617,0.403,0.629,-0.99,1.24,4.11,4.94,5.1,3.7,4.83,3.55,Rhett Lowder,Yoshinobu Yamamoto,4758873,4872587,2.0,regular-season,2026-09-10T02:10Z,10:10 PM ET
2026-09-10,Tampa Bay Rays,Atlanta Braves,Final,Atlanta Braves,Atlanta Braves,0.4954,0.5046,401816885,1,3,87-59,86-61,0.605,0.58,0.557,0.577,0.53,0.72,4.54,4.58,4.01,3.86,3.7,3.32,Nick Martinez,Martin Perez,33372,31098,2.0,regular-season,2026-09-10T16:15Z,12:15 PM ET
2026-09-10,Houston Astros,Philadelphia Phillies,Final,Houston Astros,Philadelphia Phillies,0.3847,0.6153,401816884,2,1,75-72,82-65,0.5,0.543,0.48,0.51,-0.2,0.09,4.53,4.4,4.73,4.31,5.5,4.0,Cristian Javier,Zack Wheeler,41261,31267,2.0,regular-season,2026-09-10T17:05Z,1:05 PM ET
2026-09-10,Texas Rangers,Seattle Mariners,Final,Seattle Mariners,Seattle Mariners,0.4905,0.5095,401816887,3,4,72-75,69-78,0.494,0.469,0.47,0.462,-0.28,-0.36,4.15,4.1,4.44,4.46,4.32,4.2,Jacob deGrom,Logan Gilbert,32796,41221,2.0,regular-season,2026-09-10T20:10Z,4:10 PM ET
2026-09-10,Colorado Rockies,New York Yankees,Final,New York Yankees,New York Yankees,0.1793,0.8207,401816883,3,10,55-91,84-62,0.358,0.578,0.397,0.593,-1.19,0.86,4.64,4.59,5.83,3.73,5.59,1.0,Ryan Feltner,Max Fried,4019484,32685,2.0,regular-season,2026-09-10T23:05Z,7:05 PM ET
2026-09-10,Pittsburgh Pirates,Chicago White Sox,Final,Pittsburgh Pirates,Chicago White Sox,0.427,0.573,401816886,2,0,74-73,75-71,0.506,0.519,0.517,0.534,0.17,0.35,4.73,4.79,4.56,4.44,4.15,2.5,Jared Jones,Hagen Smith,4918156,5023126,2.0,regular-season,2026-09-10T23:40Z,7:40 PM ET
2026-09-11,Pittsburgh Pirates,Chicago Cubs,Final,Chicago Cubs,Chicago Cubs,0.4426,0.5574,401816899,2,12,74-74,82-66,0.506,0.549,0.517,0.586,0.17,0.91,4.73,5.25,4.56,4.34,4.15,6.19,Wilber Dotel,Shota Imanaga,5332991,5134630,2.0,regular-season,2026-09-11T18:20Z,2:20 PM ET
2026-09-11,Colorado Rockies,Detroit Tigers,Final,Detroit Tigers,Detroit Tigers,0.3024,0.6976,401816890,2,6,55-92,68-79,0.358,0.469,0.397,0.547,-1.19,0.44,4.64,4.46,5.83,4.02,5.59,3.67,Mason Adams,Framber Valdez,4758424,36581,2.0,regular-season,2026-09-11T22:40Z,6:40 PM ET
2026-09-11,Los Angeles Angels,Washington Nationals,Final,Washington Nationals,Washington Nationals,0.3754,0.6246,401816888,3,4,56-91,68-81,0.383,0.475,0.437,0.503,-0.6,0.04,4.04,5.07,4.64,5.03,4.29,4.67,Yusei Kikuchi,Cade Cavalli,41415,4308037,2.0,regular-season,2026-09-11T22:45Z,6:45 PM ET
2026-09-11,New York Mets,New York Yankees,Final,New York Yankees,New York Yankees,0.2948,0.7052,401816894,4,6,68-79,85-62,0.457,0.578,0.48,0.593,-0.2,0.86,4.31,4.59,4.51,3.73,4.15,1.0,Nolan McLean,Carlos Rodon,4433874,33696,2.0,regular-season,2026-09-11T23:05Z,7:05 PM ET
2026-09-11,Baltimore Orioles,Toronto Blue Jays,Final,Baltimore Orioles,Toronto Blue Jays,0.443,0.557,401816889,7,4,72-76,73-75,0.491,0.488,0.487,0.469,-0.13,-0.28,4.46,4.0,4.59,4.28,4.08,3.89,Chris Bassitt,Max Scherzer,33148,28976,2.0,regular-season,2026-09-11T23:07Z,7:07 PM ET
2026-09-11,Houston Astros,Tampa Bay Rays,Final,Tampa Bay Rays,Tampa Bay Rays,0.3133,0.6867,401816891,1,3,75-73,88-59,0.5,0.605,0.48,0.557,-0.2,0.53,4.53,4.54,4.73,4.01,5.5,3.7,Miguel Ullola,Drew Rasmussen,5124163,42584,2.0,regular-season,2026-09-11T23:10Z,7:10 PM ET
2026-09-11,Kansas City Royals,Boston Red Sox,Final,Kansas City Royals,Boston Red Sox,0.3819,0.6181,401816892,3,2,66-82,80-68,0.426,0.537,0.427,0.555,-0.74,0.48,4.26,4.25,5.0,3.77,4.77,10.12,Seth Lugo,Sonny Gray,34873,32082,2.0,regular-season,2026-09-11T23:10Z,7:10 PM ET
2026-09-11,Los Angeles Dodgers,Miami Marlins,Final,Los Angeles Dodgers,Los Angeles Dodgers,0.6005,0.3995,401816893,6,2,90-57,72-76,0.617,0.494,0.629,0.502,1.24,0.02,4.94,4.41,3.7,4.4,3.55,4.09,Blake Snell,Ryan Gusto,33748,5131986,2.0,regular-season,2026-09-11T23:10Z,7:10 PM ET
2026-09-11,Philadelphia Phillies,Atlanta Braves,Final,Atlanta Braves,Atlanta Braves,0.4174,0.5826,401816895,5,6,82-66,87-61,0.543,0.58,0.51,0.577,0.09,0.72,4.4,4.58,4.31,3.86,4.0,3.32,Aaron Nola,Chris Sale,33709,30948,2.0,regular-season,2026-09-11T23:15Z,7:15 PM ET
2026-09-11,Cincinnati Reds,Milwaukee Brewers,Final,Milwaukee Brewers,Milwaukee Brewers,0.2797,0.7203,401816897,0,20,69-78,92-56,0.463,0.636,0.403,0.633,-0.99,1.32,4.11,5.14,5.1,3.81,4.83,3.51,Andrew Abbott,Dustin May,4414528,40937,2.0,regular-season,2026-09-11T23:40Z,7:40 PM ET
2026-09-11,Cleveland Guardians,Minnesota Twins,Final,Cleveland Guardians,Cleveland Guardians,0.5433,0.4567,401816898,5,2,75-73,69-78,0.525,0.475,0.507,0.465,0.07,-0.36,4.19,4.56,4.12,4.92,3.77,4.56,Parker Messick,Taj Bradley,4619898,42480,2.0,regular-season,2026-09-12T00:10Z,8:10 PM ET
2026-09-11,Chicago White Sox,St. Louis Cardinals,Final,St. Louis Cardinals,Chicago White Sox,0.5222,0.4778,401816896,3,7,75-72,73-75,0.519,0.475,0.534,0.482,0.35,-0.18,4.79,4.44,4.44,4.62,2.5,4.27,Anthony Kay,Matthew Liberatore,40947,41173,2.0,regular-season,2026-09-12T00:15Z,8:15 PM ET
2026-09-11,Seattle Mariners,Athletics,Final,Athletics,Seattle Mariners,0.5787,0.4213,401816901,5,6,69-79,60-88,0.469,0.395,0.462,0.369,-0.36,-1.47,4.1,4.31,4.46,5.78,4.2,5.51,George Kirby,Jeffrey Springs,42406,35397,2.0,regular-season,2026-09-12T01:40Z,9:40 PM ET
2026-09-11,Texas Rangers,Arizona Diamondbacks,Final,Arizona Diamondbacks,Arizona Diamondbacks,0.4236,0.5764,401816902,1,9,72-76,79-69,0.494,0.531,0.47,0.506,-0.28,0.06,4.15,4.56,4.44,4.51,4.32,4.18,MacKenzie Gore,Merrill Kelly,39636,32968,2.0,regular-season,2026-09-12T01:40Z,9:40 PM ET
2026-09-11,San Diego Padres,San Francisco Giants,Final,San Diego Padres,San Diego Padres,0.6939,0.3061,401816900,7,5,79-68,62-86,0.562,0.401,0.527,0.442,0.25,-0.56,4.46,4.13,4.2,4.69,0.5,4.33,Robbie Ray,Anthony Molina,32175,5016983,2.0,regular-season,2026-09-12T02:15Z,10:15 PM ET
2026-09-12,Colorado Rockies,Detroit Tigers,Final,Detroit Tigers,Detroit Tigers,0.3024,0.6976,401816905,7,11,55-93,69-79,0.358,0.469,0.397,0.547,-1.19,0.44,4.64,4.46,5.83,4.02,5.59,3.67,Tanner Gordon,Andrew Sears,4415658,5140040,2.0,regular-season,2026-09-12T17:10Z,1:10 PM ET
2026-09-12,New York Mets,New York Yankees,Final,New York Mets,New York Yankees,0.2948,0.7052,401816909,12,2,69-79,85-63,0.457,0.578,0.48,0.593,-0.2,0.86,4.31,4.59,4.51,3.73,4.15,1.0,Zac Thornton,Gerrit Cole,5129576,32081,2.0,regular-season,2026-09-12T17:35Z,1:35 PM ET
2026-09-12,Pittsburgh Pirates,Chicago Cubs,Final,Chicago Cubs,Chicago Cubs,0.4426,0.5574,401816914,3,4,74-75,83-66,0.506,0.549,0.517,0.586,0.17,0.91,4.73,5.25,4.56,4.34,4.15,6.19,Paul Skenes,Clay Holmes,4719507,32827,2.0,regular-season,2026-09-12T18:20Z,2:20 PM ET
2026-09-12,Baltimore Orioles,Toronto Blue Jays,Final,Toronto Blue Jays,Toronto Blue Jays,0.443,0.557,401816904,3,7,72-77,74-75,0.491,0.488,0.487,0.469,-0.13,-0.28,4.46,4.0,4.59,4.28,4.08,3.89,Kyle Bradish,Spencer Miles,4311625,4833671,2.0,regular-season,2026-09-12T19:07Z,3:07 PM ET
2026-09-12,Los Angeles Angels,Washington Nationals,Final,Washington Nationals,Washington Nationals,0.3754,0.6246,401816903,5,6,56-92,69-81,0.383,0.475,0.437,0.503,-0.6,0.04,4.04,5.07,4.64,5.03,4.29,4.67,Walbert Urena,Andrew Alvarez,5197476,4300668,2.0,regular-season,2026-09-12T20:05Z,4:05 PM ET
2026-09-12,San Diego Padres,San Francisco Giants,Final,San Diego Padres,San Diego Padres,0.6939,0.3061,401816915,7,6,80-68,62-87,0.562,0.401,0.527,0.442,0.25,-0.56,4.46,4.13,4.2,4.69,0.5,4.33,Michael King,Cesar Perdomo,40429,5271881,2.0,regular-season,2026-09-12T20:05Z,4:05 PM ET
2026-09-12,Kansas City Royals,Boston Red Sox,Final,Boston Red Sox,Boston Red Sox,0.3819,0.6181,401816907,1,5,66-83,81-68,0.426,0.537,0.427,0.555,-0.74,0.48,4.26,4.25,5.0,3.77,4.77,10.12,Randy Dobnak,Ranger Suarez,42214,39817,2.0,regular-season,2026-09-12T20:10Z,4:10 PM ET
2026-09-12,Los Angeles Dodgers,Miami Marlins,Final,Miami Marlins,Los Angeles Dodgers,0.6005,0.3995,401816908,3,4,90-58,73-76,0.617,0.494,0.629,0.502,1.24,0.02,4.94,4.41,3.7,4.4,3.55,4.09,Tyler Glasnow,Tyler Phillips,33190,41247,2.0,regular-season,2026-09-12T20:10Z,4:10 PM ET
2026-09-12,Cleveland Guardians,Minnesota Twins,Final,Minnesota Twins,Cleveland Guardians,0.5433,0.4567,401816913,3,4,75-74,70-78,0.525,0.475,0.507,0.465,0.07,-0.36,4.19,4.56,4.12,4.92,3.77,4.56,Daniel Espino,Connor Prielipp,42438,4620001,2.0,regular-season,2026-09-12T20:10Z,4:10 PM ET
2026-09-12,Houston Astros,Tampa Bay Rays,Final,Tampa Bay Rays,Tampa Bay Rays,0.3133,0.6867,401816906,2,3,75-74,89-59,0.5,0.605,0.48,0.557,-0.2,0.53,4.53,4.54,4.73,4.01,5.5,3.7,Peter Lambert,Ian Seymour,39898,4669425,2.0,regular-season,2026-09-12T22:10Z,6:10 PM ET
2026-09-12,Cincinnati Reds,Milwaukee Brewers,Final,Milwaukee Brewers,Milwaukee Brewers,0.2797,0.7203,401816912,9,13,69-79,93-56,0.463,0.636,0.403,0.633,-0.99,1.32,4.11,5.14,5.1,3.81,4.83,3.51,Brady Singer,Shane Drohan,41172,4315203,2.0,regular-season,2026-09-12T23:10Z,7:10 PM ET
2026-09-12,Philadelphia Phillies,Atlanta Braves,Final,Atlanta Braves,Atlanta Braves,0.4174,0.5826,401816910,2,12,82-67,88-61,0.543,0.58,0.51,0.577,0.09,0.72,4.4,4.58,4.31,3.86,4.0,3.32,Tim Mayza,Tyler Mahle,35773,34973,2.0,regular-season,2026-09-12T23:15Z,7:15 PM ET
2026-09-12,Chicago White Sox,St. Louis Cardinals,Final,Chicago White Sox,Chicago White Sox,0.5222,0.4778,401816911,6,5,76-72,73-76,0.519,0.475,0.534,0.482,0.35,-0.18,4.79,4.44,4.44,4.62,2.5,4.27,Sean Newcomb,Kyle Leahy,33856,5006093,2.0,regular-season,2026-09-12T23:15Z,7:15 PM ET
2026-09-12,Texas Rangers,Arizona Diamondbacks,Final,Texas Rangers,Arizona Diamondbacks,0.4236,0.5764,401816917,6,2,73-76,79-70,0.494,0.531,0.47,0.506,-0.28,0.06,4.15,4.56,4.44,4.51,4.32,4.18,Kumar Rocker,Brandon Pfaadt,4414525,4721302,2.0,regular-season,2026-09-13T00:10Z,8:10 PM ET
2026-09-12,Seattle Mariners,Athletics,Final,Seattle Mariners,Seattle Mariners,0.5787,0.4213,401816916,19,1,70-79,60-89,0.469,0.395,0.462,0.369,-0.36,-1.47,4.1,4.31,4.46,5.78,4.2,5.51,Bryan Woo,Gage Jump,4629089,5023852,2.0,regular-season,2026-09-13T01:40Z,9:40 PM ET
2026-09-13,Colorado Rockies,Detroit Tigers,Final,Detroit Tigers,Detroit Tigers,0.3024,0.6976,401816920,1,8,55-94,70-79,0.358,0.469,0.397,0.547,-1.19,0.44,4.64,4.46,5.83,4.02,5.59,3.67,Gabriel Hughes,Jackson Jobe,4634930,4872647,2.0,regular-season,2026-09-13T16:10Z,12:10 PM ET
2026-09-13,Los Angeles Angels,Washington Nationals,Final,Washington Nationals,Washington Nationals,0.3754,0.6246,401816918,5,6,56-93,70-81,0.383,0.475,0.437,0.503,-0.6,0.04,4.04,5.07,4.64,5.03,4.29,4.67,Grayson Rodriguez,Jake Irvin,41196,41290,2.0,regular-season,2026-09-13T17:35Z,1:35 PM ET
2026-09-13,New York Mets,New York Yankees,Final,New York Yankees,New York Yankees,0.2948,0.7052,401816924,0,2,69-80,86-63,0.457,0.578,0.48,0.593,-0.2,0.86,4.31,4.59,4.51,3.73,4.15,1.0,Christian Scott,Cam Schlittler,4414215,5134581,2.0,regular-season,2026-09-13T17:35Z,1:35 PM ET
2026-09-13,Philadelphia Phillies,Atlanta Braves,Final,Philadelphia Phillies,Atlanta Braves,0.4174,0.5826,401816925,9,4,83-67,88-62,0.543,0.58,0.51,0.577,0.09,0.72,4.4,4.58,4.31,3.86,4.0,3.32,Andrew Painter,Grant Holmes,4872683,33840,2.0,regular-season,2026-09-13T17:35Z,1:35 PM ET
2026-09-13,Baltimore Orioles,Toronto Blue Jays,Final,Toronto Blue Jays,Toronto Blue Jays,0.443,0.557,401816919,1,8,72-78,75-75,0.491,0.488,0.487,0.469,-0.13,-0.28,4.46,4.0,4.59,4.28,4.08,3.89,Trevor Rogers,Dylan Cease,39640,34943,2.0,regular-season,2026-09-13T17:37Z,1:37 PM ET
2026-09-13,Houston Astros,Tampa Bay Rays,Final,Tampa Bay Rays,Tampa Bay Rays,0.3133,0.6867,401816921,4,14,75-75,90-59,0.5,0.605,0.48,0.557,-0.2,0.53,4.53,4.54,4.73,4.01,5.5,3.7,Hayden Wesneski,Freddy Peralta,42996,39825,2.0,regular-season,2026-09-13T17:40Z,1:40 PM ET
2026-09-13,Los Angeles Dodgers,Miami Marlins,Final,Miami Marlins,Los Angeles Dodgers,0.6005,0.3995,401816923,4,6,90-59,74-76,0.617,0.494,0.629,0.502,1.24,0.02,4.94,4.41,3.7,4.4,3.55,4.09,Emmet Sheehan,Eury Perez,4417806,4917854,2.0,regular-season,2026-09-13T17:40Z,1:40 PM ET
2026-09-13,Cincinnati Reds,Milwaukee Brewers,Final,Cincinnati Reds,Milwaukee Brewers,0.2797,0.7203,401816927,4,3,70-79,93-57,0.463,0.636,0.403,0.633,-0.99,1.32,4.11,5.14,5.1,3.81,4.83,3.51,Chase Burns,Robert Gasser,4927516,4918251,2.0,regular-season,2026-09-13T18:10Z,2:10 PM ET
2026-09-13,Cleveland Guardians,Minnesota Twins,Final,Cleveland Guardians,Cleveland Guardians,0.5433,0.4567,401816928,9,2,76-74,70-79,0.525,0.475,0.507,0.465,0.07,-0.36,4.19,4.56,4.12,4.92,3.77,4.56,Tanner Bibee,Joe Ryan,4345278,42450,2.0,regular-season,2026-09-13T18:10Z,2:10 PM ET
2026-09-13,Chicago White Sox,St. Louis Cardinals,Final,St. Louis Cardinals,Chicago White Sox,0.5222,0.4778,401816926,1,3,76-73,74-76,0.519,0.475,0.534,0.482,0.35,-0.18,4.79,4.44,4.44,4.62,2.5,4.27,Sean Burke,Michael McGreevy,4867679,4424141,2.0,regular-season,2026-09-13T18:15Z,2:15 PM ET
2026-09-13,Pittsburgh Pirates,Chicago Cubs,Final,Pittsburgh Pirates,Chicago Cubs,0.4426,0.5574,401816929,4,3,75-75,83-67,0.506,0.549,0.517,0.586,0.17,0.91,4.73,5.25,4.56,4.34,4.15,6.19,Bubba Chandler,Matthew Boyd,4683325,34401,2.0,regular-season,2026-09-13T18:20Z,2:20 PM ET
2026-09-13,Kansas City Royals,Boston Red Sox,Final,Boston Red Sox,Boston Red Sox,0.3819,0.6181,401816922,1,4,66-84,82-68,0.426,0.537,0.427,0.555,-0.74,0.48,4.26,4.25,5.0,3.77,4.77,10.12,Noah Cameron,Payton Tolle,4417208,4966140,2.0,regular-season,2026-09-13T19:05Z,3:05 PM ET
2026-09-13,Seattle Mariners,Athletics,Final,Athletics,Seattle Mariners,0.5787,0.4213,401816931,7,8,70-80,61-89,0.469,0.395,0.462,0.369,-0.36,-1.47,4.1,4.31,4.46,5.78,4.2,5.51,Bryce Miller,Jacob Lopez,4654313,42239,2.0,regular-season,2026-09-13T20:05Z,4:05 PM ET
2026-09-13,Texas Rangers,Arizona Diamondbacks,Final,Texas Rangers,Arizona Diamondbacks,0.4236,0.5764,401816932,7,6,74-76,79-71,0.494,0.531,0.47,0.506,-0.28,0.06,4.15,4.56,4.44,4.51,4.32,4.18,Cal Quantrill,Eduardo Rodriguez,39875,32675,2.0,regular-season,2026-09-13T20:10Z,4:10 PM ET
2026-09-13,San Diego Padres,San Francisco Giants,Final,San Diego Padres,San Diego Padres,0.6939,0.3061,401816930,6,4,81-68,62-88,0.562,0.401,0.527,0.442,0.25,-0.56,4.46,4.13,4.2,4.69,0.5,4.33,Nick Pivetta,Logan Webb,36071,41216,2.0,regular-season,2026-09-13T23:20Z,7:20 PM ET
2026-09-14,Chicago White Sox,Cleveland Guardians,Final,Chicago White Sox,Cleveland Guardians,0.4421,0.5579,401816934,7,3,77-73,76-75,0.519,0.525,0.534,0.507,0.35,0.07,4.79,4.19,4.44,4.12,2.5,3.77,Sean Newcomb,Gavin Williams,33856,4345076,2.0,regular-season,2026-09-14T22:40Z,6:40 PM ET
2026-09-14,Los Angeles Dodgers,Cincinnati Reds,Final,Los Angeles Dodgers,Los Angeles Dodgers,0.6275,0.3725,401816936,4,1,91-59,70-80,0.617,0.463,0.629,0.403,1.24,-0.99,4.94,4.11,3.7,5.1,3.55,4.83,Tarik Skubal,Nick Lodolo,42409,42433,2.0,regular-season,2026-09-14T22:40Z,6:40 PM ET
2026-09-14,Detroit Tigers,Toronto Blue Jays,Final,Detroit Tigers,Toronto Blue Jays,0.4054,0.5946,401816935,6,5,71-79,75-76,0.469,0.488,0.547,0.469,0.44,-0.28,4.46,4.0,4.02,4.28,3.67,3.89,Troy Melton,Jose Soriano,5294127,40973,2.0,regular-season,2026-09-14T23:07Z,7:07 PM ET
2026-09-14,Baltimore Orioles,New York Mets,Final,Baltimore Orioles,Baltimore Orioles,0.5026,0.4974,401816933,2,1,73-78,69-81,0.491,0.457,0.487,0.48,-0.13,-0.2,4.46,4.31,4.59,4.51,4.08,4.15,Brandon Young,Jonah Tong,4414339,5214984,2.0,regular-season,2026-09-14T23:10Z,7:10 PM ET
2026-09-14,Atlanta Braves,Chicago Cubs,Final,Chicago Cubs,Atlanta Braves,0.5492,0.4508,401816937,3,7,88-63,84-67,0.58,0.549,0.577,0.586,0.72,0.91,4.58,5.25,3.86,4.34,3.32,6.19,Reynaldo Lopez,David Peterson,33860,40921,2.0,regular-season,2026-09-14T23:40Z,7:40 PM ET
2026-09-14,New York Yankees,Minnesota Twins,Final,New York Yankees,New York Yankees,0.617,0.383,401816938,8,3,87-63,70-80,0.578,0.475,0.593,0.465,0.86,-0.36,4.59,4.56,3.73,4.92,1.0,4.56,Will Warren,Dean Kremer,5132011,38295,2.0,regular-season,2026-09-14T23:40Z,7:40 PM ET
2026-09-14,San Francisco Giants,St. Louis Cardinals,Final,St. Louis Cardinals,St. Louis Cardinals,0.3714,0.6286,401816939,1,2,62-89,75-76,0.401,0.475,0.442,0.482,-0.56,-0.18,4.13,4.44,4.69,4.62,4.33,4.27,Landen Roupp,Quinn Mathews,4345404,4837405,2.0,regular-season,2026-09-14T23:45Z,7:45 PM ET
2026-09-14,San Diego Padres,Colorado Rockies,Final,San Diego Padres,San Diego Padres,0.7664,0.2336,401816940,8,7,82-68,55-95,0.562,0.358,0.527,0.397,0.25,-1.19,4.46,4.64,4.2,5.83,0.5,5.59,Casey Mize,Tomoyuki Sugano,41167,4142423,2.0,regular-season,2026-09-15T00:40Z,8:40 PM ET
2026-09-14,Seattle Mariners,Los Angeles Angels,Final,Los Angeles Angels,Seattle Mariners,0.5761,0.4239,401816942,4,6,70-81,57-93,0.469,0.383,0.462,0.437,-0.36,-0.6,4.1,4.04,4.46,4.64,4.2,4.29,Kade Anderson,Reid Detmers,5198748,4326697,2.0,regular-season,2026-09-15T01:38Z,9:38 PM ET
2026-09-14,Miami Marlins,Arizona Diamondbacks,Final,Arizona Diamondbacks,Arizona Diamondbacks,0.4124,0.5876,401816941,7,8,74-77,80-71,0.494,0.531,0.502,0.506,0.02,0.06,4.41,4.56,4.4,4.51,4.09,4.18,Sandy Alcantara,Corbin Burnes,35241,39878,2.0,regular-season,2026-09-15T01:40Z,9:40 PM ET
2026-09-15,Athletics,Tampa Bay Rays,Final,Tampa Bay Rays,Tampa Bay Rays,0.2101,0.7899,401816943,1,2,61-90,91-59,0.395,0.605,0.369,0.557,-1.47,0.53,4.31,4.54,5.78,4.01,5.51,3.7,Jack Perkins,Griffin Jax,4418686,42604,2.0,regular-season,2026-09-15T22:40Z,6:40 PM ET
2026-09-15,Chicago White Sox,Cleveland Guardians,Final,Cleveland Guardians,Cleveland Guardians,0.4421,0.5579,401816945,6,7,77-74,77-75,0.519,0.525,0.534,0.507,0.35,0.07,4.79,4.19,4.44,4.12,2.5,3.77,Chris Murphy,Foster Griffin,4084958,33773,2.0,regular-season,2026-09-15T22:40Z,6:40 PM ET
2026-09-15,Los Angeles Dodgers,Cincinnati Reds,Final,Los Angeles Dodgers,Los Angeles Dodgers,0.6275,0.3725,401816947,4,0,92-59,70-81,0.617,0.463,0.629,0.403,1.24,-0.99,4.94,4.11,3.7,5.1,3.55,4.83,Yoshinobu Yamamoto,Rhett Lowder,4872587,4758873,2.0,regular-season,2026-09-15T22:40Z,6:40 PM ET
2026-09-15,Milwaukee Brewers,Pittsburgh Pirates,Final,Milwaukee Brewers,Milwaukee Brewers,0.6182,0.3818,401816948,5,1,94-57,75-76,0.636,0.506,0.633,0.517,1.32,0.17,5.14,4.73,3.81,4.56,3.51,4.15,Jacob Misiorowski,Lake Bachar,5080761,42592,2.0,regular-season,2026-09-15T22:40Z,6:40 PM ET
2026-09-15,Philadelphia Phillies,Washington Nationals,Final,Washington Nationals,Philadelphia Phillies,0.5802,0.4198,401816949,3,6,83-68,71-81,0.543,0.475,0.51,0.503,0.09,0.04,4.4,5.07,4.31,5.03,4.0,4.67,Cristopher Sanchez,Jackson Kent,42359,5007807,2.0,regular-season,2026-09-15T22:45Z,6:45 PM ET
2026-09-15,Detroit Tigers,Toronto Blue Jays,Final,Detroit Tigers,Toronto Blue Jays,0.4054,0.5946,401816946,10,1,72-79,75-77,0.469,0.488,0.547,0.469,0.44,-0.28,4.46,4.0,4.02,4.28,3.67,3.89,Drew Anderson,Braydon Fisher,41125,41318,2.0,regular-season,2026-09-15T23:07Z,7:07 PM ET
2026-09-15,Baltimore Orioles,New York Mets,Final,Baltimore Orioles,Baltimore Orioles,0.5026,0.4974,401816944,7,5,74-78,69-82,0.491,0.457,0.487,0.48,-0.13,-0.2,4.46,4.31,4.59,4.51,4.08,4.15,Shane Baz,Sean Manaea,39639,33244,2.0,regular-season,2026-09-15T23:10Z,7:10 PM ET
2026-09-15,Atlanta Braves,Chicago Cubs,Final,Atlanta Braves,Atlanta Braves,0.5492,0.4508,401816950,6,3,89-63,84-68,0.58,0.549,0.577,0.586,0.72,0.91,4.58,5.25,3.86,4.34,3.32,6.19,Martin Perez,Kevin Gausman,31098,32667,2.0,regular-season,2026-09-15T23:40Z,7:40 PM ET
2026-09-15,New York Yankees,Minnesota Twins,Final,New York Yankees,New York Yankees,0.617,0.383,401816953,8,1,88-63,70-81,0.578,0.475,0.593,0.465,0.86,-0.36,4.59,4.56,3.73,4.92,1.0,4.56,Max Fried,Bailey Ober,32685,3107919,2.0,regular-season,2026-09-15T23:40Z,7:40 PM ET
2026-09-15,San Francisco Giants,St. Louis Cardinals,Final,San Francisco Giants,St. Louis Cardinals,0.3714,0.6286,401816954,10,3,63-89,75-77,0.401,0.475,0.442,0.482,-0.56,-0.18,4.13,4.44,4.69,4.62,4.33,4.27,Blade Tidwell,Andre Pallante,4719088,4109034,2.0,regular-season,2026-09-15T23:45Z,7:45 PM ET
2026-09-15,Boston Red Sox,Texas Rangers,Final,Texas Rangers,Texas Rangers,0.4377,0.5623,401816951,2,4,82-69,75-76,0.537,0.494,0.555,0.47,0.48,-0.28,4.25,4.15,3.77,4.44,10.12,4.32,Patrick Sandoval,Jacob deGrom,40975,32796,2.0,regular-season,2026-09-16T00:05Z,8:05 PM ET
2026-09-15,Kansas City Royals,Houston Astros,Final,Houston Astros,Houston Astros,0.3786,0.6214,401816952,2,4,66-85,76-75,0.426,0.5,0.427,0.48,-0.74,-0.2,4.26,4.53,5.0,4.73,4.77,5.5,Michael Wacha,Hunter Brown,32640,4717803,2.0,regular-season,2026-09-16T00:10Z,8:10 PM ET
2026-09-15,San Diego Padres,Colorado Rockies,Final,Colorado Rockies,San Diego Padres,0.7664,0.2336,401816955,3,9,82-69,56-95,0.562,0.358,0.527,0.397,0.25,-1.19,4.46,4.64,4.2,5.83,0.5,5.59,Walker Buehler,Kyle Freeland,39251,33839,2.0,regular-season,2026-09-16T00:40Z,8:40 PM ET
2026-09-15,Seattle Mariners,Los Angeles Angels,Final,Los Angeles Angels,Seattle Mariners,0.5761,0.4239,401816957,1,2,70-82,58-93,0.469,0.383,0.462,0.437,-0.36,-0.6,4.1,4.04,4.46,4.64,4.2,4.29,Logan Gilbert,Ryan Johnson,41221,5007859,2.0,regular-season,2026-09-16T01:38Z,9:38 PM ET
2026-09-15,Miami Marlins,Arizona Diamondbacks,Final,Miami Marlins,Arizona Diamondbacks,0.4124,0.5876,401816956,4,2,75-77,80-72,0.494,0.531,0.502,0.506,0.02,0.06,4.41,4.56,4.4,4.51,4.09,4.18,Janson Junk,Michael Soroka,4881980,34984,2.0,regular-season,2026-09-16T01:40Z,9:40 PM ET
2026-09-16,Chicago White Sox,Cleveland Guardians,Final,Cleveland Guardians,Cleveland Guardians,0.4421,0.5579,401816960,3,6,77-75,78-75,0.519,0.525,0.534,0.507,0.35,0.07,4.79,4.19,4.44,4.12,2.5,3.77,Anthony Kay,Parker Messick,40947,4619898,2.0,regular-season,2026-09-16T17:00Z,1:00 PM ET
2026-09-16,San Francisco Giants,St. Louis Cardinals,Final,San Francisco Giants,St. Louis Cardinals,0.3714,0.6286,401816969,6,5,64-89,75-78,0.401,0.475,0.442,0.482,-0.56,-0.18,4.13,4.44,4.69,4.62,4.33,4.27,Anthony Molina,Matthew Liberatore,5016983,41173,2.0,regular-season,2026-09-16T17:15Z,1:15 PM ET
2026-09-16,New York Yankees,Minnesota Twins,Final,Minnesota Twins,New York Yankees,0.617,0.383,401816968,4,5,88-64,71-81,0.578,0.475,0.593,0.465,0.86,-0.36,4.59,4.56,3.73,4.92,1.0,4.56,Carlos Rodon,Zebby Matthews,33696,4791597,2.0,regular-season,2026-09-16T17:40Z,1:40 PM ET
2026-09-16,Detroit Tigers,Toronto Blue Jays,Final,Toronto Blue Jays,Toronto Blue Jays,0.4054,0.5946,401816961,1,5,72-80,76-77,0.469,0.488,0.547,0.469,0.44,-0.28,4.46,4.0,4.02,4.28,3.67,3.89,Keider Montero,Max Scherzer,5182933,28976,2.0,regular-season,2026-09-16T19:07Z,3:07 PM ET
2026-09-16,Athletics,Tampa Bay Rays,Final,Tampa Bay Rays,Tampa Bay Rays,0.2101,0.7899,401816958,3,4,61-91,92-59,0.395,0.605,0.369,0.557,-1.47,0.53,4.31,4.54,5.78,4.01,5.51,3.7,Brady Basso,Nick Martinez,4179551,33372,2.0,regular-season,2026-09-16T22:40Z,6:40 PM ET
2026-09-16,Los Angeles Dodgers,Cincinnati Reds,Final,Cincinnati Reds,Los Angeles Dodgers,0.6275,0.3725,401816962,2,6,92-60,71-81,0.617,0.463,0.629,0.403,1.24,-0.99,4.94,4.11,3.7,5.1,3.55,4.83,Blake Snell,Andrew Abbott,33748,4414528,2.0,regular-season,2026-09-16T22:40Z,6:40 PM ET
2026-09-16,Milwaukee Brewers,Pittsburgh Pirates,Final,Milwaukee Brewers,Milwaukee Brewers,0.6182,0.3818,401816963,5,4,95-57,75-77,0.636,0.506,0.633,0.517,1.32,0.17,5.14,4.73,3.81,4.56,3.51,4.15,Logan Henderson,Jared Jones,4917878,4918156,2.0,regular-season,2026-09-16T22:40Z,6:40 PM ET
2026-09-16,Philadelphia Phillies,Washington Nationals,Final,Philadelphia Phillies,Philadelphia Phillies,0.5802,0.4198,401816964,3,0,84-68,71-82,0.543,0.475,0.51,0.503,0.09,0.04,4.4,5.07,4.31,5.03,4.0,4.67,Zack Wheeler,Jared Simpson,31267,4719315,2.0,regular-season,2026-09-16T22:45Z,6:45 PM ET
2026-09-16,Baltimore Orioles,New York Mets,Final,Baltimore Orioles,Baltimore Orioles,0.5026,0.4974,401816959,7,1,75-78,69-83,0.491,0.457,0.487,0.48,-0.13,-0.2,4.46,4.31,4.59,4.51,4.08,4.15,Chris Bassitt,Xzavion Curry,33148,4204524,2.0,regular-season,2026-09-16T23:00Z,7:00 PM ET
2026-09-16,Atlanta Braves,Chicago Cubs,Final,Chicago Cubs,Atlanta Braves,0.5492,0.4508,401816965,4,8,89-64,85-68,0.58,0.549,0.577,0.586,0.72,0.91,4.58,5.25,3.86,4.34,3.32,6.19,JR Ritchie,Shota Imanaga,5080757,5134630,2.0,regular-season,2026-09-16T23:40Z,7:40 PM ET
2026-09-16,Boston Red Sox,Texas Rangers,Final,Texas Rangers,Texas Rangers,0.4377,0.5623,401816966,3,7,82-70,76-76,0.537,0.494,0.555,0.47,0.48,-0.28,4.25,4.15,3.77,4.44,10.12,4.32,Jake Bennett,MacKenzie Gore,4654024,39636,2.0,regular-season,2026-09-17T00:05Z,8:05 PM ET
2026-09-16,Kansas City Royals,Houston Astros,Final,Kansas City Royals,Houston Astros,0.3786,0.6214,401816967,5,2,67-85,76-76,0.426,0.5,0.427,0.48,-0.74,-0.2,4.26,4.53,5.0,4.73,4.77,5.5,Daniel Lynch IV,Cristian Javier,41227,41261,2.0,regular-season,2026-09-17T00:10Z,8:10 PM ET
2026-09-16,San Diego Padres,Colorado Rockies,Final,San Diego Padres,San Diego Padres,0.7664,0.2336,401816970,9,3,83-69,56-96,0.562,0.358,0.527,0.397,0.25,-1.19,4.46,4.64,4.2,5.83,0.5,5.59,Robbie Ray,Mason Adams,32175,4758424,2.0,regular-season,2026-09-17T00:40Z,8:40 PM ET
2026-09-16,Seattle Mariners,Los Angeles Angels,Final,Seattle Mariners,Seattle Mariners,0.5761,0.4239,401816972,7,2,71-82,58-94,0.469,0.383,0.462,0.437,-0.36,-0.6,4.1,4.04,4.46,4.64,4.2,4.29,George Kirby,Yusei Kikuchi,42406,41415,2.0,regular-season,2026-09-17T01:38Z,9:38 PM ET
2026-09-16,Miami Marlins,Arizona Diamondbacks,Final,Miami Marlins,Arizona Diamondbacks,0.4124,0.5876,401816971,4,3,76-77,80-73,0.494,0.531,0.502,0.506,0.02,0.06,4.41,4.56,4.4,4.51,4.09,4.18,Ryan Gusto,Merrill Kelly,5131986,32968,2.0,regular-season,2026-09-17T01:40Z,9:40 PM ET
2026-09-17,Milwaukee Brewers,Pittsburgh Pirates,Final,Pittsburgh Pirates,Milwaukee Brewers,0.6182,0.3818,401816975,4,7,95-58,76-77,0.636,0.506,0.633,0.517,1.32,0.17,5.14,4.73,3.81,4.56,3.51,4.15,Kyle Harrison,Wilber Dotel,4683375,5332991,2.0,regular-season,2026-09-17T16:35Z,12:35 PM ET
2026-09-17,Los Angeles Dodgers,Cincinnati Reds,Final,Los Angeles Dodgers,Los Angeles Dodgers,0.6275,0.3725,401816974,8,2,93-60,71-82,0.617,0.463,0.629,0.403,1.24,-0.99,4.94,4.11,3.7,5.1,3.55,4.83,Justin Wrobleski,Brady Singer,4417203,41172,2.0,regular-season,2026-09-17T16:40Z,12:40 PM ET
2026-09-17,Athletics,Tampa Bay Rays,Final,Tampa Bay Rays,Tampa Bay Rays,0.2101,0.7899,401816973,1,10,61-92,93-59,0.395,0.605,0.369,0.557,-1.47,0.53,4.31,4.54,5.78,4.01,5.51,3.7,Jeffrey Springs,Drew Rasmussen,35397,42584,2.0,regular-season,2026-09-17T17:10Z,1:10 PM ET
2026-09-17,San Diego Padres,Colorado Rockies,Final,San Diego Padres,San Diego Padres,0.7664,0.2336,401816980,9,2,84-69,56-97,0.562,0.358,0.527,0.397,0.25,-1.19,4.46,4.64,4.2,5.83,0.5,5.59,Michael King,Tanner Gordon,40429,4415658,2.0,regular-season,2026-09-17T19:10Z,3:10 PM ET
2026-09-17,Philadelphia Phillies,New York Mets,Final,Philadelphia Phillies,Philadelphia Phillies,0.575,0.425,401816976,3,0,85-68,69-84,0.543,0.457,0.51,0.48,0.09,-0.2,4.4,4.31,4.31,4.51,4.0,4.15,Aaron Nola,Nolan McLean,33709,4433874,2.0,regular-season,2026-09-17T23:15Z,7:15 PM ET
2026-09-17,Kansas City Royals,Houston Astros,Final,Houston Astros,Houston Astros,0.3786,0.6214,401816979,2,6,67-86,77-76,0.426,0.5,0.427,0.48,-0.74,-0.2,4.26,4.53,5.0,4.73,4.77,5.5,Seth Lugo,Miguel Ullola,34873,5124163,2.0,regular-season,2026-09-17T23:15Z,7:15 PM ET
2026-09-17,Detroit Tigers,Chicago White Sox,Final,Chicago White Sox,Chicago White Sox,0.3822,0.6178,401816978,1,3,72-81,78-75,0.469,0.519,0.547,0.534,0.44,0.35,4.46,4.79,4.02,4.44,3.67,2.5,Framber Valdez,Erick Fedde,36581,33793,2.0,regular-season,2026-09-17T23:40Z,7:40 PM ET
2026-09-17,Boston Red Sox,Texas Rangers,Final,Boston Red Sox,Texas Rangers,0.4377,0.5623,401816977,4,3,83-70,76-77,0.537,0.494,0.555,0.47,0.48,-0.28,4.25,4.15,3.77,4.44,10.12,4.32,Sonny Gray,Tyler Alexander,32082,40360,2.0,regular-season,2026-09-18T00:05Z,8:05 PM ET
2026-09-17,Minnesota Twins,Los Angeles Angels,Final,Los Angeles Angels,Minnesota Twins,0.5654,0.4346,401816981,4,5,71-82,59-94,0.475,0.383,0.465,0.437,-0.36,-0.6,4.56,4.04,4.92,4.64,4.56,4.29,Taj Bradley,Walbert Urena,42480,5197476,2.0,regular-season,2026-09-18T01:38Z,9:38 PM ET
2026-09-18,Chicago Cubs,Cincinnati Reds,Final,Cincinnati Reds,Chicago Cubs,0.508,0.492,401816984,4,6,85-69,72-82,0.549,0.463,0.586,0.403,0.91,-0.99,5.25,4.11,4.34,5.1,6.19,4.83,Clay Holmes,Chase Burns,32827,4927516,2.0,regular-season,2026-09-18T22:40Z,6:40 PM ET
2026-09-18,Kansas City Royals,Pittsburgh Pirates,Final,Pittsburgh Pirates,Pittsburgh Pirates,0.3684,0.6316,401816985,5,8,67-87,77-77,0.426,0.506,0.427,0.517,-0.74,0.17,4.26,4.73,5.0,4.56,4.77,4.15,Randy Dobnak,Paul Skenes,42214,4719507,2.0,regular-season,2026-09-18T22:40Z,6:40 PM ET
2026-09-18,Milwaukee Brewers,Baltimore Orioles,Final,Milwaukee Brewers,Milwaukee Brewers,0.6257,0.3743,401816986,6,5,96-58,75-79,0.636,0.491,0.633,0.487,1.32,-0.13,5.14,4.46,3.81,4.59,3.51,4.08,Dustin May,Cade Povich,40937,5085743,2.0,regular-season,2026-09-18T23:05Z,7:05 PM ET
2026-09-18,Athletics,Cleveland Guardians,Final,Cleveland Guardians,Cleveland Guardians,0.28,0.72,401816982,3,5,61-93,79-75,0.395,0.525,0.369,0.507,-1.47,0.07,4.31,4.19,5.78,4.12,5.51,3.77,Mason Barnett,Daniel Espino,4620704,42438,2.0,regular-season,2026-09-18T23:10Z,7:10 PM ET
2026-09-18,Boston Red Sox,Tampa Bay Rays,Final,Boston Red Sox,Tampa Bay Rays,0.3103,0.6897,401816983,4,2,84-70,93-60,0.537,0.605,0.555,0.557,0.48,0.53,4.25,4.54,3.77,4.01,10.12,3.7,Ranger Suarez,Ian Seymour,39817,4669425,2.0,regular-season,2026-09-18T23:10Z,7:10 PM ET
2026-09-18,Philadelphia Phillies,New York Mets,Final,New York Mets,Philadelphia Phillies,0.575,0.425,401816987,3,6,85-69,70-84,0.543,0.457,0.51,0.48,0.09,-0.2,4.4,4.31,4.31,4.51,4.0,4.15,Tim Mayza,Zac Thornton,35773,5129576,2.0,regular-season,2026-09-18T23:10Z,7:10 PM ET
2026-09-18,Detroit Tigers,Chicago White Sox,Final,Detroit Tigers,Chicago White Sox,0.3822,0.6178,401816989,11,8,73-81,78-76,0.469,0.519,0.547,0.534,0.44,0.35,4.46,4.79,4.02,4.44,3.67,2.5,Andrew Sears,David Sandlin,5140040,4960696,2.0,regular-season,2026-09-18T23:40Z,7:40 PM ET
2026-09-18,Toronto Blue Jays,Texas Rangers,Final,Texas Rangers,Texas Rangers,0.4598,0.5402,401816990,1,7,76-78,77-77,0.488,0.494,0.469,0.47,-0.28,-0.28,4.0,4.15,4.28,4.44,3.89,4.32,Dylan Cease,Kumar Rocker,34943,4414525,2.0,regular-season,2026-09-19T00:05Z,8:05 PM ET
2026-09-18,Atlanta Braves,Houston Astros,Final,Atlanta Braves,Atlanta Braves,0.576,0.424,401816988,6,2,90-64,77-77,0.58,0.5,0.577,0.48,0.72,-0.2,4.58,4.53,3.86,4.73,3.32,5.5,Tyler Mahle,Peter Lambert,34973,39898,2.0,regular-season,2026-09-19T00:10Z,8:10 PM ET
2026-09-18,Seattle Mariners,Colorado Rockies,Final,Seattle Mariners,Seattle Mariners,0.6435,0.3565,401816992,5,4,72-82,56-98,0.469,0.358,0.462,0.397,-0.36,-1.19,4.1,4.64,4.46,5.83,4.2,5.59,Bryan Woo,Gabriel Hughes,4629089,4634930,2.0,regular-season,2026-09-19T00:10Z,8:10 PM ET
2026-09-18,Washington Nationals,St. Louis Cardinals,Final,Washington Nationals,St. Louis Cardinals,0.4333,0.5667,401816991,9,1,72-82,75-79,0.475,0.475,0.503,0.482,0.04,-0.18,5.07,4.44,5.03,4.62,4.67,4.27,Cade Cavalli,Kyle Leahy,4308037,5006093,2.0,regular-season,2026-09-19T00:15Z,8:15 PM ET
2026-09-18,Minnesota Twins,Los Angeles Angels,Final,Minnesota Twins,Minnesota Twins,0.5654,0.4346,401816994,3,0,72-82,59-95,0.475,0.383,0.465,0.437,-0.36,-0.6,4.56,4.04,4.92,4.64,4.56,4.29,Connor Prielipp,Grayson Rodriguez,4620001,41196,2.0,regular-season,2026-09-19T01:38Z,9:38 PM ET
2026-09-18,Miami Marlins,San Diego Padres,Final,San Diego Padres,San Diego Padres,0.3359,0.6641,401816993,2,8,76-78,85-69,0.494,0.562,0.502,0.527,0.02,0.25,4.41,4.46,4.4,4.2,4.09,0.5,Tyler Phillips,Nick Pivetta,41247,36071,2.0,regular-season,2026-09-19T01:40Z,9:40 PM ET
2026-09-18,New York Yankees,Arizona Diamondbacks,Final,New York Yankees,New York Yankees,0.5409,0.4591,401816995,9,2,89-64,80-74,0.578,0.531,0.593,0.506,0.86,0.06,4.59,4.56,3.73,4.51,1.0,4.18,Gerrit Cole,Eduardo Rodriguez,32081,32675,2.0,regular-season,2026-09-19T01:40Z,9:40 PM ET
2026-09-18,San Francisco Giants,Los Angeles Dodgers,Final,Los Angeles Dodgers,Los Angeles Dodgers,0.2303,0.7697,401816996,2,8,64-90,94-60,0.401,0.617,0.442,0.629,-0.56,1.24,4.13,4.94,4.69,3.7,4.33,3.55,Cesar Perdomo,Tyler Glasnow,5271881,33190,2.0,regular-season,2026-09-19T02:15Z,10:15 PM ET
2026-09-19,Detroit Tigers,Chicago White Sox,Final,Chicago White Sox,Chicago White Sox,0.3822,0.6178,401817004,1,3,73-82,79-76,0.469,0.519,0.547,0.534,0.44,0.35,4.46,4.79,4.02,4.44,3.67,2.5,Jackson Jobe,Sean Burke,4872647,4867679,2.0,regular-season,2026-09-19T18:10Z,2:10 PM ET
2026-09-19,Milwaukee Brewers,Baltimore Orioles,Final,Milwaukee Brewers,Milwaukee Brewers,0.6257,0.3743,401817001,1,0,97-58,75-80,0.636,0.491,0.633,0.487,1.32,-0.13,5.14,4.46,3.81,4.59,3.51,4.08,Robert Gasser,Trevor Rogers,4918251,39640,2.0,regular-season,2026-09-19T20:05Z,4:05 PM ET
2026-09-19,Boston Red Sox,Tampa Bay Rays,Final,Tampa Bay Rays,Tampa Bay Rays,0.3103,0.6897,401816998,1,2,84-71,94-60,0.537,0.605,0.555,0.557,0.48,0.53,4.25,4.54,3.77,4.01,10.12,3.7,Brayan Bello,Freddy Peralta,4720856,39825,2.0,regular-season,2026-09-19T20:10Z,4:10 PM ET
2026-09-19,Philadelphia Phillies,New York Mets,Final,New York Mets,Philadelphia Phillies,0.575,0.425,401817002,3,10,85-70,71-84,0.543,0.457,0.51,0.48,0.09,-0.2,4.4,4.31,4.31,4.51,4.0,4.15,Andrew Painter,Christian Scott,4872683,4414215,2.0,regular-season,2026-09-19T20:10Z,4:10 PM ET
2026-09-19,Athletics,Cleveland Guardians,Final,Cleveland Guardians,Cleveland Guardians,0.28,0.72,401816997,6,12,61-94,80-75,0.395,0.525,0.369,0.507,-1.47,0.07,4.31,4.19,5.78,4.12,5.51,3.77,Jacob Lopez,Tanner Bibee,42239,4345278,2.0,regular-season,2026-09-19T22:10Z,6:10 PM ET
2026-09-19,Chicago Cubs,Cincinnati Reds,Final,Chicago Cubs,Chicago Cubs,0.508,0.492,401816999,5,2,86-69,72-83,0.549,0.463,0.586,0.403,0.91,-0.99,5.25,4.11,4.34,5.1,6.19,4.83,Matthew Boyd,Nick Lodolo,34401,42433,2.0,regular-season,2026-09-19T22:40Z,6:40 PM ET
2026-09-19,Kansas City Royals,Pittsburgh Pirates,Final,Pittsburgh Pirates,Pittsburgh Pirates,0.3684,0.6316,401817000,5,6,67-88,78-77,0.426,0.506,0.427,0.517,-0.74,0.17,4.26,4.73,5.0,4.56,4.77,4.15,Noah Cameron,Bubba Chandler,4417208,4683325,2.0,regular-season,2026-09-19T22:40Z,6:40 PM ET
2026-09-19,Toronto Blue Jays,Texas Rangers,Final,Texas Rangers,Texas Rangers,0.4598,0.5402,401817005,2,6,76-79,78-77,0.488,0.494,0.469,0.47,-0.28,-0.28,4.0,4.15,4.28,4.44,3.89,4.32,Jose Soriano,Cal Quantrill,40973,39875,2.0,regular-season,2026-09-19T23:05Z,7:05 PM ET
2026-09-19,Atlanta Braves,Houston Astros,Final,Atlanta Braves,Atlanta Braves,0.576,0.424,401817003,6,3,91-64,77-78,0.58,0.5,0.577,0.48,0.72,-0.2,4.58,4.53,3.86,4.73,3.32,5.5,Grant Holmes,Hayden Wesneski,33840,42996,2.0,regular-season,2026-09-19T23:10Z,7:10 PM ET
2026-09-19,Washington Nationals,St. Louis Cardinals,Final,Washington Nationals,St. Louis Cardinals,0.4333,0.5667,401817006,8,5,73-82,75-80,0.475,0.475,0.503,0.482,0.04,-0.18,5.07,4.44,5.03,4.62,4.67,4.27,Andrew Alvarez,Michael McGreevy,4300668,4424141,2.0,regular-season,2026-09-19T23:15Z,7:15 PM ET
2026-09-19,Seattle Mariners,Colorado Rockies,Final,Colorado Rockies,Seattle Mariners,0.6435,0.3565,401817007,3,5,72-83,57-98,0.469,0.358,0.462,0.397,-0.36,-1.19,4.1,4.64,4.46,5.83,4.2,5.59,Bryce Miller,Jose Quintana,4654313,32106,2.0,regular-season,2026-09-20T00:10Z,8:10 PM ET
2026-09-19,New York Yankees,Arizona Diamondbacks,Final,Arizona Diamondbacks,New York Yankees,0.5409,0.4591,401817010,3,5,89-65,81-74,0.578,0.531,0.593,0.506,0.86,0.06,4.59,4.56,3.73,4.51,1.0,4.18,Cam Schlittler,Brandon Pfaadt,5134581,4721302,2.0,regular-season,2026-09-20T00:10Z,8:10 PM ET
2026-09-19,Miami Marlins,San Diego Padres,Final,San Diego Padres,San Diego Padres,0.3359,0.6641,401817008,6,7,76-79,86-69,0.494,0.562,0.502,0.527,0.02,0.25,4.41,4.46,4.4,4.2,4.09,0.5,Eury Perez,Casey Mize,4917854,41167,2.0,regular-season,2026-09-20T00:40Z,8:40 PM ET
2026-09-19,San Francisco Giants,Los Angeles Dodgers,Final,Los Angeles Dodgers,Los Angeles Dodgers,0.2303,0.7697,401817011,4,10,64-91,95-60,0.401,0.617,0.442,0.629,-0.56,1.24,4.13,4.94,4.69,3.7,4.33,3.55,Yunior Marte,Tarik Skubal,5333217,42409,2.0,regular-season,2026-09-20T01:10Z,9:10 PM ET
2026-09-19,Minnesota Twins,Los Angeles Angels,Final,Los Angeles Angels,Minnesota Twins,0.5654,0.4346,401817009,5,6,72-83,60-95,0.475,0.383,0.465,0.437,-0.36,-0.6,4.56,4.04,4.92,4.64,4.56,4.29,Joe Ryan,Reid Detmers,42450,4326697,2.0,regular-season,2026-09-20T01:38Z,9:38 PM ET
2026-09-20,Philadelphia Phillies,New York Mets,Final,Philadelphia Phillies,Philadelphia Phillies,0.575,0.425,401817017,7,2,86-70,71-85,0.543,0.457,0.51,0.48,0.09,-0.2,4.4,4.31,4.31,4.51,4.0,4.15,Cristopher Sanchez,Jonah Tong,42359,5214984,2.0,regular-season,2026-09-20T17:10Z,1:10 PM ET
2026-09-20,Kansas City Royals,Pittsburgh Pirates,Final,Pittsburgh Pirates,Pittsburgh Pirates,0.3684,0.6316,401817015,3,4,67-89,79-77,0.426,0.506,0.427,0.517,-0.74,0.17,4.26,4.73,5.0,4.56,4.77,4.15,Michael Wacha,Lake Bachar,32640,42592,2.0,regular-season,2026-09-20T17:35Z,1:35 PM ET
2026-09-20,Athletics,Cleveland Guardians,Final,Cleveland Guardians,Cleveland Guardians,0.28,0.72,401817012,0,1,61-95,81-75,0.395,0.525,0.369,0.507,-1.47,0.07,4.31,4.19,5.78,4.12,5.51,3.77,Jack Perkins,Gavin Williams,4418686,4345076,2.0,regular-season,2026-09-20T17:40Z,1:40 PM ET
2026-09-20,Boston Red Sox,Tampa Bay Rays,Final,Tampa Bay Rays,Tampa Bay Rays,0.3103,0.6897,401817013,1,5,84-72,95-60,0.537,0.605,0.555,0.557,0.48,0.53,4.25,4.54,3.77,4.01,10.12,3.7,Patrick Sandoval,Griffin Jax,40975,42604,2.0,regular-season,2026-09-20T17:40Z,1:40 PM ET
2026-09-20,Chicago Cubs,Cincinnati Reds,Final,Chicago Cubs,Chicago Cubs,0.508,0.492,401817014,9,1,87-69,72-84,0.549,0.463,0.586,0.403,0.91,-0.99,5.25,4.11,4.34,5.1,6.19,4.83,David Peterson,Rhett Lowder,40921,4758873,2.0,regular-season,2026-09-20T17:40Z,1:40 PM ET
2026-09-20,Atlanta Braves,Houston Astros,Final,Atlanta Braves,Atlanta Braves,0.576,0.424,401817018,4,2,92-64,77-79,0.58,0.5,0.577,0.48,0.72,-0.2,4.58,4.53,3.86,4.73,3.32,5.5,Martin Perez,Hunter Brown,31098,4717803,2.0,regular-season,2026-09-20T18:10Z,2:10 PM ET
2026-09-20,Detroit Tigers,Chicago White Sox,Final,Chicago White Sox,Chicago White Sox,0.3822,0.6178,401817019,1,8,73-83,80-76,0.469,0.519,0.547,0.534,0.44,0.35,4.46,4.79,4.02,4.44,3.67,2.5,Troy Melton,Davis Martin,5294127,42823,2.0,regular-season,2026-09-20T18:10Z,2:10 PM ET
2026-09-20,Washington Nationals,St. Louis Cardinals,Final,St. Louis Cardinals,St. Louis Cardinals,0.4333,0.5667,401817021,3,5,73-83,76-80,0.475,0.475,0.503,0.482,0.04,-0.18,5.07,4.44,5.03,4.62,4.67,4.27,Jake Irvin,Quinn Mathews,41290,4837405,2.0,regular-season,2026-09-20T18:15Z,2:15 PM ET
2026-09-20,Toronto Blue Jays,Texas Rangers,Final,Toronto Blue Jays,Texas Rangers,0.4598,0.5402,401817020,7,2,77-79,78-78,0.488,0.494,0.469,0.47,-0.28,-0.28,4.0,4.15,4.28,4.44,3.89,4.32,Spencer Miles,Jacob deGrom,4833671,32796,2.0,regular-season,2026-09-20T18:35Z,2:35 PM ET
2026-09-20,Seattle Mariners,Colorado Rockies,Final,Seattle Mariners,Seattle Mariners,0.6435,0.3565,401817022,2,1,73-83,57-99,0.469,0.358,0.462,0.397,-0.36,-1.19,4.1,4.64,4.46,5.83,4.2,5.59,Kade Anderson,Tomoyuki Sugano,5198748,4142423,2.0,regular-season,2026-09-20T19:10Z,3:10 PM ET
2026-09-20,Minnesota Twins,Los Angeles Angels,Final,Minnesota Twins,Minnesota Twins,0.5654,0.4346,401817024,8,0,73-83,60-96,0.475,0.383,0.465,0.437,-0.36,-0.6,4.56,4.04,4.92,4.64,4.56,4.29,Dean Kremer,Ryan Johnson,38295,5007859,2.0,regular-season,2026-09-20T20:07Z,4:07 PM ET
2026-09-20,Miami Marlins,San Diego Padres,Final,San Diego Padres,San Diego Padres,0.3359,0.6641,401817023,3,7,76-80,87-69,0.494,0.562,0.502,0.527,0.02,0.25,4.41,4.46,4.4,4.2,4.09,0.5,Sandy Alcantara,Walker Buehler,35241,39251,2.0,regular-season,2026-09-20T20:10Z,4:10 PM ET
2026-09-20,New York Yankees,Arizona Diamondbacks,Final,Arizona Diamondbacks,New York Yankees,0.5409,0.4591,401817025,4,8,89-66,82-74,0.578,0.531,0.593,0.506,0.86,0.06,4.59,4.56,3.73,4.51,1.0,4.18,Will Warren,Corbin Burnes,5132011,39878,2.0,regular-season,2026-09-20T20:10Z,4:10 PM ET
2026-09-20,San Francisco Giants,Los Angeles Dodgers,Final,Los Angeles Dodgers,Los Angeles Dodgers,0.2303,0.7697,401817026,1,3,64-92,96-60,0.401,0.617,0.442,0.629,-0.56,1.24,4.13,4.94,4.69,3.7,4.33,3.55,Matt Wilkinson,Jack Dreyer,5339226,5136082,2.0,regular-season,2026-09-20T20:10Z,4:10 PM ET
2026-09-20,Milwaukee Brewers,Baltimore Orioles,Final,Milwaukee Brewers,Milwaukee Brewers,0.6257,0.3743,401817016,3,0,98-58,75-81,0.636,0.491,0.633,0.487,1.32,-0.13,5.14,4.46,3.81,4.59,3.51,4.08,Jacob Misiorowski,Brandon Young,5080761,4414339,2.0,regular-season,2026-09-20T23:20Z,7:20 PM ET
2026-09-21,Toronto Blue Jays,Baltimore Orioles,Final,Baltimore Orioles,Baltimore Orioles,0.4744,0.5256,401817027,3,4,77-80,76-81,0.488,0.491,0.469,0.487,-0.28,-0.13,4.0,4.46,4.28,4.59,3.89,4.08,Trey Yesavage,Shane Baz,4949041,39639,2.0,regular-season,2026-09-21T22:35Z,6:35 PM ET
2026-09-21,Washington Nationals,Detroit Tigers,Final,Detroit Tigers,Detroit Tigers,0.4481,0.5519,401817028,2,9,73-84,74-83,0.475,0.469,0.503,0.547,0.04,0.44,5.07,4.46,5.03,4.02,4.67,3.67,DJ Herz,River Ryan,4917686,5007605,2.0,regular-season,2026-09-21T22:40Z,6:40 PM ET
2026-09-21,Minnesota Twins,San Francisco Giants,Final,San Francisco Giants,Minnesota Twins,0.5443,0.4557,401817029,2,5,73-84,65-92,0.475,0.401,0.465,0.442,-0.36,-0.56,4.56,4.13,4.92,4.69,4.56,4.33,Zebby Matthews,Blade Tidwell,4791597,4719088,2.0,regular-season,2026-09-22T01:45Z,9:45 PM ET
2026-09-22,Tampa Bay Rays,New York Yankees,Final,New York Yankees,New York Yankees,0.4777,0.5223,401873648,0,2,95-61,90-66,0.605,0.578,0.557,0.593,0.53,0.86,4.54,4.59,4.01,3.73,3.7,1.0,Nick Martinez,Carlos Rodon,33372,33696,2.0,regular-season,2026-09-22T17:05Z,1:05 PM ET
2026-09-22,Milwaukee Brewers,Philadelphia Phillies,Final,Philadelphia Phillies,Milwaukee Brewers,0.5552,0.4448,401817032,4,6,98-59,87-70,0.636,0.543,0.633,0.51,1.32,0.09,5.14,4.4,3.81,4.31,3.51,4.0,Dustin May,Zack Wheeler,40937,31267,2.0,regular-season,2026-09-22T22:40Z,6:40 PM ET
2026-09-22,St. Louis Cardinals,Pittsburgh Pirates,Final,Pittsburgh Pirates,Pittsburgh Pirates,0.4276,0.5724,401817033,0,2,76-81,80-77,0.475,0.506,0.482,0.517,-0.18,0.17,4.44,4.73,4.62,4.56,4.27,4.15,Andre Pallante,Jared Jones,4109034,4918156,2.0,regular-season,2026-09-22T22:40Z,6:40 PM ET
2026-09-22,Washington Nationals,Detroit Tigers,Final,Washington Nationals,Detroit Tigers,0.4481,0.5519,401817036,3,1,74-84,74-84,0.475,0.469,0.503,0.547,0.04,0.44,5.07,4.46,5.03,4.02,4.67,3.67,Riley Cornelio,Drew Anderson,4622146,41125,2.0,regular-season,2026-09-22T22:40Z,6:40 PM ET
2026-09-22,Cleveland Guardians,Boston Red Sox,Final,Cleveland Guardians,Cleveland Guardians,0.5219,0.4781,401817031,3,2,82-75,84-73,0.525,0.537,0.507,0.555,0.07,0.48,4.19,4.25,4.12,3.77,3.77,10.12,Parker Messick,Payton Tolle,4619898,4966140,2.0,regular-season,2026-09-22T22:45Z,6:45 PM ET
2026-09-22,Cincinnati Reds,Atlanta Braves,Final,Cincinnati Reds,Atlanta Braves,0.326,0.674,401817030,4,0,73-84,92-65,0.463,0.58,0.403,0.577,-0.99,0.72,4.11,4.58,5.1,3.86,4.83,3.32,Brandon Williamson,JR Ritchie,42431,5080757,2.0,regular-season,2026-09-22T23:15Z,7:15 PM ET
2026-09-22,Chicago White Sox,Kansas City Royals,Final,Chicago White Sox,Chicago White Sox,0.5834,0.4166,401817037,14,11,81-76,67-90,0.519,0.426,0.534,0.427,0.35,-0.74,4.79,4.26,4.44,5.0,2.5,4.77,Anthony Kay,Daniel Lynch IV,40947,41227,2.0,regular-season,2026-09-22T23:40Z,7:40 PM ET
2026-09-22,Miami Marlins,Chicago Cubs,Final,Miami Marlins,Chicago Cubs,0.438,0.562,401817038,8,2,77-80,87-70,0.494,0.549,0.502,0.586,0.02,0.91,4.41,5.25,4.4,4.34,4.09,6.19,Janson Junk,Shota Imanaga,4881980,5134630,2.0,regular-season,2026-09-22T23:40Z,7:40 PM ET
2026-09-22,New York Mets,Texas Rangers,Final,New York Mets,Texas Rangers,0.4012,0.5988,401817039,6,3,72-85,78-79,0.457,0.494,0.48,0.47,-0.2,-0.28,4.31,4.15,4.51,4.44,4.15,4.32,Sean Manaea,MacKenzie Gore,33244,39636,2.0,regular-season,2026-09-23T00:05Z,8:05 PM ET
2026-09-22,Arizona Diamondbacks,Colorado Rockies,Final,Arizona Diamondbacks,Arizona Diamondbacks,0.7027,0.2973,401817040,7,2,83-74,57-100,0.531,0.358,0.506,0.397,0.06,-1.19,4.56,4.64,4.51,5.83,4.18,5.59,Michael Soroka,Kyle Freeland,34984,33839,2.0,regular-season,2026-09-23T00:40Z,8:40 PM ET
2026-09-22,Los Angeles Angels,Athletics,Final,Athletics,Athletics,0.4614,0.5386,401817041,7,9,60-97,62-95,0.383,0.395,0.437,0.369,-0.6,-1.47,4.04,4.31,4.64,5.78,4.29,5.51,Yusei Kikuchi,Brady Basso,41415,4179551,2.0,regular-season,2026-09-23T01:40Z,9:40 PM ET
2026-09-22,Houston Astros,Seattle Mariners,Final,Houston Astros,Seattle Mariners,0.4727,0.5273,401817042,7,0,78-79,73-84,0.5,0.469,0.48,0.462,-0.2,-0.36,4.53,4.1,4.73,4.46,5.5,4.2,Cristian Javier,Logan Gilbert,41261,41221,2.0,regular-season,2026-09-23T01:40Z,9:40 PM ET
2026-09-22,Minnesota Twins,San Francisco Giants,Final,Minnesota Twins,Minnesota Twins,0.5443,0.4557,401817043,3,2,74-84,65-93,0.475,0.401,0.465,0.442,-0.36,-0.56,4.56,4.13,4.92,4.69,4.56,4.33,Taj Bradley,Anthony Molina,42480,5016983,2.0,regular-season,2026-09-23T01:45Z,9:45 PM ET
2026-09-22,San Diego Padres,Los Angeles Dodgers,Final,Los Angeles Dodgers,Los Angeles Dodgers,0.4445,0.5555,401817044,0,7,87-70,97-60,0.562,0.617,0.527,0.629,0.25,1.24,4.46,4.94,4.2,3.7,0.5,3.55,Michael King,Brock Stewart,40429,35997,2.0,regular-season,2026-09-23T02:10Z,10:10 PM ET
2026-09-23,Washington Nationals,Detroit Tigers,Final,Washington Nationals,Detroit Tigers,0.4481,0.5519,401817051,4,2,75-84,74-85,0.475,0.469,0.503,0.547,0.04,0.44,5.07,4.46,5.03,4.02,4.67,3.67,Richard Lovelady,Framber Valdez,39856,36581,2.0,regular-season,2026-09-23T17:10Z,1:10 PM ET
2026-09-23,Toronto Blue Jays,Baltimore Orioles,Final,Baltimore Orioles,Baltimore Orioles,0.4744,0.5256,401923610,2,4,77-81,77-81,0.488,0.491,0.469,0.487,-0.28,-0.13,4.0,4.46,4.28,4.59,3.89,4.08,Max Scherzer,Chris Bassitt,28976,33148,2.0,regular-season,2026-09-23T17:35Z,1:35 PM ET
2026-09-23,Minnesota Twins,San Francisco Giants,Final,Minnesota Twins,Minnesota Twins,0.5443,0.4557,401817058,4,2,75-84,65-94,0.475,0.401,0.465,0.442,-0.36,-0.56,4.56,4.13,4.92,4.69,4.56,4.33,Connor Prielipp,Cesar Perdomo,4620001,5271881,2.0,regular-season,2026-09-23T19:45Z,3:45 PM ET
2026-09-23,Milwaukee Brewers,Philadelphia Phillies,Final,Milwaukee Brewers,Milwaukee Brewers,0.5552,0.4448,401817047,4,1,99-59,87-71,0.636,0.543,0.633,0.51,1.32,0.09,5.14,4.4,3.81,4.31,3.51,4.0,Logan Henderson,Aaron Nola,4917878,33709,2.0,regular-season,2026-09-23T22:40Z,6:40 PM ET
2026-09-23,St. Louis Cardinals,Pittsburgh Pirates,Final,St. Louis Cardinals,Pittsburgh Pirates,0.4276,0.5724,401817048,5,1,77-81,80-78,0.475,0.506,0.482,0.517,-0.18,0.17,4.44,4.73,4.62,4.56,4.27,4.15,Matthew Liberatore,Lake Bachar,41173,42592,2.0,regular-season,2026-09-23T22:40Z,6:40 PM ET
2026-09-23,Cleveland Guardians,Boston Red Sox,Final,Boston Red Sox,Cleveland Guardians,0.5219,0.4781,401817046,0,1,82-76,85-73,0.525,0.537,0.507,0.555,0.07,0.48,4.19,4.25,4.12,3.77,3.77,10.12,Foster Griffin,Sonny Gray,33773,32082,2.0,regular-season,2026-09-23T23:00Z,7:00 PM ET
2026-09-23,Tampa Bay Rays,New York Yankees,Final,New York Yankees,New York Yankees,0.4777,0.5223,401817049,2,9,96-62,91-67,0.605,0.578,0.557,0.593,0.53,0.86,4.54,4.59,4.01,3.73,3.7,1.0,Mason Englert,Gerrit Cole,41386,32081,2.0,regular-season,2026-09-23T23:05Z,7:05 PM ET
2026-09-23,Cincinnati Reds,Atlanta Braves,Final,Atlanta Braves,Atlanta Braves,0.326,0.674,401817045,2,3,73-85,93-65,0.463,0.58,0.403,0.577,-0.99,0.72,4.11,4.58,5.1,3.86,4.83,3.32,Andrew Abbott,Chris Sale,4414528,30948,2.0,regular-season,2026-09-23T23:15Z,7:15 PM ET
2026-09-23,Chicago White Sox,Kansas City Royals,Final,Kansas City Royals,Chicago White Sox,0.5834,0.4166,401817052,4,5,81-77,68-90,0.519,0.426,0.534,0.427,0.35,-0.74,4.79,4.26,4.44,5.0,2.5,4.77,Bryan Hudson,Seth Lugo,4991171,34873,2.0,regular-season,2026-09-23T23:40Z,7:40 PM ET
2026-09-23,Miami Marlins,Chicago Cubs,Final,Miami Marlins,Chicago Cubs,0.438,0.562,401817053,3,2,78-80,87-71,0.494,0.549,0.502,0.586,0.02,0.91,4.41,5.25,4.4,4.34,4.09,6.19,Ryan Gusto,Kevin Gausman,5131986,32667,2.0,regular-season,2026-09-23T23:40Z,7:40 PM ET
2026-09-23,New York Mets,Texas Rangers,Final,New York Mets,Texas Rangers,0.4012,0.5988,401817054,7,2,73-85,78-80,0.457,0.494,0.48,0.47,-0.2,-0.28,4.31,4.15,4.51,4.44,4.15,4.32,Nolan McLean,Cody Bradford,4433874,4142539,2.0,regular-season,2026-09-24T00:05Z,8:05 PM ET
2026-09-23,Arizona Diamondbacks,Colorado Rockies,Final,Arizona Diamondbacks,Arizona Diamondbacks,0.7027,0.2973,401817055,5,3,84-74,57-101,0.531,0.358,0.506,0.397,0.06,-1.19,4.56,4.64,4.51,5.83,4.18,5.59,Merrill Kelly,Mason Adams,32968,4758424,2.0,regular-season,2026-09-24T00:40Z,8:40 PM ET
2026-09-23,Los Angeles Angels,Athletics,Final,Athletics,Athletics,0.4614,0.5386,401817056,3,7,60-98,63-95,0.383,0.395,0.437,0.369,-0.6,-1.47,4.04,4.31,4.64,5.78,4.29,5.51,Walbert Urena,Jeffrey Springs,5197476,35397,2.0,regular-season,2026-09-24T01:40Z,9:40 PM ET
2026-09-23,Houston Astros,Seattle Mariners,Final,Seattle Mariners,Seattle Mariners,0.4727,0.5273,401817057,5,6,78-80,74-84,0.5,0.469,0.48,0.462,-0.2,-0.36,4.53,4.1,4.73,4.46,5.5,4.2,Ethan Pecko,George Kirby,4944276,42406,2.0,regular-season,2026-09-24T02:00Z,10:00 PM ET
2026-09-23,San Diego Padres,Los Angeles Dodgers,Final,San Diego Padres,Los Angeles Dodgers,0.4445,0.5555,401817059,5,1,88-70,97-61,0.562,0.617,0.527,0.629,0.25,1.24,4.46,4.94,4.2,3.7,0.5,3.55,Robbie Ray,Yoshinobu Yamamoto,32175,4872587,2.0,regular-season,2026-09-24T02:10Z,10:10 PM ET
2026-09-24,St. Louis Cardinals,Pittsburgh Pirates,Final,Pittsburgh Pirates,Pittsburgh Pirates,0.4276,0.5724,401817063,1,2,77-82,81-78,0.475,0.506,0.482,0.517,-0.18,0.17,4.44,4.73,4.62,4.56,4.27,4.15,Kyle Leahy,Paul Skenes,5006093,4719507,2.0,regular-season,2026-09-24T16:35Z,12:35 PM ET
2026-09-24,Chicago White Sox,Kansas City Royals,Final,Chicago White Sox,Chicago White Sox,0.5834,0.4166,401817065,9,1,82-77,68-91,0.519,0.426,0.534,0.427,0.35,-0.74,4.79,4.26,4.44,5.0,2.5,4.77,David Sandlin,Randy Dobnak,4960696,42214,2.0,regular-season,2026-09-24T18:10Z,2:10 PM ET
2026-09-24,Miami Marlins,Chicago Cubs,Final,Chicago Cubs,Chicago Cubs,0.438,0.562,401817066,1,2,78-81,88-71,0.494,0.549,0.502,0.586,0.02,0.91,4.41,5.25,4.4,4.34,4.09,6.19,Tyler Phillips,Matthew Boyd,41247,34401,2.0,regular-season,2026-09-24T18:20Z,2:20 PM ET
2026-09-24,New York Mets,Texas Rangers,Final,Texas Rangers,Texas Rangers,0.4012,0.5988,401817067,1,3,73-86,79-80,0.457,0.494,0.48,0.47,-0.2,-0.28,4.31,4.15,4.51,4.44,4.15,4.32,Zac Thornton,Kumar Rocker,5129576,4414525,2.0,regular-season,2026-09-24T18:35Z,2:35 PM ET
2026-09-24,Arizona Diamondbacks,Colorado Rockies,Final,Arizona Diamondbacks,Arizona Diamondbacks,0.7027,0.2973,401817068,12,8,85-74,57-102,0.531,0.358,0.506,0.397,0.06,-1.19,4.56,4.64,4.51,5.83,4.18,5.59,Eduardo Rodriguez,Tanner Gordon,32675,4415658,2.0,regular-season,2026-09-24T19:10Z,3:10 PM ET
2026-09-24,Milwaukee Brewers,Philadelphia Phillies,Final,Milwaukee Brewers,Milwaukee Brewers,0.5552,0.4448,401817062,5,1,100-59,87-72,0.636,0.543,0.633,0.51,1.32,0.09,5.14,4.4,3.81,4.31,3.51,4.0,Bryse Wilson,Andrew Painter,40922,4872683,2.0,regular-season,2026-09-24T22:05Z,6:05 PM ET
2026-09-24,Cleveland Guardians,Boston Red Sox,Final,Cleveland Guardians,Cleveland Guardians,0.5219,0.4781,401817061,1,0,83-76,85-74,0.525,0.537,0.507,0.555,0.07,0.48,4.19,4.25,4.12,3.77,3.77,10.12,Daniel Espino,Ranger Suarez,42438,39817,2.0,regular-season,2026-09-24T22:45Z,6:45 PM ET
2026-09-24,Tampa Bay Rays,New York Yankees,Final,New York Yankees,New York Yankees,0.4777,0.5223,401817064,4,6,96-63,92-67,0.605,0.578,0.557,0.593,0.53,0.86,4.54,4.59,4.01,3.73,3.7,1.0,Ian Seymour,Cam Schlittler,4669425,5134581,2.0,regular-season,2026-09-24T23:05Z,7:05 PM ET
2026-09-24,Cincinnati Reds,Atlanta Braves,Final,Cincinnati Reds,Atlanta Braves,0.326,0.674,401817060,7,6,74-85,93-66,0.463,0.58,0.403,0.577,-0.99,0.72,4.11,4.58,5.1,3.86,4.83,3.32,Brady Singer,Tyler Mahle,41172,34973,2.0,regular-season,2026-09-24T23:15Z,7:15 PM ET
2026-09-24,Los Angeles Angels,Seattle Mariners,Final,Los Angeles Angels,Seattle Mariners,0.3458,0.6542,401817069,6,4,61-98,74-85,0.383,0.469,0.437,0.462,-0.6,-0.36,4.04,4.1,4.64,4.46,4.29,4.2,Grayson Rodriguez,Bryan Woo,41196,4629089,2.0,regular-season,2026-09-25T01:40Z,9:40 PM ET
2026-09-24,Houston Astros,Athletics,Final,Houston Astros,Houston Astros,0.5924,0.4076,401817070,7,5,79-80,63-96,0.5,0.395,0.48,0.369,-0.2,-1.47,4.53,4.31,4.73,5.78,5.5,5.51,Peter Lambert,Mason Barnett,39898,4620704,2.0,regular-season,2026-09-25T01:40Z,9:40 PM ET
2026-09-24,San Diego Padres,Los Angeles Dodgers,Final,San Diego Padres,Los Angeles Dodgers,0.4445,0.5555,401817071,4,2,89-70,97-62,0.562,0.617,0.527,0.629,0.25,1.24,4.46,4.94,4.2,3.7,0.5,3.55,Nick Pivetta,Tyler Glasnow,36071,33190,2.0,regular-season,2026-09-25T02:10Z,10:10 PM ET
2026-09-25,Chicago Cubs,Boston Red Sox,Final,Boston Red Sox,Boston Red Sox,0.4893,0.5107,401817104,3,4,88-72,86-74,0.549,0.537,0.586,0.555,0.91,0.48,5.25,4.25,4.34,3.77,6.19,10.12,Clay Holmes,Alec Gamboa,32827,5200550,2.0,regular-season,2026-09-25T17:05Z,1:05 PM ET
2026-09-25,Baltimore Orioles,New York Yankees,Final,Baltimore Orioles,New York Yankees,0.3326,0.6674,401817088,10,2,79-81,92-68,0.491,0.578,0.487,0.593,-0.13,0.86,4.46,4.59,4.59,3.73,4.08,1.0,Trevor Rogers,Brendan Beck,39640,4345190,2.0,regular-season,2026-09-25T20:05Z,4:05 PM ET
2026-09-25,Pittsburgh Pirates,Detroit Tigers,Final,Detroit Tigers,Pittsburgh Pirates,0.5052,0.4948,401817077,7,8,81-79,75-85,0.506,0.469,0.517,0.547,0.17,0.44,4.73,4.46,4.56,4.02,4.15,3.67,Bubba Chandler,Jackson Jobe,4683325,4872647,2.0,regular-season,2026-09-25T22:40Z,6:40 PM ET
2026-09-25,Tampa Bay Rays,Philadelphia Phillies,Final,Tampa Bay Rays,Tampa Bay Rays,0.5373,0.4627,401817078,2,0,97-63,87-73,0.605,0.543,0.557,0.51,0.53,0.09,4.54,4.4,4.01,4.31,3.7,4.0,Freddy Peralta,Cristopher Sanchez,39825,42359,2.0,regular-season,2026-09-25T22:40Z,6:40 PM ET
2026-09-25,New York Mets,Washington Nationals,Final,Washington Nationals,Washington Nationals,0.464,0.536,401817076,6,7,73-87,76-84,0.457,0.475,0.48,0.503,-0.2,0.04,4.31,5.07,4.51,5.03,4.15,4.67,Jefry Yan,Andrew Alvarez,5125168,4300668,2.0,regular-season,2026-09-25T22:45Z,6:45 PM ET
2026-09-25,Cincinnati Reds,Toronto Blue Jays,Final,Toronto Blue Jays,Toronto Blue Jays,0.4183,0.5817,401817075,5,6,74-86,78-82,0.463,0.488,0.403,0.469,-0.99,-0.28,4.11,4.0,5.1,4.28,4.83,3.89,Nick Lodolo,Jose Soriano,42433,40973,2.0,regular-season,2026-09-25T23:07Z,7:07 PM ET
2026-09-25,Atlanta Braves,Miami Marlins,Final,Miami Marlins,Atlanta Braves,0.5699,0.4301,401817072,0,3,93-67,79-81,0.58,0.494,0.577,0.502,0.72,0.02,4.58,4.41,3.86,4.4,3.32,4.09,Ray Kerr,Eury Perez,40426,4917854,2.0,regular-season,2026-09-25T23:10Z,7:10 PM ET
2026-09-25,Cleveland Guardians,Kansas City Royals,Final,Cleveland Guardians,Cleveland Guardians,0.5996,0.4004,401817079,12,9,84-76,68-92,0.525,0.426,0.507,0.427,0.07,-0.74,4.19,4.26,4.12,5.0,3.77,4.77,Gavin Williams,Noah Cameron,4345076,4417208,2.0,regular-season,2026-09-25T23:40Z,7:40 PM ET
2026-09-25,Colorado Rockies,Chicago White Sox,Final,Chicago White Sox,Chicago White Sox,0.2404,0.7596,401817080,1,6,57-103,83-77,0.358,0.519,0.397,0.534,-1.19,0.35,4.64,4.79,5.83,4.44,5.59,2.5,Tomoyuki Sugano,Sean Burke,4142423,4867679,2.0,regular-season,2026-09-25T23:40Z,7:40 PM ET
2026-09-25,St. Louis Cardinals,Milwaukee Brewers,Final,Milwaukee Brewers,Milwaukee Brewers,0.2811,0.7189,401817081,4,8,77-83,101-59,0.475,0.636,0.482,0.633,-0.18,1.32,4.44,5.14,4.62,3.81,4.27,3.51,Michael McGreevy,Robert Gasser,4424141,4918251,2.0,regular-season,2026-09-25T23:40Z,7:40 PM ET
2026-09-25,Texas Rangers,Minnesota Twins,Final,Minnesota Twins,Texas Rangers,0.5013,0.4987,401817082,2,10,79-81,76-84,0.494,0.475,0.47,0.465,-0.28,-0.36,4.15,4.56,4.44,4.92,4.32,4.56,Jacob deGrom,Joe Ryan,32796,42450,2.0,regular-season,2026-09-26T00:10Z,8:10 PM ET
2026-09-25,Arizona Diamondbacks,San Diego Padres,Final,Arizona Diamondbacks,San Diego Padres,0.3791,0.6209,401817084,11,4,86-74,89-71,0.531,0.562,0.506,0.527,0.06,0.25,4.56,4.46,4.51,4.2,4.18,0.5,Brandon Pfaadt,Casey Mize,4721302,41167,2.0,regular-season,2026-09-26T01:40Z,9:40 PM ET
2026-09-25,Houston Astros,Athletics,Final,Athletics,Houston Astros,0.5924,0.4076,401817085,5,6,79-81,64-96,0.5,0.395,0.48,0.369,-0.2,-1.47,4.53,4.31,4.73,5.78,5.5,5.51,Hunter Brown,Jacob Lopez,4717803,42239,2.0,regular-season,2026-09-26T01:40Z,9:40 PM ET
2026-09-25,Los Angeles Angels,Seattle Mariners,Final,Los Angeles Angels,Seattle Mariners,0.3458,0.6542,401817083,7,5,62-98,74-86,0.383,0.469,0.437,0.462,-0.6,-0.36,4.04,4.1,4.64,4.46,4.29,4.2,Reid Detmers,Bryce Miller,4326697,4654313,2.0,regular-season,2026-09-26T02:10Z,10:10 PM ET
2026-09-25,Los Angeles Dodgers,San Francisco Giants,Final,Los Angeles Dodgers,Los Angeles Dodgers,0.7059,0.2941,401817086,2,0,98-62,65-95,0.617,0.401,0.629,0.442,1.24,-0.56,4.94,4.13,3.7,4.69,3.55,4.33,Tarik Skubal,Yunior Marte,42409,5333217,2.0,regular-season,2026-09-26T02:15Z,10:15 PM ET
2026-09-26,New York Mets,Washington Nationals,Final,New York Mets,Washington Nationals,0.464,0.536,401817091,7,1,74-87,76-85,0.457,0.475,0.48,0.503,-0.2,0.04,4.31,5.07,4.51,5.03,4.15,4.67,Jonah Tong,Connelly Early,5214984,4863321,2.0,regular-season,2026-09-26T16:35Z,12:35 PM ET
2026-09-26,Pittsburgh Pirates,Detroit Tigers,Final,Detroit Tigers,Pittsburgh Pirates,0.5052,0.4948,401817092,3,4,81-80,76-85,0.506,0.469,0.517,0.547,0.17,0.44,4.73,4.46,4.56,4.02,4.15,3.67,Kirby Yates,Justin Verlander,32623,6341,2.0,regular-season,2026-09-26T17:10Z,1:10 PM ET
2026-09-26,Cincinnati Reds,Toronto Blue Jays,Final,Cincinnati Reds,Toronto Blue Jays,0.4183,0.5817,401817090,5,1,75-86,78-83,0.463,0.488,0.403,0.469,-0.99,-0.28,4.11,4.0,5.1,4.28,4.83,3.89,Rhett Lowder,Trey Yesavage,4758873,4949041,2.0,regular-season,2026-09-26T19:07Z,3:07 PM ET
2026-09-26,Los Angeles Dodgers,San Francisco Giants,Final,Los Angeles Dodgers,Los Angeles Dodgers,0.7059,0.2941,401817101,4,3,99-62,65-96,0.617,0.401,0.629,0.442,1.24,-0.56,4.94,4.13,3.7,4.69,3.55,4.33,Blake Snell,Matt Wilkinson,33748,5339226,2.0,regular-season,2026-09-26T20:05Z,4:05 PM ET
2026-09-26,Atlanta Braves,Miami Marlins,Final,Atlanta Braves,Atlanta Braves,0.5699,0.4301,401817087,8,3,94-67,79-82,0.58,0.494,0.577,0.502,0.72,0.02,4.58,4.41,3.86,4.4,3.32,4.09,Brent Suter,Jack Ralston,36023,3965342,2.0,regular-season,2026-09-26T20:10Z,4:10 PM ET
2026-09-26,Texas Rangers,Minnesota Twins,Final,Texas Rangers,Texas Rangers,0.5013,0.4987,401817097,6,2,80-81,76-85,0.494,0.475,0.47,0.465,-0.28,-0.36,4.15,4.56,4.44,4.92,4.32,4.56,Nathan Eovaldi,Bailey Ober,31174,3107919,2.0,regular-season,2026-09-26T20:10Z,4:10 PM ET
2026-09-26,Cleveland Guardians,Kansas City Royals,Final,Cleveland Guardians,Cleveland Guardians,0.5996,0.4004,401817094,11,5,85-76,68-93,0.525,0.426,0.507,0.427,0.07,-0.74,4.19,4.26,4.12,5.0,3.77,4.77,Tanner Bibee,Michael Wacha,4345278,32640,2.0,regular-season,2026-09-26T23:10Z,7:10 PM ET
2026-09-26,Colorado Rockies,Chicago White Sox,Final,Colorado Rockies,Chicago White Sox,0.2404,0.7596,401817095,9,6,58-103,83-78,0.358,0.519,0.397,0.534,-1.19,0.35,4.64,4.79,5.83,4.44,5.59,2.5,Jose Quintana,Davis Martin,32106,42823,2.0,regular-season,2026-09-26T23:10Z,7:10 PM ET
2026-09-26,St. Louis Cardinals,Milwaukee Brewers,Final,Milwaukee Brewers,Milwaukee Brewers,0.2811,0.7189,401817096,2,3,77-84,102-59,0.475,0.636,0.482,0.633,-0.18,1.32,4.44,5.14,4.62,3.81,4.27,3.51,Quinn Mathews,Dustin May,4837405,40937,2.0,regular-season,2026-09-26T23:10Z,7:10 PM ET
2026-09-26,Tampa Bay Rays,Philadelphia Phillies,Final,Tampa Bay Rays,Tampa Bay Rays,0.5373,0.4627,401817093,12,1,98-63,87-74,0.605,0.543,0.557,0.51,0.53,0.09,4.54,4.4,4.01,4.31,3.7,4.0,Griffin Jax,Aaron Nola,42604,33709,2.0,regular-season,2026-09-26T23:15Z,7:15 PM ET
2026-09-26,Arizona Diamondbacks,San Diego Padres,Final,San Diego Padres,San Diego Padres,0.3791,0.6209,401817099,7,10,86-75,90-71,0.531,0.562,0.506,0.527,0.06,0.25,4.56,4.46,4.51,4.2,4.18,0.5,Taylor Clarke,Walker Buehler,35277,39251,2.0,regular-season,2026-09-27T00:40Z,8:40 PM ET
2026-09-26,Los Angeles Angels,Seattle Mariners,Final,Seattle Mariners,Seattle Mariners,0.3458,0.6542,401817098,4,8,62-99,75-86,0.383,0.469,0.437,0.462,-0.6,-0.36,4.04,4.1,4.64,4.46,4.29,4.2,Ryan Johnson,Kade Anderson,5007859,5198748,2.0,regular-season,2026-09-27T01:40Z,9:40 PM ET
2026-09-26,Houston Astros,Athletics,Final,Houston Astros,Houston Astros,0.5924,0.4076,401817100,13,2,80-81,64-97,0.5,0.395,0.48,0.369,-0.2,-1.47,4.53,4.31,4.73,5.78,5.5,5.51,Hayden Wesneski,Jack Perkins,42996,4418686,2.0,regular-season,2026-09-27T01:40Z,9:40 PM ET
2026-09-27,New York Mets,Washington Nationals,Final,Washington Nationals,Washington Nationals,0.464,0.536,401817106,4,6,74-88,77-85,0.457,0.475,0.48,0.503,-0.2,0.04,4.31,5.07,4.51,5.03,4.15,4.67,Sean Manaea,DJ Herz,33244,4917686,2.0,regular-season,2026-09-27T17:05Z,1:05 PM ET
2026-09-27,Tampa Bay Rays,Philadelphia Phillies,Final,Philadelphia Phillies,Tampa Bay Rays,0.5373,0.4627,401817108,3,7,98-64,88-74,0.605,0.543,0.557,0.51,0.53,0.09,4.54,4.4,4.01,4.31,3.7,4.0,Nick Martinez,Zack Wheeler,33372,31267,2.0,regular-season,2026-09-27T18:30Z,2:30 PM ET
2026-09-27,Chicago Cubs,Boston Red Sox,Final,Chicago Cubs,Boston Red Sox,0.4893,0.5107,401817089,6,2,89-73,87-75,0.549,0.537,0.586,0.555,0.91,0.48,5.25,4.25,4.34,3.77,6.19,10.12,Shota Imanaga,Tanner Houck,5134630,41009,2.0,regular-season,2026-09-27T19:05Z,3:05 PM ET
2026-09-27,Houston Astros,Athletics,Final,Houston Astros,Houston Astros,0.5924,0.4076,401817115,9,0,81-81,64-98,0.5,0.395,0.48,0.369,-0.2,-1.47,4.53,4.31,4.73,5.78,5.5,5.51,Peter Lambert,Seth Johnson,39898,42542,2.0,regular-season,2026-09-27T19:05Z,3:05 PM ET
2026-09-27,Los Angeles Dodgers,San Francisco Giants,Final,Los Angeles Dodgers,Los Angeles Dodgers,0.7059,0.2941,401817116,5,1,100-62,65-97,0.617,0.401,0.629,0.442,1.24,-0.56,4.94,4.13,3.7,4.69,3.55,4.33,Jack Dreyer,Carson Seymour,5136082,4420745,2.0,regular-season,2026-09-27T19:05Z,3:05 PM ET
2026-09-27,Cincinnati Reds,Toronto Blue Jays,Final,Toronto Blue Jays,Toronto Blue Jays,0.4183,0.5817,401817105,1,5,75-87,79-83,0.463,0.488,0.403,0.469,-0.99,-0.28,4.11,4.0,5.1,4.28,4.83,3.89,Brandon Williamson,Max Scherzer,42431,28976,2.0,regular-season,2026-09-27T19:07Z,3:07 PM ET
2026-09-27,Atlanta Braves,Miami Marlins,Final,Miami Marlins,Atlanta Braves,0.5699,0.4301,401817102,3,5,94-68,80-82,0.58,0.494,0.577,0.502,0.72,0.02,4.58,4.41,3.86,4.4,3.32,4.09,JR Ritchie,Janson Junk,5080757,4881980,2.0,regular-season,2026-09-27T19:10Z,3:10 PM ET
2026-09-27,Pittsburgh Pirates,Detroit Tigers,Final,Pittsburgh Pirates,Pittsburgh Pirates,0.5052,0.4948,401817107,4,2,82-80,76-86,0.506,0.469,0.517,0.547,0.17,0.44,4.73,4.46,4.56,4.02,4.15,3.67,Jared Jones,River Ryan,4918156,5007605,2.0,regular-season,2026-09-27T19:10Z,3:10 PM ET
2026-09-27,Cleveland Guardians,Kansas City Royals,Final,Kansas City Royals,Cleveland Guardians,0.5996,0.4004,401817109,2,3,85-77,69-93,0.525,0.426,0.507,0.427,0.07,-0.74,4.19,4.26,4.12,5.0,3.77,4.77,Parker Messick,Daniel Lynch IV,4619898,41227,2.0,regular-season,2026-09-27T19:10Z,3:10 PM ET
2026-09-27,Colorado Rockies,Chicago White Sox,Final,Chicago White Sox,Chicago White Sox,0.2404,0.7596,401817110,2,4,58-104,84-78,0.358,0.519,0.397,0.534,-1.19,0.35,4.64,4.79,5.83,4.44,5.59,2.5,Kyle Freeland,Anthony Kay,33839,40947,2.0,regular-season,2026-09-27T19:10Z,3:10 PM ET
2026-09-27,St. Louis Cardinals,Milwaukee Brewers,Final,Milwaukee Brewers,Milwaukee Brewers,0.2811,0.7189,401817111,4,6,77-85,103-59,0.475,0.636,0.482,0.633,-0.18,1.32,4.44,5.14,4.62,3.81,4.27,3.51,Andre Pallante,Jacob Misiorowski,4109034,5080761,2.0,regular-season,2026-09-27T19:10Z,3:10 PM ET
2026-09-27,Texas Rangers,Minnesota Twins,Final,Minnesota Twins,Texas Rangers,0.5013,0.4987,401817112,4,6,80-82,77-85,0.494,0.475,0.47,0.465,-0.28,-0.36,4.15,4.56,4.44,4.92,4.32,4.56,MacKenzie Gore,Dean Kremer,39636,38295,2.0,regular-season,2026-09-27T19:10Z,3:10 PM ET
2026-09-27,Los Angeles Angels,Seattle Mariners,Final,Seattle Mariners,Seattle Mariners,0.3458,0.6542,401817113,3,7,62-100,76-86,0.383,0.469,0.437,0.462,-0.6,-0.36,4.04,4.1,4.64,4.46,4.29,4.2,Yusei Kikuchi,Logan Gilbert,41415,41221,2.0,regular-season,2026-09-27T19:10Z,3:10 PM ET
2026-09-27,Arizona Diamondbacks,San Diego Padres,Final,San Diego Padres,San Diego Padres,0.3791,0.6209,401817114,4,9,86-76,91-71,0.531,0.562,0.506,0.527,0.06,0.25,4.56,4.46,4.51,4.2,4.18,0.5,Michael Soroka,Randy Vasquez,34984,4722847,2.0,regular-season,2026-09-27T19:10Z,3:10 PM ET
2026-09-29,Philadelphia Phillies,Atlanta Braves,Final,Atlanta Braves,Atlanta Braves,0.4174,0.5826,401907965,3,5,88-74,94-68,0.543,0.58,0.51,0.577,0.09,0.72,4.4,4.58,4.31,3.86,4.0,3.32,Jesus Luzardo,Chris Sale,39667,30948,3.0,post-season,2026-09-29T18:00Z,2:00 PM ET
2026-09-29,Chicago White Sox,Houston Astros,Final,Chicago White Sox,Chicago White Sox,0.5017,0.4983,401907896,6,3,84-78,81-81,0.519,0.5,0.534,0.48,0.35,-0.2,4.79,4.53,4.44,4.73,2.5,5.5,Hagen Smith,AJ Blubaugh,5023126,42556,3.0,post-season,2026-09-29T21:00Z,5:00 PM ET
2026-09-29,Boston Red Sox,New York Yankees,Final,New York Yankees,New York Yankees,0.3269,0.6731,401907924,0,9,87-75,93-68,0.537,0.578,0.555,0.593,0.48,0.86,4.25,4.59,3.77,3.73,10.12,1.0,Payton Tolle,Cam Schlittler,4966140,5134581,3.0,post-season,2026-09-30T00:00Z,8:00 PM ET
2026-09-29,Chicago Cubs,San Diego Padres,Final,San Diego Padres,San Diego Padres,0.3548,0.6452,401907974,0,8,89-73,91-71,0.549,0.562,0.586,0.527,0.91,0.25,5.25,4.46,4.34,4.2,6.19,0.5,Matthew Boyd,Michael King,34401,40429,3.0,post-season,2026-09-30T02:00Z,10:00 PM ET
2026-09-30,Philadelphia Phillies,Atlanta Braves,Final,Philadelphia Phillies,Atlanta Braves,0.4174,0.5826,401907972,4,3,88-74,94-68,0.543,0.58,0.51,0.577,0.09,0.72,4.4,4.58,4.31,3.86,4.0,3.32,Cristopher Sanchez,Tyler Mahle,42359,34973,3.0,post-season,2026-09-30T18:00Z,2:00 PM ET
2026-09-30,Chicago White Sox,Houston Astros,Final,Chicago White Sox,Chicago White Sox,0.5017,0.4983,401907897,7,3,84-78,81-81,0.519,0.5,0.534,0.48,0.35,-0.2,4.79,4.53,4.44,4.73,2.5,5.5,Sean Burke,Hunter Brown,4867679,4717803,3.0,post-season,2026-09-30T21:00Z,5:00 PM ET
2026-09-30,Boston Red Sox,New York Yankees,Final,New York Yankees,New York Yankees,0.3269,0.6731,401907963,2,9,87-75,93-68,0.537,0.578,0.555,0.593,0.48,0.86,4.25,4.59,3.77,3.73,10.12,1.0,Sonny Gray,Max Fried,32082,32685,3.0,post-season,2026-10-01T00:00Z,8:00 PM ET
2026-09-30,Chicago Cubs,San Diego Padres,Final,San Diego Padres,San Diego Padres,0.3548,0.6452,401907975,1,4,89-73,91-71,0.549,0.562,0.586,0.527,0.91,0.25,5.25,4.46,4.34,4.2,6.19,0.5,Kevin Gausman,Nick Pivetta,32667,36071,3.0,post-season,2026-10-01T02:00Z,10:00 PM ET
2026-10-01,Philadelphia Phillies,Atlanta Braves,Scheduled,,Atlanta Braves,0.4174,0.5826,401907973,1,6,88-74,94-68,0.543,0.58,0.51,0.577,0.09,0.72,4.4,4.58,4.31,3.86,4.0,3.32,Aaron Nola,Ray Kerr,33709,40426,3.0,post-season,2026-10-02T00:00Z,8:00 PM ET
2026-10-03,Chicago White Sox,Cleveland Guardians,Scheduled,,Cleveland Guardians,0.4421,0.5579,401907990,0,0,84-78,85-77,0.519,0.525,0.534,0.507,0.35,0.07,4.79,4.19,4.44,4.12,2.5,3.77,,Parker Messick,,4619898,3.0,post-season,2026-10-03T17:00Z,1:00 PM ET
2026-10-03,Phillies/Braves,Los Angeles Dodgers,Scheduled,,Los Angeles Dodgers,0.307,0.693,401908007,0,0,,100-62,,0.617,,0.629,,1.24,,4.94,,3.7,,3.55,,,,,3.0,post-season,2026-10-03T20:00Z,4:00 PM ET
2026-10-03,New York Yankees,Tampa Bay Rays,Scheduled,,Tampa Bay Rays,0.4398,0.5602,401907985,0,0,93-68,98-64,0.578,0.605,0.593,0.557,0.86,0.53,4.59,4.54,3.73,4.01,1.0,3.7,,Drew Rasmussen,,42584,3.0,post-season,2026-10-03T22:30Z,6:30 PM ET
2026-10-03,San Diego Padres,Milwaukee Brewers,Scheduled,,Milwaukee Brewers,0.4217,0.5783,401908002,0,0,91-71,103-59,0.562,0.636,0.527,0.633,0.25,1.32,4.46,5.14,4.2,3.81,0.5,3.51,,Jacob Misiorowski,,5080761,3.0,post-season,2026-10-04T00:30Z,8:30 PM ET
2026-10-04,San Diego Padres,Milwaukee Brewers,Scheduled,,Milwaukee Brewers,0.4217,0.5783,401908003,0,0,91-71,103-59,0.562,0.636,0.527,0.633,0.25,1.32,4.46,5.14,4.2,3.81,0.5,3.51,,Logan Henderson,,4917878,3.0,post-season,2026-10-04T20:00Z,4:00 PM ET
2026-10-04,Phillies/Braves,Los Angeles Dodgers,Scheduled,,Los Angeles Dodgers,0.307,0.693,401908014,0,0,,100-62,,0.617,,0.629,,1.24,,4.94,,3.7,,3.55,,,,,3.0,post-season,2026-10-05T00:00Z,8:00 PM ET
2026-10-05,Chicago White Sox,Cleveland Guardians,Scheduled,,Cleveland Guardians,0.4421,0.5579,401907991,0,0,84-78,85-77,0.519,0.525,0.534,0.507,0.35,0.07,4.79,4.19,4.44,4.12,2.5,3.77,,Gavin Williams,,4345076,3.0,post-season,2026-10-05T21:00Z,5:00 PM ET
2026-10-05,New York Yankees,Tampa Bay Rays,Scheduled,,Tampa Bay Rays,0.4398,0.5602,401907986,0,0,93-68,98-64,0.578,0.605,0.593,0.557,0.86,0.53,4.59,4.54,3.73,4.01,1.0,3.7,Cam Schlittler,,5134581,,3.0,post-season,2026-10-06T00:00Z,8:00 PM ET
2026-10-06,Los Angeles Dodgers,Phillies/Braves,Scheduled,,Los Angeles Dodgers,0.6489,0.3511,401908015,0,0,100-62,,0.617,,0.629,,1.24,,4.94,,3.7,,3.55,,,,,,3.0,post-season,2026-10-06T22:00Z,6:00 PM ET
2026-10-06,Milwaukee Brewers,San Diego Padres,Scheduled,,San Diego Padres,0.4962,0.5038,401908004,0,0,103-59,91-71,0.636,0.562,0.633,0.527,1.32,0.25,5.14,4.46,3.81,4.2,3.51,0.5,,,,,3.0,post-season,2026-10-07T01:30Z,9:30 PM ET
2026-10-07,Cleveland Guardians,Chicago White Sox,Scheduled,,Chicago White Sox,0.4754,0.5246,401907992,0,0,85-77,84-78,0.525,0.519,0.507,0.534,0.07,0.35,4.19,4.79,4.12,4.44,3.77,2.5,,,,,3.0,post-season,2026-10-07T20:00Z,4:00 PM ET
2026-10-07,Los Angeles Dodgers,Phillies/Braves,Scheduled,,Los Angeles Dodgers,0.6489,0.3511,401908016,0,0,100-62,,0.617,,0.629,,1.24,,4.94,,3.7,,3.55,,,,,,3.0,post-season,2026-10-07T22:00Z,6:00 PM ET
2026-10-07,Tampa Bay Rays,New York Yankees,Scheduled,,New York Yankees,0.4777,0.5223,401907987,0,0,98-64,93-68,0.605,0.578,0.557,0.593,0.53,0.86,4.54,4.59,4.01,3.73,3.7,1.0,,,,,3.0,post-season,2026-10-08T00:00Z,8:00 PM ET
2026-10-07,Milwaukee Brewers,San Diego Padres,Scheduled,,San Diego Padres,0.4962,0.5038,401908005,0,0,103-59,91-71,0.636,0.562,0.633,0.527,1.32,0.25,5.14,4.46,3.81,4.2,3.51,0.5,,,,,3.0,post-season,2026-10-08T02:00Z,10:00 PM ET
2026-10-08,Cleveland Guardians,Chicago White Sox,Scheduled,,Chicago White Sox,0.4754,0.5246,401907993,0,0,85-77,84-78,0.525,0.519,0.507,0.534,0.07,0.35,4.19,4.79,4.12,4.44,3.77,2.5,,,,,3.0,post-season,2026-10-08T21:00Z,5:00 PM ET
2026-10-08,Tampa Bay Rays,New York Yankees,Scheduled,,New York Yankees,0.4777,0.5223,401907988,0,0,98-64,93-68,0.605,0.578,0.557,0.593,0.53,0.86,4.54,4.59,4.01,3.73,3.7,1.0,,,,,3.0,post-season,2026-10-09T00:00Z,8:00 PM ET
2026-10-09,San Diego Padres,Milwaukee Brewers,Scheduled,,Milwaukee Brewers,0.4217,0.5783,401908006,0,0,91-71,103-59,0.562,0.636,0.527,0.633,0.25,1.32,4.46,5.14,4.2,3.81,0.5,3.51,,,,,3.0,post-season,2026-10-09T20:30Z,4:30 PM ET
2026-10-09,Phillies/Braves,Los Angeles Dodgers,Scheduled,,Los Angeles Dodgers,0.307,0.693,401908017,0,0,,100-62,,0.617,,0.629,,1.24,,4.94,,3.7,,3.55,,,,,3.0,post-season,2026-10-10T00:00Z,8:00 PM ET
2026-10-10,New York Yankees,Tampa Bay Rays,Scheduled,,Tampa Bay Rays,0.4398,0.5602,401907989,0,0,93-68,98-64,0.578,0.605,0.593,0.557,0.86,0.53,4.59,4.54,3.73,4.01,1.0,3.7,,,,,3.0,post-season,2026-10-11T00:00Z,8:00 PM ET
2026-10-10,Chicago White Sox,Cleveland Guardians,Scheduled,,Cleveland Guardians,0.4421,0.5579,401907994,0,0,84-78,85-77,0.519,0.525,0.534,0.507,0.35,0.07,4.79,4.19,4.44,4.12,2.5,3.77,,,,,3.0,post-season,2026-10-11T00:00Z,8:00 PM ET
2026-10-11,TBD,TBD,Scheduled,,TBD,0.475,0.525,401908030,0,0,,,,,,,,,,,,,,,,,,,3.0,post-season,2026-10-11T04:00Z,12:00 AM ET
2026-10-12,TBD,TBD,Scheduled,,TBD,0.475,0.525,401908023,0,0,,,,,,,,,,,,,,,,,,,3.0,post-season,2026-10-12T04:00Z,12:00 AM ET
2026-10-13,TBD,TBD,Scheduled,,TBD,0.475,0.525,401908024,0,0,,,,,,,,,,,,,,,,,,,3.0,post-season,2026-10-13T04:00Z,12:00 AM ET
2026-10-14,TBD,TBD,Scheduled,,TBD,0.475,0.525,401908032,0,0,,,,,,,,,,,,,,,,,,,3.0,post-season,2026-10-14T04:00Z,12:00 AM ET
2026-10-15,TBD,TBD,Scheduled,,TBD,0.475,0.525,401908025,0,0,,,,,,,,,,,,,,,,,,,3.0,post-season,2026-10-15T04:00Z,12:00 AM ET
2026-10-16,TBD,TBD,Scheduled,,TBD,0.475,0.525,401908026,0,0,,,,,,,,,,,,,,,,,,,3.0,post-season,2026-10-16T04:00Z,12:00 AM ET
