game_id,game_date,away_team,home_team,predicted_at,model_version,pregame,preseason,p_final,p_elo,p_glm,p_prior,starter_edge,favored_team,away_score,home_score,winner,graded,correct
401816141,2026-07-17,Chicago White Sox,Toronto Blue Jays,2026-09-15T20:49:23Z,3,0,0,0.5455,0.5431,0.5319,0.5482,,Toronto Blue Jays,12,4,Chicago White Sox,1,0
401816142,2026-07-17,Los Angeles Dodgers,New York Yankees,2026-09-15T20:49:23Z,3,0,0,0.5284,0.5431,0.5319,0.5238,,New York Yankees,2,1,Los Angeles Dodgers,1,0
401816146,2026-07-17,Texas Rangers,Atlanta Braves,2026-09-15T20:49:23Z,3,0,0,0.6077,0.5431,0.5319,0.636,,Atlanta Braves,1,15,Atlanta Braves,1,1
401816147,2026-07-17,Baltimore Orioles,Houston Astros,2026-09-15T20:49:23Z,3,0,0,0.5529,0.5431,0.5319,0.5588,,Houston Astros,3,2,Baltimore Orioles,1,0
401816148,2026-07-17,Miami Marlins,Milwaukee Brewers,2026-09-15T20:49:23Z,3,0,0,0.6317,0.5431,0.5319,0.669,,Milwaukee Brewers,1,2,Milwaukee Brewers,1,1
401816149,2026-07-17,Minnesota Twins,Chicago Cubs,2026-09-15T20:49:23Z,3,0,0,0.594,0.5431,0.5319,0.6169,,Chicago Cubs,5,2,Minnesota Twins,1,0
401816150,2026-07-17,San Diego Padres,Kansas City Royals,2026-09-15T20:49:23Z,3,0,0,0.4388,0.5431,0.5319,0.3968,,San Diego Padres,6,7,Kansas City Royals,1,0
401816151,2026-07-17,Cincinnati Reds,Colorado Rockies,2026-09-15T20:49:23Z,3,0,0,0.4268,0.5431,0.5319,0.3802,,Cincinnati Reds,7,2,Cincinnati Reds,1,1
401816152,2026-07-17,Detroit Tigers,Los Angeles Angels,2026-09-15T20:49:23Z,3,0,0,0.463,0.5431,0.5319,0.4307,,Detroit Tigers,2,1,Detroit Tigers,1,1
401816153,2026-07-17,San Francisco Giants,Seattle Mariners,2026-09-15T20:49:23Z,3,0,0,0.5907,0.5431,0.5319,0.6123,,Seattle Mariners,7,0,San Francisco Giants,1,0
401816154,2026-07-17,St. Louis Cardinals,Arizona Diamondbacks,2026-09-15T20:49:23Z,3,0,0,0.5715,0.5431,0.5319,0.5852,,Arizona Diamondbacks,5,4,St. Louis Cardinals,1,0
401816155,2026-07-17,Washington Nationals,Athletics,2026-09-15T20:49:23Z,3,0,0,0.5103,0.5431,0.5319,0.4979,,Athletics,23,4,Washington Nationals,1,0
401872178,2026-07-17,Tampa Bay Rays,Boston Red Sox,2026-09-15T20:49:23Z,3,0,0,0.4932,0.5431,0.5319,0.4735,,Tampa Bay Rays,0,10,Boston Red Sox,1,0
401816156,2026-07-18,Chicago White Sox,Toronto Blue Jays,2026-09-15T20:49:23Z,3,0,0,0.5415,0.5344,0.7615,0.5482,,Toronto Blue Jays,0,1,Toronto Blue Jays,1,1
401816158,2026-07-18,New York Mets,Philadelphia Phillies,2026-09-15T20:49:23Z,3,0,0,0.6156,0.5431,0.5319,0.6469,,Philadelphia Phillies,1,6,Philadelphia Phillies,1,1
401816160,2026-07-18,Tampa Bay Rays,Boston Red Sox,2026-09-15T20:49:23Z,3,0,0,0.4983,0.5504,0.2484,0.4735,,Tampa Bay Rays,6,7,Boston Red Sox,1,0
401816161,2026-07-18,Texas Rangers,Atlanta Braves,2026-09-15T20:49:23Z,3,0,0,0.6079,0.5504,0.0997,0.636,,Atlanta Braves,7,6,Texas Rangers,1,0
401816162,2026-07-18,Baltimore Orioles,Houston Astros,2026-09-15T20:49:23Z,3,0,0,0.5486,0.5344,0.4677,0.5588,,Houston Astros,4,2,Baltimore Orioles,1,0
401816163,2026-07-18,Miami Marlins,Milwaukee Brewers,2026-09-15T20:49:23Z,3,0,0,0.631,0.5504,0.663,0.669,,Milwaukee Brewers,6,8,Milwaukee Brewers,1,1
401816164,2026-07-18,Minnesota Twins,Chicago Cubs,2026-09-15T20:49:23Z,3,0,0,0.5881,0.5344,0.4831,0.6169,,Chicago Cubs,2,6,Chicago Cubs,1,1
401816165,2026-07-18,San Diego Padres,Kansas City Royals,2026-09-15T20:49:23Z,3,0,0,0.446,0.5504,0.5178,0.3968,,San Diego Padres,1,6,Kansas City Royals,1,0
401816166,2026-07-18,Cincinnati Reds,Colorado Rockies,2026-09-15T20:49:23Z,3,0,0,0.4277,0.5344,0.5695,0.3802,,Cincinnati Reds,3,10,Colorado Rockies,1,0
401816167,2026-07-18,Detroit Tigers,Los Angeles Angels,2026-09-15T20:49:23Z,3,0,0,0.4624,0.5344,0.3951,0.4307,,Detroit Tigers,7,0,Detroit Tigers,1,1
401816168,2026-07-18,San Francisco Giants,Seattle Mariners,2026-09-15T20:49:23Z,3,0,0,0.585,0.5344,0.6348,0.6123,,Seattle Mariners,3,4,Seattle Mariners,1,1
401816169,2026-07-18,St. Louis Cardinals,Arizona Diamondbacks,2026-09-15T20:49:23Z,3,0,0,0.5665,0.5344,0.5229,0.5852,,Arizona Diamondbacks,3,5,Arizona Diamondbacks,1,1
401816170,2026-07-18,Washington Nationals,Athletics,2026-09-15T20:49:23Z,3,0,0,0.5077,0.5344,0.9799,0.4979,,Athletics,1,15,Athletics,1,1
401896568,2026-07-18,Pittsburgh Pirates,Cleveland Guardians,2026-09-15T20:49:23Z,3,0,0,0.5671,0.5431,0.5319,0.579,,Cleveland Guardians,7,1,Pittsburgh Pirates,1,0
401816171,2026-07-19,Chicago White Sox,Toronto Blue Jays,2026-09-15T20:49:23Z,3,0,0,0.5444,0.5418,0.509,0.5482,,Toronto Blue Jays,3,0,Chicago White Sox,1,0
401816173,2026-07-19,New York Mets,Philadelphia Phillies,2026-09-15T20:49:23Z,3,0,0,0.6155,0.5504,0.5326,0.6469,,Philadelphia Phillies,6,1,New York Mets,1,0
401816174,2026-07-19,Pittsburgh Pirates,Cleveland Guardians,2026-09-15T20:49:23Z,3,0,0,0.5623,0.5344,0.59,0.579,,Cleveland Guardians,7,1,Pittsburgh Pirates,1,0
401816175,2026-07-19,Tampa Bay Rays,Boston Red Sox,2026-09-15T20:49:23Z,3,0,0,0.5039,0.5575,0.476,0.4735,,Boston Red Sox,1,6,Boston Red Sox,1,1
401816176,2026-07-19,Texas Rangers,Atlanta Braves,2026-09-15T20:49:23Z,3,0,0,0.6014,0.5416,0.3798,0.636,,Atlanta Braves,5,8,Atlanta Braves,1,1
401816177,2026-07-19,Baltimore Orioles,Houston Astros,2026-09-15T20:49:23Z,3,0,0,0.5437,0.5258,0.4323,0.5588,,Houston Astros,5,2,Baltimore Orioles,1,0
401816178,2026-07-19,Miami Marlins,Milwaukee Brewers,2026-09-15T20:49:23Z,3,0,0,0.6307,0.5575,0.5729,0.669,,Milwaukee Brewers,1,3,Milwaukee Brewers,1,1
401816179,2026-07-19,Minnesota Twins,Chicago Cubs,2026-09-15T20:49:23Z,3,0,0,0.5889,0.5418,0.527,0.6169,,Chicago Cubs,1,10,Chicago Cubs,1,1
401816180,2026-07-19,San Diego Padres,Kansas City Royals,2026-09-15T20:49:23Z,3,0,0,0.4538,0.5575,0.5385,0.3968,,San Diego Padres,19,2,San Diego Padres,1,1
401816181,2026-07-19,Cincinnati Reds,Colorado Rockies,2026-09-15T20:49:23Z,3,0,0,0.4354,0.5418,0.5004,0.3802,,Cincinnati Reds,9,6,Cincinnati Reds,1,1
401816182,2026-07-19,Detroit Tigers,Los Angeles Angels,2026-09-15T20:49:23Z,3,0,0,0.4613,0.5258,0.4314,0.4307,,Detroit Tigers,2,3,Los Angeles Angels,1,0
401816183,2026-07-19,San Francisco Giants,Seattle Mariners,2026-09-15T20:49:23Z,3,0,0,0.5859,0.5418,0.47,0.6123,,Seattle Mariners,3,6,Seattle Mariners,1,1
401816184,2026-07-19,St. Louis Cardinals,Arizona Diamondbacks,2026-09-15T20:49:23Z,3,0,0,0.5682,0.5418,0.5289,0.5852,,Arizona Diamondbacks,7,8,Arizona Diamondbacks,1,1
401816185,2026-07-19,Washington Nationals,Athletics,2026-09-15T20:49:23Z,3,0,0,0.5121,0.5418,0.5626,0.4979,,Athletics,5,2,Washington Nationals,1,0
401897386,2026-07-19,Los Angeles Dodgers,New York Yankees,2026-09-15T20:49:23Z,3,0,0,0.5251,0.5344,0.3951,0.5238,,New York Yankees,8,2,Los Angeles Dodgers,1,0
401816186,2026-07-20,Baltimore Orioles,Boston Red Sox,2026-09-15T20:49:23Z,3,0,0,0.5936,0.541,0.4687,0.6285,,Boston Red Sox,5,6,Boston Red Sox,1,1
401816187,2026-07-20,Los Angeles Dodgers,Philadelphia Phillies,2026-09-15T20:49:23Z,3,0,0,0.5005,0.5337,0.4991,0.4858,,Philadelphia Phillies,7,10,Philadelphia Phillies,1,1
401816188,2026-07-20,Minnesota Twins,Cleveland Guardians,2026-09-15T20:49:23Z,3,0,0,0.5842,0.5375,0.5413,0.6127,,Cleveland Guardians,4,13,Cleveland Guardians,1,1
401816189,2026-07-20,Pittsburgh Pirates,New York Yankees,2026-09-15T20:49:23Z,3,0,0,0.6083,0.5258,0.5018,0.6568,,New York Yankees,5,8,New York Yankees,1,1
401816190,2026-07-20,San Diego Padres,Atlanta Braves,2026-09-15T20:49:23Z,3,0,0,0.5625,0.5488,0.5625,0.5725,,Atlanta Braves,2,3,Atlanta Braves,1,1
401816191,2026-07-20,Tampa Bay Rays,Toronto Blue Jays,2026-09-15T20:49:23Z,3,0,0,0.4697,0.5489,0.4933,0.4214,,Tampa Bay Rays,7,1,Tampa Bay Rays,1,1
401816192,2026-07-20,Chicago White Sox,Texas Rangers,2026-09-15T20:49:23Z,3,0,0,0.5336,0.5352,0.5443,0.5366,,Texas Rangers,10,3,Chicago White Sox,1,0
401816193,2026-07-20,Detroit Tigers,Chicago Cubs,2026-09-15T20:49:23Z,3,0,0,0.5743,0.5413,0.4603,0.5976,,Chicago Cubs,8,6,Detroit Tigers,1,0
401816194,2026-07-20,Miami Marlins,Houston Astros,2026-09-15T20:49:23Z,3,0,0,0.5434,0.541,0.5167,0.5478,,Houston Astros,5,8,Houston Astros,1,1
401816195,2026-07-20,New York Mets,Milwaukee Brewers,2026-09-15T20:49:23Z,3,0,0,0.6476,0.5531,0.5935,0.6966,,Milwaukee Brewers,3,8,Milwaukee Brewers,1,1
401816196,2026-07-20,San Francisco Giants,Kansas City Royals,2026-09-15T20:49:23Z,3,0,0,0.5624,0.5489,0.5941,0.5723,,Kansas City Royals,3,4,Kansas City Royals,1,1
401816197,2026-07-20,Washington Nationals,Colorado Rockies,2026-09-15T20:49:23Z,3,0,0,0.4666,0.5331,0.5264,0.4293,,Washington Nationals,7,3,Washington Nationals,1,1
401816198,2026-07-20,Athletics,Arizona Diamondbacks,2026-09-15T20:49:23Z,3,0,0,0.6389,0.5511,0.517,0.6912,,Arizona Diamondbacks,5,2,Athletics,1,0
401816199,2026-07-20,Cincinnati Reds,Seattle Mariners,2026-09-15T20:49:23Z,3,0,0,0.54,0.5412,0.5092,0.5421,,Seattle Mariners,0,8,Seattle Mariners,1,1
401816200,2026-07-20,St. Louis Cardinals,Los Angeles Angels,2026-09-15T20:49:23Z,3,0,0,0.4573,0.5413,0.4687,0.4079,,St. Louis Cardinals,2,3,Los Angeles Angels,1,0
401816202,2026-07-21,Los Angeles Dodgers,Philadelphia Phillies,2026-09-15T20:49:23Z,3,0,0,0.5055,0.5412,0.5256,0.4858,,Philadelphia Phillies,2,1,Los Angeles Dodgers,1,0
401816203,2026-07-21,Minnesota Twins,Cleveland Guardians,2026-09-15T20:49:23Z,3,0,0,0.5855,0.5449,0.4774,0.6127,,Cleveland Guardians,2,5,Cleveland Guardians,1,1
401816205,2026-07-21,San Diego Padres,Atlanta Braves,2026-09-15T20:49:23Z,3,0,0,0.5656,0.556,0.5866,0.5725,,Atlanta Braves,8,3,San Diego Padres,1,0
401816206,2026-07-21,Tampa Bay Rays,Toronto Blue Jays,2026-09-15T20:49:23Z,3,0,0,0.4685,0.5401,0.5334,0.4214,,Tampa Bay Rays,12,2,Tampa Bay Rays,1,1
401816207,2026-07-21,Chicago White Sox,Texas Rangers,2026-09-15T20:49:23Z,3,0,0,0.5287,0.5266,0.5609,0.5366,,Texas Rangers,0,10,Texas Rangers,1,1
401816208,2026-07-21,Detroit Tigers,Chicago Cubs,2026-09-15T20:49:23Z,3,0,0,0.5679,0.5326,0.4747,0.5976,,Chicago Cubs,2,11,Chicago Cubs,1,1
401816209,2026-07-21,Miami Marlins,Houston Astros,2026-09-15T20:49:23Z,3,0,0,0.5471,0.5484,0.5481,0.5478,,Houston Astros,3,5,Houston Astros,1,1
401816210,2026-07-21,New York Mets,Milwaukee Brewers,2026-09-15T20:49:23Z,3,0,0,0.6468,0.5602,0.608,0.6966,,Milwaukee Brewers,4,0,New York Mets,1,0
401816211,2026-07-21,San Francisco Giants,Kansas City Royals,2026-09-15T20:49:23Z,3,0,0,0.5656,0.5561,0.5922,0.5723,,Kansas City Royals,2,3,Kansas City Royals,1,1
401816212,2026-07-21,Washington Nationals,Colorado Rockies,2026-09-15T20:49:23Z,3,0,0,0.4648,0.5246,0.5135,0.4293,,Washington Nationals,7,8,Colorado Rockies,1,0
401816213,2026-07-21,Athletics,Arizona Diamondbacks,2026-09-15T20:49:23Z,3,0,0,0.6303,0.5422,0.5286,0.6912,,Arizona Diamondbacks,5,6,Arizona Diamondbacks,1,1
401816214,2026-07-21,Cincinnati Reds,Seattle Mariners,2026-09-15T20:49:23Z,3,0,0,0.5438,0.5485,0.5231,0.5421,,Seattle Mariners,4,2,Cincinnati Reds,1,0
401816215,2026-07-21,St. Louis Cardinals,Los Angeles Angels,2026-09-15T20:49:23Z,3,0,0,0.4651,0.5486,0.505,0.4079,,St. Louis Cardinals,1,5,Los Angeles Angels,1,0
401816217,2026-07-22,Los Angeles Dodgers,Philadelphia Phillies,2026-09-15T20:49:23Z,3,0,0,0.5023,0.5325,0.4987,0.4858,,Philadelphia Phillies,9,5,Los Angeles Dodgers,1,0
401816218,2026-07-22,Minnesota Twins,Cleveland Guardians,2026-09-15T20:49:23Z,3,0,0,0.5873,0.5522,0.5122,0.6127,,Cleveland Guardians,10,6,Minnesota Twins,1,0
401816219,2026-07-22,Pittsburgh Pirates,New York Yankees,2026-09-15T20:49:23Z,3,0,0,0.6079,0.5334,0.4887,0.6568,,New York Yankees,5,3,Pittsburgh Pirates,1,0
401816220,2026-07-22,San Diego Padres,Atlanta Braves,2026-09-15T20:49:23Z,3,0,0,0.56,0.5471,0.5973,0.5725,,Atlanta Braves,6,7,Atlanta Braves,1,1
401816221,2026-07-22,Tampa Bay Rays,Toronto Blue Jays,2026-09-15T20:49:23Z,3,0,0,0.4668,0.5315,0.5691,0.4214,,Tampa Bay Rays,4,2,Tampa Bay Rays,1,1
401816222,2026-07-22,Chicago White Sox,Texas Rangers,2026-09-15T20:49:23Z,3,0,0,0.5326,0.5342,0.4843,0.5366,,Texas Rangers,4,2,Chicago White Sox,1,0
401816223,2026-07-22,Detroit Tigers,Chicago Cubs,2026-09-15T20:49:23Z,3,0,0,0.5701,0.5401,0.4802,0.5976,,Chicago Cubs,5,1,Detroit Tigers,1,0
401816224,2026-07-22,Miami Marlins,Houston Astros,2026-09-15T20:49:23Z,3,0,0,0.5512,0.5556,0.5736,0.5478,,Houston Astros,2,5,Houston Astros,1,1
401816225,2026-07-22,New York Mets,Milwaukee Brewers,2026-09-15T20:49:23Z,3,0,0,0.6384,0.5513,0.602,0.6966,,Milwaukee Brewers,3,4,Milwaukee Brewers,1,1
401816226,2026-07-22,San Francisco Giants,Kansas City Royals,2026-09-15T20:49:23Z,3,0,0,0.5692,0.5631,0.5998,0.5723,,Kansas City Royals,4,5,Kansas City Royals,1,1
401816227,2026-07-22,Washington Nationals,Colorado Rockies,2026-09-15T20:49:23Z,3,0,0,0.4717,0.5322,0.5167,0.4293,,Washington Nationals,8,0,Washington Nationals,1,1
401816228,2026-07-22,Athletics,Arizona Diamondbacks,2026-09-15T20:49:23Z,3,0,0,0.6299,0.5496,0.5495,0.6912,,Arizona Diamondbacks,5,15,Arizona Diamondbacks,1,1
401816229,2026-07-22,Cincinnati Reds,Seattle Mariners,2026-09-15T20:49:23Z,3,0,0,0.5388,0.5397,0.5194,0.5421,,Seattle Mariners,5,3,Cincinnati Reds,1,0
401816230,2026-07-22,St. Louis Cardinals,Los Angeles Angels,2026-09-15T20:49:23Z,3,0,0,0.4734,0.5558,0.5511,0.4079,,St. Louis Cardinals,1,0,St. Louis Cardinals,1,1
401898715,2026-07-22,Baltimore Orioles,Boston Red Sox,2026-09-15T20:49:23Z,3,0,0,0.5948,0.5484,0.527,0.6285,,Boston Red Sox,3,6,Boston Red Sox,1,1
401816231,2026-07-23,Kansas City Royals,Detroit Tigers,2026-09-15T20:49:23Z,3,0,0,0.5558,0.5394,0.5482,0.5751,,Detroit Tigers,3,4,Detroit Tigers,1,1
401816232,2026-07-23,Minnesota Twins,Cleveland Guardians,2026-09-15T20:49:23Z,3,0,0,0.5805,0.5433,0.5214,0.6127,,Cleveland Guardians,3,1,Minnesota Twins,1,0
401816233,2026-07-23,San Diego Padres,Atlanta Braves,2026-09-15T20:49:23Z,3,0,0,0.5637,0.5543,0.5993,0.5725,,Atlanta Braves,5,6,Atlanta Braves,1,1
401816234,2026-07-23,Tampa Bay Rays,Toronto Blue Jays,2026-09-15T20:49:23Z,3,0,0,0.4645,0.5229,0.5243,0.4214,,Tampa Bay Rays,1,3,Toronto Blue Jays,1,0
401881162,2026-07-23,Arizona Diamondbacks,St. Louis Cardinals,2026-09-15T20:49:23Z,3,0,0,0.5056,0.5313,0.5506,0.4892,,St. Louis Cardinals,10,6,Arizona Diamondbacks,1,0
401816235,2026-07-24,Arizona Diamondbacks,Washington Nationals,2026-09-15T20:49:23Z,3,0,0,0.473,0.5426,0.534,0.4144,,Arizona Diamondbacks,3,2,Arizona Diamondbacks,1,1
401816236,2026-07-24,Atlanta Braves,Baltimore Orioles,2026-09-15T20:49:23Z,3,0,0,0.4634,0.5393,0.5543,0.4074,,Atlanta Braves,7,6,Atlanta Braves,1,1
401816237,2026-07-24,Chicago Cubs,Pittsburgh Pirates,2026-09-15T20:49:23Z,3,0,0,0.5171,0.554,0.5426,0.4911,,Pittsburgh Pirates,3,2,Chicago Cubs,1,0
401816238,2026-07-24,Cleveland Guardians,Tampa Bay Rays,2026-09-15T20:49:23Z,3,0,0,0.5997,0.5515,0.5183,0.643,,Tampa Bay Rays,3,11,Tampa Bay Rays,1,1
401816239,2026-07-24,Kansas City Royals,Detroit Tigers,2026-09-15T20:49:23Z,3,0,0,0.5594,0.5467,0.5757,0.5751,,Detroit Tigers,1,2,Detroit Tigers,1,1
401816240,2026-07-24,Los Angeles Dodgers,New York Mets,2026-09-15T20:49:23Z,3,0,0,0.4379,0.5276,0.4801,0.3748,,Los Angeles Dodgers,4,2,Los Angeles Dodgers,1,1
401816241,2026-07-24,New York Yankees,Philadelphia Phillies,2026-09-15T20:49:23Z,3,0,0,0.518,0.5466,0.5363,0.4996,,Philadelphia Phillies,1,0,New York Yankees,1,0
401816242,2026-07-24,San Diego Padres,Miami Marlins,2026-09-15T20:49:23Z,3,0,0,0.486,0.5306,0.5744,0.4529,,San Diego Padres,4,2,San Diego Padres,1,1
401816243,2026-07-24,Toronto Blue Jays,Boston Red Sox,2026-09-15T20:49:23Z,3,0,0,0.5856,0.575,0.634,0.5894,,Boston Red Sox,4,6,Boston Red Sox,1,1
401816244,2026-07-24,Athletics,Minnesota Twins,2026-09-15T20:49:23Z,3,0,0,0.5791,0.5492,0.4915,0.6075,,Minnesota Twins,2,0,Athletics,1,0
401816245,2026-07-24,Cincinnati Reds,St. Louis Cardinals,2026-09-15T20:49:23Z,3,0,0,0.5387,0.5229,0.4768,0.562,,St. Louis Cardinals,4,2,Cincinnati Reds,1,0
401816246,2026-07-24,Colorado Rockies,Milwaukee Brewers,2026-09-15T20:49:23Z,3,0,0,0.7069,0.5661,0.5784,0.8061,,Milwaukee Brewers,5,2,Colorado Rockies,1,0
401816247,2026-07-24,Houston Astros,Chicago White Sox,2026-09-15T20:49:23Z,3,0,0,0.5502,0.5547,0.5706,0.5464,,Chicago White Sox,9,5,Houston Astros,1,0
401816248,2026-07-24,Seattle Mariners,Texas Rangers,2026-09-15T20:49:23Z,3,0,0,0.5527,0.5374,0.5134,0.5715,,Texas Rangers,4,5,Texas Rangers,1,1
401816249,2026-07-24,Los Angeles Angels,San Francisco Giants,2026-09-15T20:49:23Z,3,0,0,0.5488,0.5313,0.5728,0.5712,,San Francisco Giants,6,7,San Francisco Giants,1,1
401816250,2026-07-25,Arizona Diamondbacks,Washington Nationals,2026-09-15T20:49:23Z,3,0,0,0.4709,0.5339,0.4988,0.4144,,Arizona Diamondbacks,3,5,Washington Nationals,1,0
401816251,2026-07-25,Atlanta Braves,Baltimore Orioles,2026-09-15T20:49:23Z,3,0,0,0.4618,0.5307,0.5081,0.4074,,Atlanta Braves,2,3,Baltimore Orioles,1,0
401816252,2026-07-25,Chicago Cubs,Pittsburgh Pirates,2026-09-15T20:49:23Z,3,0,0,0.5138,0.5452,0.5211,0.4911,,Pittsburgh Pirates,11,0,Chicago Cubs,1,0
401816253,2026-07-25,Cleveland Guardians,Tampa Bay Rays,2026-09-15T20:49:23Z,3,0,0,0.6016,0.5586,0.5205,0.643,,Tampa Bay Rays,0,3,Tampa Bay Rays,1,1
401816254,2026-07-25,Kansas City Royals,Detroit Tigers,2026-09-15T20:49:23Z,3,0,0,0.5635,0.554,0.6026,0.5751,,Detroit Tigers,3,2,Kansas City Royals,1,0
401816255,2026-07-25,Los Angeles Dodgers,New York Mets,2026-09-15T20:49:23Z,3,0,0,0.4369,0.5191,0.4541,0.3748,,Los Angeles Dodgers,4,3,Los Angeles Dodgers,1,1
401816256,2026-07-25,New York Yankees,Philadelphia Phillies,2026-09-15T20:49:23Z,3,0,0,0.5142,0.5378,0.5187,0.4996,,Philadelphia Phillies,3,1,New York Yankees,1,0
401816257,2026-07-25,San Diego Padres,Miami Marlins,2026-09-15T20:49:23Z,3,0,0,0.4825,0.522,0.5241,0.4529,,San Diego Padres,7,2,San Diego Padres,1,1
401816258,2026-07-25,Toronto Blue Jays,Boston Red Sox,2026-09-15T20:49:23Z,3,0,0,0.5894,0.5817,0.6404,0.5894,,Boston Red Sox,6,0,Toronto Blue Jays,1,0
401816259,2026-07-25,Athletics,Minnesota Twins,2026-09-15T20:49:23Z,3,0,0,0.5717,0.5405,0.4939,0.6075,,Minnesota Twins,0,2,Minnesota Twins,1,1
401816260,2026-07-25,Cincinnati Reds,St. Louis Cardinals,2026-09-15T20:49:23Z,3,0,0,0.5318,0.5145,0.469,0.562,,St. Louis Cardinals,0,7,St. Louis Cardinals,1,1
401816261,2026-07-25,Colorado Rockies,Milwaukee Brewers,2026-09-15T20:49:23Z,3,0,0,0.6949,0.5571,0.5658,0.8061,,Milwaukee Brewers,5,8,Milwaukee Brewers,1,1
401816262,2026-07-25,Houston Astros,Chicago White Sox,2026-09-15T20:49:23Z,3,0,0,0.5446,0.5459,0.5444,0.5464,,Chicago White Sox,4,1,Houston Astros,1,0
401816263,2026-07-25,Seattle Mariners,Texas Rangers,2026-09-15T20:49:23Z,3,0,0,0.5564,0.5448,0.5328,0.5715,,Texas Rangers,1,7,Texas Rangers,1,1
401816264,2026-07-25,Los Angeles Angels,San Francisco Giants,2026-09-15T20:49:23Z,3,0,0,0.5523,0.5389,0.5874,0.5712,,San Francisco Giants,2,9,San Francisco Giants,1,1
401816265,2026-07-26,Arizona Diamondbacks,Washington Nationals,2026-09-15T20:49:23Z,3,0,0,0.4794,0.5414,0.517,0.4144,,Arizona Diamondbacks,7,10,Washington Nationals,1,0
401816266,2026-07-26,Atlanta Braves,Baltimore Orioles,2026-09-15T20:49:23Z,3,0,0,0.4701,0.5382,0.5262,0.4074,,Atlanta Braves,3,2,Atlanta Braves,1,1
401816267,2026-07-26,Chicago Cubs,Pittsburgh Pirates,2026-09-15T20:49:23Z,3,0,0,0.5098,0.5364,0.5292,0.4911,,Pittsburgh Pirates,7,8,Pittsburgh Pirates,1,1
401816268,2026-07-26,Cleveland Guardians,Tampa Bay Rays,2026-09-15T20:49:23Z,3,0,0,0.6039,0.5656,0.5541,0.643,,Tampa Bay Rays,0,1,Tampa Bay Rays,1,1
401816269,2026-07-26,Kansas City Royals,Detroit Tigers,2026-09-15T20:49:23Z,3,0,0,0.5564,0.5451,0.5839,0.5751,,Detroit Tigers,5,4,Kansas City Royals,1,0
401816270,2026-07-26,Los Angeles Dodgers,New York Mets,2026-09-15T20:49:23Z,3,0,0,0.4354,0.5108,0.4358,0.3748,,Los Angeles Dodgers,3,8,New York Mets,1,0
401816271,2026-07-26,New York Yankees,Philadelphia Phillies,2026-09-15T20:49:23Z,3,0,0,0.5098,0.5292,0.4988,0.4996,,Philadelphia Phillies,4,11,Philadelphia Phillies,1,1
401816272,2026-07-26,San Diego Padres,Miami Marlins,2026-09-15T20:49:23Z,3,0,0,0.4783,0.5136,0.515,0.4529,,San Diego Padres,5,3,San Diego Padres,1,1
401816273,2026-07-26,Toronto Blue Jays,Boston Red Sox,2026-09-15T20:49:23Z,3,0,0,0.5834,0.5725,0.6548,0.5894,,Boston Red Sox,1,6,Boston Red Sox,1,1
401816274,2026-07-26,Athletics,Minnesota Twins,2026-09-15T20:49:23Z,3,0,0,0.5746,0.5478,0.5155,0.6075,,Minnesota Twins,8,11,Minnesota Twins,1,1
401816275,2026-07-26,Cincinnati Reds,St. Louis Cardinals,2026-09-15T20:49:23Z,3,0,0,0.5354,0.5223,0.4724,0.562,,St. Louis Cardinals,5,3,Cincinnati Reds,1,0
401816276,2026-07-26,Colorado Rockies,Milwaukee Brewers,2026-09-15T20:49:23Z,3,0,0,0.6917,0.5642,0.5754,0.8061,,Milwaukee Brewers,2,11,Milwaukee Brewers,1,1
401816277,2026-07-26,Houston Astros,Chicago White Sox,2026-09-15T20:49:23Z,3,0,0,0.5384,0.5372,0.5197,0.5464,,Chicago White Sox,3,12,Chicago White Sox,1,1
401816278,2026-07-26,Seattle Mariners,Texas Rangers,2026-09-15T20:49:23Z,3,0,0,0.5605,0.552,0.5354,0.5715,,Texas Rangers,6,4,Seattle Mariners,1,0
401816279,2026-07-26,Los Angeles Angels,San Francisco Giants,2026-09-15T20:49:23Z,3,0,0,0.5563,0.5462,0.5967,0.5712,,San Francisco Giants,4,3,Los Angeles Angels,1,0
401816280,2026-07-27,Arizona Diamondbacks,Pittsburgh Pirates,2026-09-15T20:49:23Z,3,0,0,0.508,0.54,0.538,0.4804,,Pittsburgh Pirates,2,3,Pittsburgh Pirates,1,1
401816281,2026-07-27,Atlanta Braves,New York Mets,2026-09-15T20:49:23Z,3,0,0,0.4533,0.5225,0.4725,0.3875,,Atlanta Braves,3,14,New York Mets,1,0
401816282,2026-07-27,Baltimore Orioles,Detroit Tigers,2026-09-15T20:49:23Z,3,0,0,0.5399,0.5506,0.5265,0.5294,,Detroit Tigers,8,5,Baltimore Orioles,1,0
401816284,2026-07-27,Philadelphia Phillies,Miami Marlins,2026-09-15T20:49:23Z,3,0,0,0.4837,0.5193,0.4779,0.4559,,Philadelphia Phillies,7,8,Miami Marlins,1,0
401816285,2026-07-27,Toronto Blue Jays,Washington Nationals,2026-09-15T20:49:23Z,3,0,0,0.5155,0.5719,0.5915,0.4365,,Washington Nationals,3,2,Toronto Blue Jays,1,0
401816286,2026-07-27,Chicago Cubs,St. Louis Cardinals,2026-09-15T20:49:23Z,3,0,0,0.5088,0.5252,0.4812,0.4999,,St. Louis Cardinals,7,3,Chicago Cubs,1,0
401816287,2026-07-27,New York Yankees,Chicago White Sox,2026-09-15T20:49:23Z,3,0,0,0.4943,0.5519,0.5236,0.4373,,New York Yankees,9,5,New York Yankees,1,1
401816288,2026-07-27,Seattle Mariners,Texas Rangers,2026-09-15T20:49:23Z,3,0,0,0.5535,0.5432,0.5209,0.5715,,Texas Rangers,3,7,Texas Rangers,1,1
401816289,2026-07-27,Boston Red Sox,Athletics,2026-09-15T20:49:23Z,3,0,0,0.4268,0.512,0.5048,0.3486,,Boston Red Sox,4,2,Boston Red Sox,1,1
401816290,2026-07-27,Houston Astros,Los Angeles Angels,2026-09-15T20:49:23Z,3,0,0,0.4726,0.5349,0.4935,0.4019,,Houston Astros,6,4,Houston Astros,1,1
401816291,2026-07-27,Milwaukee Brewers,San Francisco Giants,2026-09-15T20:49:23Z,3,0,0,0.4186,0.5164,0.5417,0.3158,,Milwaukee Brewers,0,3,San Francisco Giants,1,0
401816292,2026-07-28,Arizona Diamondbacks,Pittsburgh Pirates,2026-09-15T20:49:23Z,3,0,0,0.5148,0.5473,0.5567,0.4804,,Pittsburgh Pirates,8,7,Arizona Diamondbacks,1,0
401816294,2026-07-28,Baltimore Orioles,Detroit Tigers,2026-09-15T20:49:23Z,3,0,0,0.534,0.5418,0.5064,0.5294,,Detroit Tigers,0,14,Detroit Tigers,1,1
401816296,2026-07-28,Philadelphia Phillies,Miami Marlins,2026-09-15T20:49:23Z,3,0,0,0.4909,0.5271,0.5031,0.4559,,Philadelphia Phillies,0,1,Miami Marlins,1,0
401816297,2026-07-28,Texas Rangers,Tampa Bay Rays,2026-09-15T20:49:23Z,3,0,0,0.5976,0.5531,0.6193,0.6602,,Tampa Bay Rays,4,1,Texas Rangers,1,0
401816298,2026-07-28,Toronto Blue Jays,Washington Nationals,2026-09-15T20:49:23Z,3,0,0,0.5126,0.5628,0.5814,0.4365,,Washington Nationals,6,8,Washington Nationals,1,1
401816299,2026-07-28,Chicago Cubs,St. Louis Cardinals,2026-09-15T20:49:23Z,3,0,0,0.5028,0.5167,0.4581,0.4999,,St. Louis Cardinals,10,2,Chicago Cubs,1,0
401816300,2026-07-28,Kansas City Royals,Minnesota Twins,2026-09-15T20:49:23Z,3,0,0,0.5352,0.5294,0.5269,0.5552,,Minnesota Twins,2,3,Minnesota Twins,1,1
401816301,2026-07-28,New York Yankees,Chicago White Sox,2026-09-15T20:49:23Z,3,0,0,0.4915,0.543,0.5024,0.4373,,New York Yankees,3,2,New York Yankees,1,1
401816302,2026-07-28,Boston Red Sox,Athletics,2026-09-15T20:49:23Z,3,0,0,0.4253,0.5037,0.4674,0.3486,,Boston Red Sox,3,4,Athletics,1,0
401816303,2026-07-28,Colorado Rockies,San Diego Padres,2026-09-15T20:49:23Z,3,0,0,0.6602,0.5586,0.5132,0.7705,,San Diego Padres,7,8,San Diego Padres,1,1
401816304,2026-07-28,Houston Astros,Los Angeles Angels,2026-09-15T20:49:23Z,3,0,0,0.4697,0.5263,0.473,0.4019,,Houston Astros,3,2,Houston Astros,1,1
401816305,2026-07-28,Milwaukee Brewers,San Francisco Giants,2026-09-15T20:49:23Z,3,0,0,0.4301,0.5241,0.5572,0.3158,,Milwaukee Brewers,8,2,Milwaukee Brewers,1,1
401816306,2026-07-28,Seattle Mariners,Los Angeles Dodgers,2026-09-15T20:49:23Z,3,0,0,0.6243,0.5694,0.5964,0.6791,,Los Angeles Dodgers,7,6,Seattle Mariners,1,0
401901849,2026-07-28,Cleveland Guardians,Cincinnati Reds,2026-09-15T20:49:23Z,3,0,0,0.539,0.5779,0.5874,0.4797,,Cincinnati Reds,6,5,Cleveland Guardians,1,0
401816307,2026-07-29,Arizona Diamondbacks,Pittsburgh Pirates,2026-09-15T20:49:23Z,3,0,0,0.5102,0.5386,0.528,0.4804,,Pittsburgh Pirates,3,0,Arizona Diamondbacks,1,0
401816308,2026-07-29,Atlanta Braves,New York Mets,2026-09-15T20:49:23Z,3,0,0,0.4625,0.5301,0.4655,0.3875,,Atlanta Braves,2,3,New York Mets,1,0
401816309,2026-07-29,Baltimore Orioles,Detroit Tigers,2026-09-15T20:49:23Z,3,0,0,0.5399,0.5492,0.4939,0.5294,,Detroit Tigers,10,9,Baltimore Orioles,1,0
401816310,2026-07-29,Cleveland Guardians,Cincinnati Reds,2026-09-15T20:49:23Z,3,0,0,0.5349,0.5688,0.5645,0.4797,,Cincinnati Reds,6,1,Cleveland Guardians,1,0
401816311,2026-07-29,Philadelphia Phillies,Miami Marlins,2026-09-15T20:49:23Z,3,0,0,0.4986,0.5347,0.5132,0.4559,,Philadelphia Phillies,6,8,Miami Marlins,1,0
401816312,2026-07-29,Texas Rangers,Tampa Bay Rays,2026-09-15T20:49:23Z,3,0,0,0.5874,0.5443,0.5887,0.6602,,Tampa Bay Rays,0,3,Tampa Bay Rays,1,1
401816313,2026-07-29,Toronto Blue Jays,Washington Nationals,2026-09-15T20:49:23Z,3,0,0,0.522,0.5698,0.6007,0.4365,,Washington Nationals,5,2,Toronto Blue Jays,1,0
401816314,2026-07-29,Chicago Cubs,St. Louis Cardinals,2026-09-15T20:49:23Z,3,0,0,0.4962,0.5084,0.4678,0.4999,,Chicago Cubs,2,3,St. Louis Cardinals,1,0
401816315,2026-07-29,Kansas City Royals,Minnesota Twins,2026-09-15T20:49:23Z,3,0,0,0.5403,0.5369,0.5532,0.5552,,Minnesota Twins,4,0,Kansas City Royals,1,0
401816316,2026-07-29,New York Yankees,Chicago White Sox,2026-09-15T20:49:23Z,3,0,0,0.488,0.5343,0.4817,0.4373,,New York Yankees,5,6,Chicago White Sox,1,0
401816317,2026-07-29,Boston Red Sox,Athletics,2026-09-15T20:49:23Z,3,0,0,0.4355,0.5117,0.4791,0.3486,,Boston Red Sox,4,2,Boston Red Sox,1,1
401816318,2026-07-29,Colorado Rockies,San Diego Padres,2026-09-15T20:49:23Z,3,0,0,0.6587,0.5656,0.5487,0.7705,,San Diego Padres,1,3,San Diego Padres,1,1
401816319,2026-07-29,Houston Astros,Los Angeles Angels,2026-09-15T20:49:23Z,3,0,0,0.4662,0.5178,0.453,0.4019,,Houston Astros,7,4,Houston Astros,1,1
401816320,2026-07-29,Milwaukee Brewers,San Francisco Giants,2026-09-15T20:49:23Z,3,0,0,0.4293,0.5157,0.5421,0.3158,,Milwaukee Brewers,3,16,San Francisco Giants,1,0
401816321,2026-07-29,Seattle Mariners,Los Angeles Dodgers,2026-09-15T20:49:23Z,3,0,0,0.6148,0.5604,0.555,0.6791,,Los Angeles Dodgers,2,4,Los Angeles Dodgers,1,1
401816322,2026-07-30,Miami Marlins,New York Mets,2026-09-15T20:49:23Z,3,0,0,0.5441,0.5669,0.6324,0.5058,,New York Mets,2,4,New York Mets,1,1
401816323,2026-07-30,Pittsburgh Pirates,Cincinnati Reds,2026-09-15T20:49:23Z,3,0,0,0.5369,0.5494,0.4673,0.5218,,Cincinnati Reds,2,3,Cincinnati Reds,1,1
401816324,2026-07-30,Texas Rangers,Tampa Bay Rays,2026-09-15T20:49:23Z,3,0,0,0.5899,0.5516,0.6099,0.6602,,Tampa Bay Rays,2,3,Tampa Bay Rays,1,1
401816325,2026-07-30,Washington Nationals,Atlanta Braves,2026-09-15T20:49:23Z,3,0,0,0.6038,0.5425,0.5652,0.7145,,Atlanta Braves,4,5,Atlanta Braves,1,1
401816326,2026-07-30,Chicago Cubs,St. Louis Cardinals,2026-09-15T20:49:23Z,3,0,0,0.5027,0.5163,0.4754,0.4999,,St. Louis Cardinals,4,2,Chicago Cubs,1,0
401816327,2026-07-30,Kansas City Royals,Minnesota Twins,2026-09-15T20:49:23Z,3,0,0,0.5323,0.5283,0.5349,0.5552,,Minnesota Twins,3,4,Minnesota Twins,1,1
401816328,2026-07-30,New York Yankees,Chicago White Sox,2026-09-15T20:49:23Z,3,0,0,0.4965,0.5418,0.5099,0.4373,,New York Yankees,1,2,Chicago White Sox,1,0
401816329,2026-07-30,Boston Red Sox,Athletics,2026-09-15T20:49:23Z,3,0,0,0.4334,0.5035,0.4534,0.3486,,Boston Red Sox,5,4,Boston Red Sox,1,1
401816330,2026-07-30,Seattle Mariners,Los Angeles Dodgers,2026-09-15T20:49:23Z,3,0,0,0.6165,0.5674,0.5762,0.6791,,Los Angeles Dodgers,2,6,Los Angeles Dodgers,1,1
401816331,2026-07-30,San Francisco Giants,San Diego Padres,2026-09-15T20:49:23Z,3,0,0,0.6137,0.5605,0.621,0.7028,,San Diego Padres,4,1,San Francisco Giants,1,0
401816332,2026-07-31,Arizona Diamondbacks,Cleveland Guardians,2026-09-15T20:49:23Z,3,0,0,0.5137,0.5194,0.4684,0.5225,,Cleveland Guardians,4,1,Arizona Diamondbacks,1,0
401816333,2026-07-31,Chicago White Sox,Tampa Bay Rays,2026-09-15T20:49:23Z,3,0,0,0.5896,0.5516,0.5455,0.6594,,Tampa Bay Rays,6,1,Chicago White Sox,1,0
401816334,2026-07-31,Miami Marlins,New York Mets,2026-09-15T20:49:23Z,3,0,0,0.5516,0.5738,0.645,0.5058,,New York Mets,5,2,Miami Marlins,1,0
401816335,2026-07-31,Philadelphia Phillies,Baltimore Orioles,2026-09-15T20:49:23Z,3,0,0,0.5259,0.5706,0.589,0.4449,,Baltimore Orioles,4,6,Baltimore Orioles,1,1
401816336,2026-07-31,Pittsburgh Pirates,Cincinnati Reds,2026-09-15T20:49:23Z,3,0,0,0.5435,0.5565,0.4935,0.5218,,Cincinnati Reds,7,8,Cincinnati Reds,1,1
401816337,2026-07-31,St. Louis Cardinals,Toronto Blue Jays,2026-09-15T20:49:23Z,3,0,0,0.5581,0.5555,0.5068,0.5631,,Toronto Blue Jays,1,3,Toronto Blue Jays,1,1
401816338,2026-07-31,Washington Nationals,Atlanta Braves,2026-09-15T20:49:23Z,3,0,0,0.6097,0.5498,0.5743,0.7145,,Atlanta Braves,2,6,Atlanta Braves,1,1
401816339,2026-07-31,New York Yankees,Chicago Cubs,2026-09-15T20:49:23Z,3,0,0,0.5209,0.5576,0.5336,0.4596,,Chicago Cubs,2,0,New York Yankees,1,0
401816340,2026-07-31,Texas Rangers,Houston Astros,2026-09-15T20:49:23Z,3,0,0,0.5525,0.5627,0.5929,0.5296,,Houston Astros,2,11,Houston Astros,1,1
401816341,2026-07-31,Kansas City Royals,Colorado Rockies,2026-09-15T20:49:23Z,3,0,0,0.4669,0.5121,0.5525,0.4155,,Kansas City Royals,1,3,Colorado Rockies,1,0
401816342,2026-07-31,Boston Red Sox,Los Angeles Dodgers,2026-09-15T20:49:23Z,3,0,0,0.5512,0.5349,0.4947,0.5878,,Los Angeles Dodgers,9,4,Boston Red Sox,1,0
401816343,2026-07-31,Detroit Tigers,Athletics,2026-09-15T20:49:23Z,3,0,0,0.4876,0.5209,0.4551,0.4459,,Detroit Tigers,13,1,Detroit Tigers,1,1
401816344,2026-07-31,Milwaukee Brewers,Los Angeles Angels,2026-09-15T20:49:23Z,3,0,0,0.4209,0.5128,0.4732,0.2871,,Milwaukee Brewers,6,2,Milwaukee Brewers,1,1
401816345,2026-07-31,Minnesota Twins,Seattle Mariners,2026-09-15T20:49:23Z,3,0,0,0.5337,0.5275,0.5657,0.561,,Seattle Mariners,5,3,Minnesota Twins,1,0
401816346,2026-07-31,San Francisco Giants,San Diego Padres,2026-09-15T20:49:23Z,3,0,0,0.6064,0.5516,0.6008,0.7028,,San Diego Padres,0,7,San Diego Padres,1,1
401816347,2026-08-01,Arizona Diamondbacks,Cleveland Guardians,2026-09-15T20:49:23Z,3,0,0,0.5062,0.5111,0.457,0.5225,,Cleveland Guardians,12,8,Arizona Diamondbacks,1,0
401816348,2026-08-01,Chicago White Sox,Tampa Bay Rays,2026-09-15T20:49:23Z,3,0,0,0.5823,0.5427,0.5363,0.6594,,Tampa Bay Rays,0,1,Tampa Bay Rays,1,1
401816349,2026-08-01,Miami Marlins,New York Mets,2026-09-15T20:49:23Z,3,0,0,0.546,0.5647,0.629,0.5058,,New York Mets,6,2,Miami Marlins,1,0
401816350,2026-08-01,Philadelphia Phillies,Baltimore Orioles,2026-09-15T20:49:23Z,3,0,0,0.5356,0.5773,0.6088,0.4449,,Baltimore Orioles,5,0,Philadelphia Phillies,1,0
401816351,2026-08-01,Pittsburgh Pirates,Cincinnati Reds,2026-09-15T20:49:23Z,3,0,0,0.5505,0.5636,0.5163,0.5218,,Cincinnati Reds,4,1,Pittsburgh Pirates,1,0
401816352,2026-08-01,St. Louis Cardinals,Toronto Blue Jays,2026-09-15T20:49:23Z,3,0,0,0.5641,0.5626,0.5105,0.5631,,Toronto Blue Jays,1,5,Toronto Blue Jays,1,1
401816353,2026-08-01,Washington Nationals,Atlanta Braves,2026-09-15T20:49:23Z,3,0,0,0.6156,0.557,0.5624,0.7145,,Atlanta Braves,3,8,Atlanta Braves,1,1
401816354,2026-08-01,New York Yankees,Chicago Cubs,2026-09-15T20:49:23Z,3,0,0,0.5161,0.5487,0.5328,0.4596,,Chicago Cubs,2,5,Chicago Cubs,1,1
401816355,2026-08-01,Texas Rangers,Houston Astros,2026-09-15T20:49:23Z,3,0,0,0.5584,0.5696,0.5641,0.5296,,Houston Astros,4,5,Houston Astros,1,1
401816356,2026-08-01,Kansas City Royals,Colorado Rockies,2026-09-15T20:49:23Z,3,0,0,0.476,0.5199,0.5427,0.4155,,Kansas City Royals,6,12,Colorado Rockies,1,0
401816357,2026-08-01,Boston Red Sox,Los Angeles Dodgers,2026-09-15T20:49:23Z,3,0,0,0.5422,0.5263,0.4831,0.5878,,Los Angeles Dodgers,3,2,Boston Red Sox,1,0
401816358,2026-08-01,Detroit Tigers,Athletics,2026-09-15T20:49:23Z,3,0,0,0.4805,0.5125,0.5028,0.4459,,Detroit Tigers,8,6,Detroit Tigers,1,1
401816359,2026-08-01,Milwaukee Brewers,Los Angeles Angels,2026-09-15T20:49:23Z,3,0,0,0.4141,0.5046,0.4621,0.2871,,Milwaukee Brewers,3,1,Milwaukee Brewers,1,1
401816360,2026-08-01,Minnesota Twins,Seattle Mariners,2026-09-15T20:49:23Z,3,0,0,0.5265,0.519,0.5447,0.561,,Seattle Mariners,3,4,Seattle Mariners,1,1
401816361,2026-08-01,San Francisco Giants,San Diego Padres,2026-09-15T20:49:23Z,3,0,0,0.6122,0.5587,0.5934,0.7028,,San Diego Padres,5,6,San Diego Padres,1,1
401816362,2026-08-02,Arizona Diamondbacks,Cleveland Guardians,2026-09-15T20:49:23Z,3,0,0,0.4992,0.5028,0.4673,0.5225,,Arizona Diamondbacks,0,5,Cleveland Guardians,1,0
401816363,2026-08-02,Chicago White Sox,Tampa Bay Rays,2026-09-15T20:49:23Z,3,0,0,0.5883,0.5501,0.5518,0.6594,,Tampa Bay Rays,9,1,Chicago White Sox,1,0
401816364,2026-08-02,Miami Marlins,New York Mets,2026-09-15T20:49:23Z,3,0,0,0.5383,0.5557,0.6193,0.5058,,New York Mets,2,0,Miami Marlins,1,0
401816365,2026-08-02,Philadelphia Phillies,Baltimore Orioles,2026-09-15T20:49:23Z,3,0,0,0.5277,0.5682,0.595,0.4449,,Baltimore Orioles,8,0,Philadelphia Phillies,1,0
401816366,2026-08-02,Pittsburgh Pirates,Cincinnati Reds,2026-09-15T20:49:23Z,3,0,0,0.5429,0.5546,0.5055,0.5218,,Cincinnati Reds,2,10,Cincinnati Reds,1,1
401816367,2026-08-02,St. Louis Cardinals,Toronto Blue Jays,2026-09-15T20:49:23Z,3,0,0,0.57,0.5695,0.514,0.5631,,Toronto Blue Jays,5,1,St. Louis Cardinals,1,0
401816368,2026-08-02,Washington Nationals,Atlanta Braves,2026-09-15T20:49:23Z,3,0,0,0.6213,0.564,0.5543,0.7145,,Atlanta Braves,2,4,Atlanta Braves,1,1
401816369,2026-08-02,New York Yankees,Chicago Cubs,2026-09-15T20:49:23Z,3,0,0,0.5223,0.5559,0.5497,0.4596,,Chicago Cubs,2,1,New York Yankees,1,0
401816370,2026-08-02,Texas Rangers,Houston Astros,2026-09-15T20:49:23Z,3,0,0,0.5641,0.5764,0.5771,0.5296,,Houston Astros,3,7,Houston Astros,1,1
401816371,2026-08-02,Kansas City Royals,Colorado Rockies,2026-09-15T20:49:23Z,3,0,0,0.4825,0.5277,0.527,0.4155,,Kansas City Royals,1,8,Colorado Rockies,1,0
401816372,2026-08-02,Boston Red Sox,Los Angeles Dodgers,2026-09-15T20:49:23Z,3,0,0,0.535,0.5179,0.4647,0.5878,,Los Angeles Dodgers,8,4,Boston Red Sox,1,0
401816373,2026-08-02,Detroit Tigers,Athletics,2026-09-15T20:49:23Z,3,0,0,0.4735,0.5043,0.4928,0.4459,,Detroit Tigers,11,0,Detroit Tigers,1,1
401816374,2026-08-02,Milwaukee Brewers,Los Angeles Angels,2026-09-15T20:49:23Z,3,0,0,0.4074,0.4964,0.4459,0.2871,,Milwaukee Brewers,0,3,Los Angeles Angels,1,0
401816375,2026-08-02,Minnesota Twins,Seattle Mariners,2026-09-15T20:49:23Z,3,0,0,0.533,0.5268,0.5559,0.561,,Seattle Mariners,6,7,Seattle Mariners,1,1
401816376,2026-08-02,San Francisco Giants,San Diego Padres,2026-09-15T20:49:23Z,3,0,0,0.618,0.5657,0.6107,0.7028,,San Diego Padres,4,5,San Diego Padres,1,1
401815079,2026-08-03,San Diego Padres,Arizona Diamondbacks,2026-09-15T20:49:23Z,3,0,0,0.5272,0.5429,0.5606,0.5053,,Arizona Diamondbacks,1,5,Arizona Diamondbacks,1,1
401816377,2026-08-03,St. Louis Cardinals,New York Yankees,2026-09-15T20:49:23Z,3,0,0,0.6018,0.571,0.5448,0.6488,,New York Yankees,13,7,St. Louis Cardinals,1,0
401816378,2026-08-03,Washington Nationals,Philadelphia Phillies,2026-09-15T20:49:23Z,3,0,0,0.5839,0.5341,0.465,0.6822,,Philadelphia Phillies,3,6,Philadelphia Phillies,1,1
401816379,2026-08-03,Los Angeles Dodgers,Chicago Cubs,2026-09-15T20:49:23Z,3,0,0,0.5054,0.5418,0.4842,0.4459,,Chicago Cubs,5,10,Chicago Cubs,1,1
401816380,2026-08-03,Pittsburgh Pirates,Milwaukee Brewers,2026-09-15T20:49:23Z,3,0,0,0.6073,0.5667,0.5804,0.6732,,Milwaukee Brewers,4,3,Pittsburgh Pirates,1,0
401816381,2026-08-03,San Francisco Giants,Texas Rangers,2026-09-15T20:49:23Z,3,0,0,0.576,0.542,0.5781,0.6444,,Texas Rangers,5,1,San Francisco Giants,1,0
401816382,2026-08-03,Toronto Blue Jays,Houston Astros,2026-09-15T20:49:23Z,3,0,0,0.5607,0.577,0.5962,0.518,,Houston Astros,3,1,Toronto Blue Jays,1,0
401816383,2026-08-03,Tampa Bay Rays,Colorado Rockies,2026-09-15T20:49:23Z,3,0,0,0.4129,0.5288,0.495,0.239,,Tampa Bay Rays,13,9,Tampa Bay Rays,1,1
401816384,2026-08-04,Los Angeles Angels,Baltimore Orioles,2026-09-15T20:49:23Z,3,0,0,0.5966,0.5648,0.5845,0.6486,,Baltimore Orioles,1,3,Baltimore Orioles,1,1
401816385,2026-08-04,Athletics,Cincinnati Reds,2026-09-15T20:49:23Z,3,0,0,0.6053,0.5854,0.5205,0.6256,,Cincinnati Reds,4,5,Cincinnati Reds,1,1
401816386,2026-08-04,Chicago White Sox,Boston Red Sox,2026-09-15T20:49:23Z,3,0,0,0.5879,0.5755,0.5946,0.5997,,Boston Red Sox,2,14,Boston Red Sox,1,1
401816387,2026-08-04,Miami Marlins,Atlanta Braves,2026-09-15T20:49:23Z,3,0,0,0.6077,0.5764,0.6605,0.6528,,Atlanta Braves,2,4,Atlanta Braves,1,1
401816388,2026-08-04,New York Mets,Cleveland Guardians,2026-09-15T20:49:23Z,3,0,0,0.5568,0.5362,0.4911,0.6052,,Cleveland Guardians,6,2,New York Mets,1,0
401816389,2026-08-04,St. Louis Cardinals,New York Yankees,2026-09-15T20:49:23Z,3,0,0,0.5943,0.562,0.5386,0.6488,,New York Yankees,0,2,New York Yankees,1,1
401816390,2026-08-04,Washington Nationals,Philadelphia Phillies,2026-09-15T20:49:23Z,3,0,0,0.5901,0.5416,0.4775,0.6822,,Philadelphia Phillies,0,5,Philadelphia Phillies,1,1
401816391,2026-08-04,Los Angeles Dodgers,Chicago Cubs,2026-09-15T20:49:23Z,3,0,0,0.5117,0.5491,0.4887,0.4459,,Chicago Cubs,1,5,Chicago Cubs,1,1
401816392,2026-08-04,Minnesota Twins,Kansas City Royals,2026-09-15T20:49:23Z,3,0,0,0.5316,0.5421,0.6247,0.5199,,Kansas City Royals,2,8,Kansas City Royals,1,1
401816393,2026-08-04,Pittsburgh Pirates,Milwaukee Brewers,2026-09-15T20:49:23Z,3,0,0,0.5999,0.5577,0.5664,0.6732,,Milwaukee Brewers,2,4,Milwaukee Brewers,1,1
401816394,2026-08-04,San Francisco Giants,Texas Rangers,2026-09-15T20:49:23Z,3,0,0,0.5688,0.5333,0.5646,0.6444,,Texas Rangers,4,5,Texas Rangers,1,1
401816395,2026-08-04,Toronto Blue Jays,Houston Astros,2026-09-15T20:49:23Z,3,0,0,0.5529,0.5679,0.5884,0.518,,Houston Astros,2,7,Houston Astros,1,1
401816396,2026-08-04,Tampa Bay Rays,Colorado Rockies,2026-09-15T20:49:23Z,3,0,0,0.4059,0.5203,0.4947,0.239,,Tampa Bay Rays,9,7,Tampa Bay Rays,1,1
401816397,2026-08-04,Detroit Tigers,Seattle Mariners,2026-09-15T20:49:23Z,3,0,0,0.5202,0.52,0.5288,0.5409,,Seattle Mariners,8,0,Detroit Tigers,1,0
401816398,2026-08-04,San Diego Padres,Arizona Diamondbacks,2026-09-15T20:49:23Z,3,0,0,0.5334,0.5502,0.5555,0.5053,,Arizona Diamondbacks,9,4,San Diego Padres,1,0
401816399,2026-08-05,Los Angeles Angels,Baltimore Orioles,2026-09-15T20:49:23Z,3,0,0,0.6023,0.5717,0.6022,0.6486,,Baltimore Orioles,2,5,Baltimore Orioles,1,1
401816400,2026-08-05,Athletics,Cincinnati Reds,2026-09-15T20:49:23Z,3,0,0,0.6107,0.5919,0.5491,0.6256,,Cincinnati Reds,2,3,Cincinnati Reds,1,1
401816401,2026-08-05,Chicago White Sox,Boston Red Sox,2026-09-15T20:49:23Z,3,0,0,0.5935,0.5822,0.5597,0.5997,,Boston Red Sox,0,4,Boston Red Sox,1,1
401816402,2026-08-05,Miami Marlins,Atlanta Braves,2026-09-15T20:49:23Z,3,0,0,0.6132,0.583,0.6619,0.6528,,Atlanta Braves,1,4,Atlanta Braves,1,1
401816403,2026-08-05,New York Mets,Cleveland Guardians,2026-09-15T20:49:23Z,3,0,0,0.5496,0.5276,0.4816,0.6052,,Cleveland Guardians,6,5,New York Mets,1,0
401816404,2026-08-05,St. Louis Cardinals,New York Yankees,2026-09-15T20:49:23Z,3,0,0,0.6,0.5689,0.5558,0.6488,,New York Yankees,3,1,St. Louis Cardinals,1,0
401816405,2026-08-05,Washington Nationals,Philadelphia Phillies,2026-09-15T20:49:23Z,3,0,0,0.5961,0.5489,0.4754,0.6822,,Philadelphia Phillies,10,4,Washington Nationals,1,0
401816406,2026-08-05,Los Angeles Dodgers,Chicago Cubs,2026-09-15T20:49:23Z,3,0,0,0.5178,0.5563,0.495,0.4459,,Chicago Cubs,6,7,Chicago Cubs,1,1
401816407,2026-08-05,Minnesota Twins,Kansas City Royals,2026-09-15T20:49:23Z,3,0,0,0.5378,0.5494,0.6077,0.5199,,Kansas City Royals,1,2,Kansas City Royals,1,1
401816408,2026-08-05,Pittsburgh Pirates,Milwaukee Brewers,2026-09-15T20:49:23Z,3,0,0,0.6057,0.5647,0.5764,0.6732,,Milwaukee Brewers,2,4,Milwaukee Brewers,1,1
401816409,2026-08-05,San Francisco Giants,Texas Rangers,2026-09-15T20:49:23Z,3,0,0,0.575,0.5408,0.5678,0.6444,,Texas Rangers,0,6,Texas Rangers,1,1
401816410,2026-08-05,Toronto Blue Jays,Houston Astros,2026-09-15T20:49:23Z,3,0,0,0.5587,0.5747,0.5897,0.518,,Houston Astros,5,4,Toronto Blue Jays,1,0
401816411,2026-08-05,Tampa Bay Rays,Colorado Rockies,2026-09-15T20:49:23Z,3,0,0,0.399,0.5119,0.4929,0.239,,Tampa Bay Rays,4,0,Tampa Bay Rays,1,1
401816412,2026-08-05,Detroit Tigers,Seattle Mariners,2026-09-15T20:49:23Z,3,0,0,0.5131,0.5116,0.5339,0.5409,,Seattle Mariners,2,4,Seattle Mariners,1,1
401816413,2026-08-05,San Diego Padres,Arizona Diamondbacks,2026-09-15T20:49:23Z,3,0,0,0.5259,0.5414,0.5562,0.5053,,Arizona Diamondbacks,4,10,Arizona Diamondbacks,1,1
401816414,2026-08-06,Los Angeles Angels,Baltimore Orioles,2026-09-15T20:49:23Z,3,0,0,0.6079,0.5785,0.6094,0.6486,,Baltimore Orioles,4,1,Los Angeles Angels,1,0
401816415,2026-08-06,Athletics,Cincinnati Reds,2026-09-15T20:49:23Z,3,0,0,0.616,0.5982,0.5673,0.6256,,Cincinnati Reds,5,6,Cincinnati Reds,1,1
401816416,2026-08-06,Chicago White Sox,Boston Red Sox,2026-09-15T20:49:23Z,3,0,0,0.599,0.5888,0.5614,0.5997,,Boston Red Sox,11,12,Boston Red Sox,1,1
401816417,2026-08-06,Miami Marlins,Atlanta Braves,2026-09-15T20:49:23Z,3,0,0,0.6186,0.5896,0.6552,0.6528,,Atlanta Braves,3,11,Atlanta Braves,1,1
401816418,2026-08-06,New York Mets,Cleveland Guardians,2026-09-15T20:49:23Z,3,0,0,0.5424,0.5191,0.4722,0.6052,,Cleveland Guardians,13,6,New York Mets,1,0
401816419,2026-08-06,Washington Nationals,Philadelphia Phillies,2026-09-15T20:49:23Z,3,0,0,0.5889,0.5401,0.497,0.6822,,Philadelphia Phillies,3,7,Philadelphia Phillies,1,1
401816420,2026-08-06,Minnesota Twins,Kansas City Royals,2026-09-15T20:49:23Z,3,0,0,0.5439,0.5566,0.6128,0.5199,,Kansas City Royals,4,3,Minnesota Twins,1,0
401816421,2026-08-06,Pittsburgh Pirates,Milwaukee Brewers,2026-09-15T20:49:23Z,3,0,0,0.6113,0.5716,0.5836,0.6732,,Milwaukee Brewers,2,5,Milwaukee Brewers,1,1
401816422,2026-08-06,Detroit Tigers,Seattle Mariners,2026-09-15T20:49:23Z,3,0,0,0.5198,0.5195,0.5255,0.5409,,Seattle Mariners,11,0,Detroit Tigers,1,0
401816423,2026-08-06,San Diego Padres,Arizona Diamondbacks,2026-09-15T20:49:23Z,3,0,0,0.5322,0.5488,0.5387,0.5053,,Arizona Diamondbacks,5,1,San Diego Padres,1,0
401879389,2026-08-06,Toronto Blue Jays,Chicago Cubs,2026-09-15T20:49:23Z,3,0,0,0.5593,0.5626,0.5925,0.5493,,Chicago Cubs,2,3,Chicago Cubs,1,1
401816424,2026-08-07,Los Angeles Angels,Miami Marlins,2026-09-15T20:49:23Z,3,0,0,0.5834,0.5444,0.5721,0.6587,,Miami Marlins,4,3,Los Angeles Angels,1,0
401816425,2026-08-07,Athletics,Boston Red Sox,2026-09-15T20:49:23Z,3,0,0,0.6772,0.6328,0.6425,0.7163,,Boston Red Sox,1,13,Boston Red Sox,1,1
401816426,2026-08-07,Atlanta Braves,New York Yankees,2026-09-15T20:49:23Z,3,0,0,0.5095,0.5089,0.5241,0.5373,,New York Yankees,2,3,New York Yankees,1,1
401816427,2026-08-07,Cincinnati Reds,Washington Nationals,2026-09-15T20:49:23Z,3,0,0,0.4908,0.5077,0.5436,0.4867,,Cincinnati Reds,3,5,Washington Nationals,1,0
401816428,2026-08-07,New York Mets,Pittsburgh Pirates,2026-09-15T20:49:23Z,3,0,0,0.5337,0.5261,0.5121,0.5644,,Pittsburgh Pirates,6,4,New York Mets,1,0
401816429,2026-08-07,Toronto Blue Jays,Philadelphia Phillies,2026-09-15T20:49:23Z,3,0,0,0.5536,0.5395,0.5503,0.5886,,Philadelphia Phillies,5,4,Toronto Blue Jays,1,0
401816430,2026-08-07,Baltimore Orioles,Texas Rangers,2026-09-15T20:49:23Z,3,0,0,0.5374,0.5295,0.5131,0.5667,,Texas Rangers,1,2,Texas Rangers,1,1
401816431,2026-08-07,Chicago Cubs,Kansas City Royals,2026-09-15T20:49:23Z,3,0,0,0.4887,0.5252,0.512,0.4387,,Chicago Cubs,6,4,Chicago Cubs,1,1
401816432,2026-08-07,Cleveland Guardians,Chicago White Sox,2026-09-15T20:49:23Z,3,0,0,0.555,0.5697,0.5719,0.5195,,Chicago White Sox,8,2,Cleveland Guardians,1,0
401816433,2026-08-07,Colorado Rockies,St. Louis Cardinals,2026-09-15T20:49:23Z,3,0,0,0.6019,0.5432,0.5135,0.7085,,St. Louis Cardinals,2,3,St. Louis Cardinals,1,1
401816434,2026-08-07,Minnesota Twins,Milwaukee Brewers,2026-09-15T20:49:23Z,3,0,0,0.6192,0.5671,0.6189,0.7032,,Milwaukee Brewers,8,6,Minnesota Twins,1,0
401816435,2026-08-07,Detroit Tigers,San Francisco Giants,2026-09-15T20:49:23Z,3,0,0,0.4822,0.5068,0.5838,0.4644,,Detroit Tigers,2,5,San Francisco Giants,1,0
401816436,2026-08-07,Houston Astros,San Diego Padres,2026-09-15T20:49:23Z,3,0,0,0.5624,0.5407,0.5371,0.6103,,San Diego Padres,6,3,Houston Astros,1,0
401816437,2026-08-07,Los Angeles Dodgers,Arizona Diamondbacks,2026-09-15T20:49:23Z,3,0,0,0.5256,0.561,0.5115,0.4565,,Arizona Diamondbacks,3,4,Arizona Diamondbacks,1,1
401816438,2026-08-07,Tampa Bay Rays,Seattle Mariners,2026-09-15T20:49:23Z,3,0,0,0.4553,0.5119,0.5077,0.3774,,Tampa Bay Rays,2,1,Tampa Bay Rays,1,1
401816439,2026-08-08,Los Angeles Angels,Miami Marlins,2026-09-15T20:49:23Z,3,0,0,0.5761,0.5357,0.5463,0.6587,,Miami Marlins,0,7,Miami Marlins,1,1
401816440,2026-08-08,Athletics,Boston Red Sox,2026-09-15T20:49:23Z,3,0,0,0.6816,0.6383,0.6056,0.7163,,Boston Red Sox,7,3,Athletics,1,0
401816441,2026-08-08,Atlanta Braves,New York Yankees,2026-09-15T20:49:23Z,3,0,0,0.5163,0.5168,0.521,0.5373,,New York Yankees,4,5,New York Yankees,1,1
401816442,2026-08-08,Cincinnati Reds,Washington Nationals,2026-09-15T20:49:23Z,3,0,0,0.4975,0.5157,0.5602,0.4867,,Cincinnati Reds,2,8,Washington Nationals,1,0
401816443,2026-08-08,New York Mets,Pittsburgh Pirates,2026-09-15T20:49:23Z,3,0,0,0.5265,0.5177,0.4954,0.5644,,Pittsburgh Pirates,0,9,Pittsburgh Pirates,1,1
401816444,2026-08-08,Toronto Blue Jays,Philadelphia Phillies,2026-09-15T20:49:23Z,3,0,0,0.5463,0.5308,0.5449,0.5886,,Philadelphia Phillies,7,5,Toronto Blue Jays,1,0
401816445,2026-08-08,Baltimore Orioles,Texas Rangers,2026-09-15T20:49:23Z,3,0,0,0.5437,0.5371,0.5148,0.5667,,Texas Rangers,1,5,Texas Rangers,1,1
401816446,2026-08-08,Chicago Cubs,Kansas City Royals,2026-09-15T20:49:23Z,3,0,0,0.4816,0.5168,0.4976,0.4387,,Chicago Cubs,3,6,Kansas City Royals,1,0
401816447,2026-08-08,Cleveland Guardians,Chicago White Sox,2026-09-15T20:49:23Z,3,0,0,0.5473,0.5607,0.5733,0.5195,,Chicago White Sox,3,6,Chicago White Sox,1,1
401816448,2026-08-08,Colorado Rockies,St. Louis Cardinals,2026-09-15T20:49:23Z,3,0,0,0.6078,0.5505,0.5323,0.7085,,St. Louis Cardinals,8,6,Colorado Rockies,1,0
401816449,2026-08-08,Minnesota Twins,Milwaukee Brewers,2026-09-15T20:49:23Z,3,0,0,0.6119,0.5581,0.6096,0.7032,,Milwaukee Brewers,3,4,Milwaukee Brewers,1,1
401816450,2026-08-08,Detroit Tigers,San Francisco Giants,2026-09-15T20:49:23Z,3,0,0,0.4889,0.5148,0.559,0.4644,,Detroit Tigers,8,0,Detroit Tigers,1,1
401816451,2026-08-08,Houston Astros,San Diego Padres,2026-09-15T20:49:23Z,3,0,0,0.5551,0.532,0.5378,0.6103,,San Diego Padres,2,3,San Diego Padres,1,1
401816452,2026-08-08,Los Angeles Dodgers,Arizona Diamondbacks,2026-09-15T20:49:23Z,3,0,0,0.5315,0.568,0.5417,0.4565,,Arizona Diamondbacks,2,1,Los Angeles Dodgers,1,0
401816453,2026-08-08,Tampa Bay Rays,Seattle Mariners,2026-09-15T20:49:23Z,3,0,0,0.4483,0.5036,0.5007,0.3774,,Tampa Bay Rays,3,2,Tampa Bay Rays,1,1
401816454,2026-08-09,Los Angeles Angels,Miami Marlins,2026-09-15T20:49:23Z,3,0,0,0.5823,0.5431,0.5404,0.6587,,Miami Marlins,3,12,Miami Marlins,1,1
401816455,2026-08-09,Athletics,Boston Red Sox,2026-09-15T20:49:23Z,3,0,0,0.674,0.6287,0.6338,0.7163,,Boston Red Sox,4,3,Athletics,1,0
401816456,2026-08-09,Atlanta Braves,New York Yankees,2026-09-15T20:49:23Z,3,0,0,0.5228,0.5246,0.5191,0.5373,,New York Yankees,2,1,Atlanta Braves,1,0
401816457,2026-08-09,Cincinnati Reds,Washington Nationals,2026-09-15T20:49:23Z,3,0,0,0.5041,0.5235,0.5345,0.4867,,Washington Nationals,1,7,Washington Nationals,1,1
401816458,2026-08-09,New York Mets,Pittsburgh Pirates,2026-09-15T20:49:23Z,3,0,0,0.5331,0.5254,0.4767,0.5644,,Pittsburgh Pirates,11,1,New York Mets,1,0
401816459,2026-08-09,Toronto Blue Jays,Philadelphia Phillies,2026-09-15T20:49:23Z,3,0,0,0.5391,0.5223,0.5442,0.5886,,Philadelphia Phillies,6,7,Philadelphia Phillies,1,1
401816460,2026-08-09,Baltimore Orioles,Texas Rangers,2026-09-15T20:49:23Z,3,0,0,0.55,0.5445,0.5045,0.5667,,Texas Rangers,10,5,Baltimore Orioles,1,0
401816461,2026-08-09,Chicago Cubs,Kansas City Royals,2026-09-15T20:49:23Z,3,0,0,0.4882,0.5245,0.4959,0.4387,,Chicago Cubs,10,2,Chicago Cubs,1,1
401816462,2026-08-09,Cleveland Guardians,Chicago White Sox,2026-09-15T20:49:23Z,3,0,0,0.5532,0.5676,0.5841,0.5195,,Chicago White Sox,3,5,Chicago White Sox,1,1
401816463,2026-08-09,Colorado Rockies,St. Louis Cardinals,2026-09-15T20:49:23Z,3,0,0,0.6006,0.5417,0.5185,0.7085,,St. Louis Cardinals,4,7,St. Louis Cardinals,1,1
401816464,2026-08-09,Minnesota Twins,Milwaukee Brewers,2026-09-15T20:49:23Z,3,0,0,0.6176,0.5651,0.6149,0.7032,,Milwaukee Brewers,3,4,Milwaukee Brewers,1,1
401816465,2026-08-09,Detroit Tigers,San Francisco Giants,2026-09-15T20:49:23Z,3,0,0,0.4819,0.5065,0.5683,0.4644,,Detroit Tigers,3,1,Detroit Tigers,1,1
401816466,2026-08-09,Houston Astros,San Diego Padres,2026-09-15T20:49:23Z,3,0,0,0.5614,0.5395,0.5492,0.6103,,San Diego Padres,2,7,San Diego Padres,1,1
401816467,2026-08-09,Los Angeles Dodgers,Arizona Diamondbacks,2026-09-15T20:49:23Z,3,0,0,0.5238,0.5589,0.5377,0.4565,,Arizona Diamondbacks,2,4,Arizona Diamondbacks,1,1
401816468,2026-08-09,Tampa Bay Rays,Seattle Mariners,2026-09-15T20:49:23Z,3,0,0,0.4416,0.4955,0.4913,0.3774,,Tampa Bay Rays,4,1,Tampa Bay Rays,1,1
401816469,2026-08-10,Boston Red Sox,Toronto Blue Jays,2026-09-15T20:49:23Z,3,0,0,0.4817,0.4978,0.4012,0.4849,,Boston Red Sox,1,2,Toronto Blue Jays,1,0
401816470,2026-08-10,New York Mets,Atlanta Braves,2026-09-15T20:49:23Z,3,0,0,0.6064,0.5619,0.5962,0.6811,,Atlanta Braves,8,5,New York Mets,1,0
401816471,2026-08-10,Baltimore Orioles,Minnesota Twins,2026-09-15T20:49:23Z,3,0,0,0.5257,0.5396,0.5365,0.5091,,Minnesota Twins,5,9,Minnesota Twins,1,1
401816472,2026-08-10,Philadelphia Phillies,St. Louis Cardinals,2026-09-15T20:49:23Z,3,0,0,0.5089,0.5402,0.5069,0.4599,,St. Louis Cardinals,6,5,Philadelphia Phillies,1,0
401816473,2026-08-10,Colorado Rockies,Arizona Diamondbacks,2026-09-15T20:49:23Z,3,0,0,0.65,0.5832,0.6174,0.7469,,Arizona Diamondbacks,0,9,Arizona Diamondbacks,1,1
401816474,2026-08-10,Houston Astros,San Francisco Giants,2026-09-15T20:49:23Z,3,0,0,0.4705,0.5052,0.515,0.435,,Houston Astros,6,3,Houston Astros,1,1
401816475,2026-08-10,Kansas City Royals,Los Angeles Dodgers,2026-09-15T20:49:23Z,3,0,0,0.6007,0.539,0.5496,0.7141,,Los Angeles Dodgers,5,6,Los Angeles Dodgers,1,1
401816476,2026-08-10,Milwaukee Brewers,San Diego Padres,2026-09-15T20:49:23Z,3,0,0,0.5167,0.5392,0.5723,0.4842,,San Diego Padres,2,3,San Diego Padres,1,1
401816477,2026-08-10,Tampa Bay Rays,Athletics,2026-09-15T20:49:23Z,3,0,0,0.3944,0.4777,0.4428,0.2928,,Tampa Bay Rays,10,6,Tampa Bay Rays,1,1
401816478,2026-08-10,Texas Rangers,Los Angeles Angels,2026-09-15T20:49:23Z,3,0,0,0.4717,0.524,0.5547,0.3942,,Texas Rangers,4,1,Texas Rangers,1,1
401816479,2026-08-11,Boston Red Sox,Toronto Blue Jays,2026-09-15T20:49:23Z,3,0,0,0.4886,0.5058,0.4083,0.4849,,Boston Red Sox,3,5,Toronto Blue Jays,1,0
401816480,2026-08-11,Chicago Cubs,Washington Nationals,2026-09-15T20:49:23Z,3,0,0,0.4755,0.5154,0.5,0.4249,,Chicago Cubs,8,6,Chicago Cubs,1,1
401816481,2026-08-11,Cleveland Guardians,Detroit Tigers,2026-09-15T20:49:23Z,3,0,0,0.5653,0.5972,0.5475,0.4809,,Detroit Tigers,4,6,Detroit Tigers,1,1
401816482,2026-08-11,New York Mets,Atlanta Braves,2026-09-15T20:49:23Z,3,0,0,0.5991,0.553,0.5967,0.6811,,Atlanta Braves,0,4,Atlanta Braves,1,1
401816483,2026-08-11,Pittsburgh Pirates,Miami Marlins,2026-09-15T20:49:23Z,3,0,0,0.5385,0.541,0.4842,0.5423,,Miami Marlins,0,2,Miami Marlins,1,1
401816484,2026-08-11,Seattle Mariners,New York Yankees,2026-09-15T20:49:23Z,3,0,0,0.6056,0.5675,0.5413,0.6669,,New York Yankees,1,4,New York Yankees,1,1
401816485,2026-08-11,Baltimore Orioles,Minnesota Twins,2026-09-15T20:49:23Z,3,0,0,0.532,0.547,0.5309,0.5091,,Minnesota Twins,5,2,Baltimore Orioles,1,0
401816486,2026-08-11,Cincinnati Reds,Chicago White Sox,2026-09-15T20:49:23Z,3,0,0,0.5449,0.5342,0.5297,0.5768,,Chicago White Sox,5,4,Cincinnati Reds,1,0
401816487,2026-08-11,Philadelphia Phillies,St. Louis Cardinals,2026-09-15T20:49:23Z,3,0,0,0.5016,0.5315,0.4921,0.4599,,St. Louis Cardinals,0,2,St. Louis Cardinals,1,1
401816488,2026-08-11,Colorado Rockies,Arizona Diamondbacks,2026-09-15T20:49:23Z,3,0,0,0.6551,0.5897,0.5889,0.7469,,Arizona Diamondbacks,3,2,Colorado Rockies,1,0
401816489,2026-08-11,Houston Astros,San Francisco Giants,2026-09-15T20:49:23Z,3,0,0,0.4636,0.497,0.5064,0.435,,Houston Astros,1,4,San Francisco Giants,1,0
401816490,2026-08-11,Kansas City Royals,Los Angeles Dodgers,2026-09-15T20:49:23Z,3,0,0,0.6068,0.5464,0.5731,0.7141,,Los Angeles Dodgers,4,5,Los Angeles Dodgers,1,1
401816491,2026-08-11,Milwaukee Brewers,San Diego Padres,2026-09-15T20:49:23Z,3,0,0,0.5229,0.5466,0.583,0.4842,,San Diego Padres,2,11,San Diego Padres,1,1
401816492,2026-08-11,Tampa Bay Rays,Athletics,2026-09-15T20:49:23Z,3,0,0,0.3882,0.47,0.4466,0.2928,,Tampa Bay Rays,12,4,Tampa Bay Rays,1,1
401816493,2026-08-11,Texas Rangers,Los Angeles Angels,2026-09-15T20:49:23Z,3,0,0,0.4645,0.5156,0.5416,0.3942,,Texas Rangers,2,3,Los Angeles Angels,1,0
401816494,2026-08-12,Boston Red Sox,Toronto Blue Jays,2026-09-15T20:49:23Z,3,0,0,0.4953,0.5138,0.4085,0.4849,,Boston Red Sox,4,6,Toronto Blue Jays,1,0
401816495,2026-08-12,Chicago Cubs,Washington Nationals,2026-09-15T20:49:23Z,3,0,0,0.4685,0.5071,0.4944,0.4249,,Chicago Cubs,12,6,Chicago Cubs,1,1
401816496,2026-08-12,Cleveland Guardians,Detroit Tigers,2026-09-15T20:49:23Z,3,0,0,0.5707,0.6034,0.5696,0.4809,,Detroit Tigers,6,4,Cleveland Guardians,1,0
401816497,2026-08-12,New York Mets,Atlanta Braves,2026-09-15T20:49:23Z,3,0,0,0.6049,0.5601,0.5822,0.6811,,Atlanta Braves,3,6,Atlanta Braves,1,1
401816498,2026-08-12,Pittsburgh Pirates,Miami Marlins,2026-09-15T20:49:23Z,3,0,0,0.5447,0.5484,0.4934,0.5423,,Miami Marlins,2,8,Miami Marlins,1,1
401816499,2026-08-12,Seattle Mariners,New York Yankees,2026-09-15T20:49:23Z,3,0,0,0.6112,0.5743,0.5484,0.6669,,New York Yankees,5,10,New York Yankees,1,1
401816500,2026-08-12,Baltimore Orioles,Minnesota Twins,2026-09-15T20:49:23Z,3,0,0,0.5245,0.5382,0.5207,0.5091,,Minnesota Twins,5,7,Minnesota Twins,1,1
401816501,2026-08-12,Cincinnati Reds,Chicago White Sox,2026-09-15T20:49:23Z,3,0,0,0.5376,0.5256,0.5248,0.5768,,Chicago White Sox,0,5,Chicago White Sox,1,1
401816502,2026-08-12,Philadelphia Phillies,St. Louis Cardinals,2026-09-15T20:49:23Z,3,0,0,0.508,0.539,0.4946,0.4599,,St. Louis Cardinals,1,7,St. Louis Cardinals,1,1
401816503,2026-08-12,Colorado Rockies,Arizona Diamondbacks,2026-09-15T20:49:23Z,3,0,0,0.6478,0.5804,0.5804,0.7469,,Arizona Diamondbacks,6,4,Colorado Rockies,1,0
401816504,2026-08-12,Houston Astros,San Francisco Giants,2026-09-15T20:49:23Z,3,0,0,0.4704,0.5052,0.5058,0.435,,Houston Astros,2,1,Houston Astros,1,1
401816505,2026-08-12,Kansas City Royals,Los Angeles Dodgers,2026-09-15T20:49:23Z,3,0,0,0.6127,0.5536,0.58,0.7141,,Los Angeles Dodgers,2,4,Los Angeles Dodgers,1,1
401816506,2026-08-12,Milwaukee Brewers,San Diego Padres,2026-09-15T20:49:23Z,3,0,0,0.5291,0.5538,0.55,0.4842,,San Diego Padres,3,4,San Diego Padres,1,1
401816507,2026-08-12,Tampa Bay Rays,Athletics,2026-09-15T20:49:23Z,3,0,0,0.3821,0.4625,0.4739,0.2928,,Tampa Bay Rays,8,4,Tampa Bay Rays,1,1
401816508,2026-08-12,Texas Rangers,Los Angeles Angels,2026-09-15T20:49:23Z,3,0,0,0.4711,0.5233,0.5482,0.3942,,Texas Rangers,2,5,Los Angeles Angels,1,0
401816509,2026-08-13,Boston Red Sox,Toronto Blue Jays,2026-09-15T20:49:23Z,3,0,0,0.502,0.5216,0.4148,0.4849,,Toronto Blue Jays,7,0,Boston Red Sox,1,0
401816510,2026-08-13,Chicago Cubs,Washington Nationals,2026-09-15T20:49:23Z,3,0,0,0.4616,0.4989,0.5098,0.4249,,Chicago Cubs,0,7,Washington Nationals,1,0
401816511,2026-08-13,Cleveland Guardians,Detroit Tigers,2026-09-15T20:49:23Z,3,0,0,0.5626,0.5941,0.5735,0.4809,,Detroit Tigers,0,3,Detroit Tigers,1,1
401816512,2026-08-13,Pittsburgh Pirates,Miami Marlins,2026-09-15T20:49:23Z,3,0,0,0.5509,0.5556,0.4814,0.5423,,Miami Marlins,13,1,Pittsburgh Pirates,1,0
401816513,2026-08-13,Seattle Mariners,New York Yankees,2026-09-15T20:49:23Z,3,0,0,0.6167,0.581,0.533,0.6669,,New York Yankees,1,0,Seattle Mariners,1,0
401816514,2026-08-13,Cincinnati Reds,Chicago White Sox,2026-09-15T20:49:23Z,3,0,0,0.5441,0.5332,0.5189,0.5768,,Chicago White Sox,9,8,Cincinnati Reds,1,0
401816515,2026-08-13,Milwaukee Brewers,Los Angeles Dodgers,2026-09-15T20:49:23Z,3,0,0,0.5296,0.5343,0.5282,0.533,,Los Angeles Dodgers,5,4,Milwaukee Brewers,1,0
401816516,2026-08-13,Texas Rangers,Los Angeles Angels,2026-09-15T20:49:23Z,3,0,0,0.4776,0.531,0.5361,0.3942,,Texas Rangers,0,7,Los Angeles Angels,1,0
401816525,2026-08-13,Philadelphia Phillies,Minnesota Twins,2026-09-15T20:49:23Z,3,0,0,0.5099,0.5591,0.542,0.4168,,Minnesota Twins,7,1,Philadelphia Phillies,1,0
401816517,2026-08-14,Arizona Diamondbacks,Atlanta Braves,2026-09-15T20:49:23Z,3,0,0,0.5775,0.5615,0.5658,0.6038,,Atlanta Braves,2,0,Arizona Diamondbacks,1,0
401816518,2026-08-14,Baltimore Orioles,Tampa Bay Rays,2026-09-15T20:49:23Z,3,0,0,0.6303,0.5888,0.5497,0.6862,,Tampa Bay Rays,6,5,Baltimore Orioles,1,0
401816519,2026-08-14,Boston Red Sox,Pittsburgh Pirates,2026-09-15T20:49:23Z,3,0,0,0.4597,0.486,0.429,0.4504,,Boston Red Sox,4,8,Pittsburgh Pirates,1,0
401816520,2026-08-14,Chicago White Sox,Detroit Tigers,2026-09-15T20:49:23Z,3,0,0,0.5503,0.5725,0.526,0.499,,Detroit Tigers,9,5,Chicago White Sox,1,0
401816521,2026-08-14,Miami Marlins,Cincinnati Reds,2026-09-15T20:49:23Z,3,0,0,0.5579,0.5741,0.6469,0.5171,,Cincinnati Reds,0,1,Cincinnati Reds,1,1
401816522,2026-08-14,New York Yankees,Toronto Blue Jays,2026-09-15T20:49:23Z,3,0,0,0.5105,0.5469,0.5097,0.4478,,Toronto Blue Jays,1,3,Toronto Blue Jays,1,1
401816523,2026-08-14,San Diego Padres,Cleveland Guardians,2026-09-15T20:49:23Z,3,0,0,0.4671,0.4783,0.4422,0.4901,,San Diego Padres,7,5,San Diego Padres,1,1
401816524,2026-08-14,Washington Nationals,New York Mets,2026-09-15T20:49:23Z,3,0,0,0.5626,0.5552,0.5664,0.5767,,New York Mets,1,4,New York Mets,1,1
401816526,2026-08-14,Seattle Mariners,Houston Astros,2026-09-15T20:49:23Z,3,0,0,0.5876,0.5901,0.6159,0.5636,,Houston Astros,7,10,Houston Astros,1,1
401816527,2026-08-14,St. Louis Cardinals,Chicago Cubs,2026-09-15T20:49:23Z,3,0,0,0.5881,0.5861,0.6317,0.5748,,Chicago Cubs,0,3,Chicago Cubs,1,1
401816528,2026-08-14,Colorado Rockies,San Francisco Giants,2026-09-15T20:49:23Z,3,0,0,0.5626,0.5356,0.5688,0.6228,,San Francisco Giants,5,2,Colorado Rockies,1,0
401816529,2026-08-14,Kansas City Royals,Los Angeles Angels,2026-09-15T20:49:23Z,3,0,0,0.5081,0.5357,0.4974,0.4684,,Los Angeles Angels,7,6,Kansas City Royals,1,0
401816530,2026-08-14,Milwaukee Brewers,Los Angeles Dodgers,2026-09-15T20:49:23Z,3,0,0,0.5223,0.5257,0.5136,0.533,,Los Angeles Dodgers,1,3,Los Angeles Dodgers,1,1
401816531,2026-08-14,Texas Rangers,Athletics,2026-09-15T20:49:23Z,3,0,0,0.4679,0.5131,0.552,0.409,,Texas Rangers,3,8,Athletics,1,0
401816532,2026-08-15,Arizona Diamondbacks,Atlanta Braves,2026-09-15T20:49:23Z,3,0,0,0.57,0.5526,0.5612,0.6038,,Atlanta Braves,10,3,Arizona Diamondbacks,1,0
401816533,2026-08-15,Baltimore Orioles,Tampa Bay Rays,2026-09-15T20:49:23Z,3,0,0,0.6228,0.5796,0.5464,0.6862,,Tampa Bay Rays,4,3,Baltimore Orioles,1,0
401816534,2026-08-15,Boston Red Sox,Pittsburgh Pirates,2026-09-15T20:49:23Z,3,0,0,0.4667,0.4943,0.4231,0.4504,,Boston Red Sox,4,0,Boston Red Sox,1,1
401816535,2026-08-15,Chicago White Sox,Detroit Tigers,2026-09-15T20:49:23Z,3,0,0,0.5425,0.5635,0.5386,0.499,,Detroit Tigers,4,3,Chicago White Sox,1,0
401816536,2026-08-15,Miami Marlins,Cincinnati Reds,2026-09-15T20:49:23Z,3,0,0,0.5637,0.5808,0.6503,0.5171,,Cincinnati Reds,8,4,Miami Marlins,1,0
401816537,2026-08-15,New York Yankees,Toronto Blue Jays,2026-09-15T20:49:23Z,3,0,0,0.5166,0.5542,0.515,0.4478,,Toronto Blue Jays,1,4,Toronto Blue Jays,1,1
401816538,2026-08-15,San Diego Padres,Cleveland Guardians,2026-09-15T20:49:23Z,3,0,0,0.4606,0.4706,0.4521,0.4901,,San Diego Padres,1,6,Cleveland Guardians,1,0
401816539,2026-08-15,Washington Nationals,New York Mets,2026-09-15T20:49:23Z,3,0,0,0.5686,0.5622,0.5541,0.5767,,New York Mets,4,5,New York Mets,1,1
401816540,2026-08-15,Philadelphia Phillies,Minnesota Twins,2026-09-15T20:49:23Z,3,0,0,0.5022,0.5502,0.5542,0.4168,,Minnesota Twins,9,1,Philadelphia Phillies,1,0
401816541,2026-08-15,Seattle Mariners,Houston Astros,2026-09-15T20:49:23Z,3,0,0,0.593,0.5965,0.6035,0.5636,,Houston Astros,10,5,Seattle Mariners,1,0
401816542,2026-08-15,St. Louis Cardinals,Chicago Cubs,2026-09-15T20:49:23Z,3,0,0,0.5935,0.5926,0.6453,0.5748,,Chicago Cubs,8,4,St. Louis Cardinals,1,0
401816543,2026-08-15,Colorado Rockies,San Francisco Giants,2026-09-15T20:49:23Z,3,0,0,0.5554,0.527,0.5679,0.6228,,San Francisco Giants,1,7,San Francisco Giants,1,1
401816544,2026-08-15,Kansas City Royals,Los Angeles Angels,2026-09-15T20:49:23Z,3,0,0,0.5008,0.5271,0.5046,0.4684,,Los Angeles Angels,0,1,Los Angeles Angels,1,1
401816545,2026-08-15,Milwaukee Brewers,Los Angeles Dodgers,2026-09-15T20:49:23Z,3,0,0,0.5287,0.5333,0.5228,0.533,,Los Angeles Dodgers,4,1,Milwaukee Brewers,1,0
401816546,2026-08-15,Texas Rangers,Athletics,2026-09-15T20:49:23Z,3,0,0,0.4745,0.521,0.5116,0.409,,Texas Rangers,5,3,Texas Rangers,1,1
401816547,2026-08-16,Arizona Diamondbacks,Atlanta Braves,2026-09-15T20:49:23Z,3,0,0,0.5626,0.5437,0.5887,0.6038,,Atlanta Braves,3,5,Atlanta Braves,1,1
401816548,2026-08-16,Baltimore Orioles,Tampa Bay Rays,2026-09-15T20:49:23Z,3,0,0,0.6153,0.5704,0.5498,0.6862,,Tampa Bay Rays,10,2,Baltimore Orioles,1,0
401816549,2026-08-16,Boston Red Sox,Pittsburgh Pirates,2026-09-15T20:49:23Z,3,0,0,0.46,0.4863,0.4246,0.4504,,Boston Red Sox,3,8,Pittsburgh Pirates,1,0
401816550,2026-08-16,Chicago White Sox,Detroit Tigers,2026-09-15T20:49:23Z,3,0,0,0.5349,0.5545,0.5439,0.499,,Detroit Tigers,7,5,Chicago White Sox,1,0
401816551,2026-08-16,Miami Marlins,Cincinnati Reds,2026-09-15T20:49:23Z,3,0,0,0.5558,0.5717,0.6485,0.5171,,Cincinnati Reds,7,1,Miami Marlins,1,0
401816552,2026-08-16,New York Yankees,Toronto Blue Jays,2026-09-15T20:49:23Z,3,0,0,0.5227,0.5613,0.5118,0.4478,,Toronto Blue Jays,4,3,New York Yankees,1,0
401816553,2026-08-16,San Diego Padres,Cleveland Guardians,2026-09-15T20:49:23Z,3,0,0,0.4678,0.4791,0.4299,0.4901,,San Diego Padres,5,0,San Diego Padres,1,1
401816554,2026-08-16,Washington Nationals,New York Mets,2026-09-15T20:49:23Z,3,0,0,0.5744,0.5692,0.5552,0.5767,,New York Mets,3,4,New York Mets,1,1
401816555,2026-08-16,Philadelphia Phillies,Minnesota Twins,2026-09-15T20:49:23Z,3,0,0,0.4947,0.5414,0.5799,0.4168,,Philadelphia Phillies,7,5,Philadelphia Phillies,1,1
401816556,2026-08-16,Seattle Mariners,Houston Astros,2026-09-15T20:49:23Z,3,0,0,0.5851,0.5872,0.6164,0.5636,,Houston Astros,3,2,Seattle Mariners,1,0
401816557,2026-08-16,St. Louis Cardinals,Chicago Cubs,2026-09-15T20:49:23Z,3,0,0,0.5857,0.5833,0.6565,0.5748,,Chicago Cubs,11,4,St. Louis Cardinals,1,0
401816558,2026-08-16,Colorado Rockies,San Francisco Giants,2026-09-15T20:49:23Z,3,0,0,0.5618,0.5345,0.5493,0.6228,,San Francisco Giants,13,7,Colorado Rockies,1,0
401816559,2026-08-16,Kansas City Royals,Los Angeles Angels,2026-09-15T20:49:23Z,3,0,0,0.5072,0.5346,0.512,0.4684,,Los Angeles Angels,3,0,Kansas City Royals,1,0
401816560,2026-08-16,Milwaukee Brewers,Los Angeles Dodgers,2026-09-15T20:49:23Z,3,0,0,0.5215,0.5248,0.5225,0.533,,Los Angeles Dodgers,6,2,Milwaukee Brewers,1,0
401816561,2026-08-16,Texas Rangers,Athletics,2026-09-15T20:49:23Z,3,0,0,0.4674,0.5126,0.5048,0.409,,Texas Rangers,2,5,Athletics,1,0
401816562,2026-08-17,Arizona Diamondbacks,Boston Red Sox,2026-09-15T20:49:23Z,3,0,0,0.562,0.5584,0.6115,0.5674,,Boston Red Sox,1,11,Boston Red Sox,1,1
401816563,2026-08-17,Baltimore Orioles,Tampa Bay Rays,2026-09-15T20:49:23Z,3,0,0,0.6079,0.5614,0.5833,0.6862,,Tampa Bay Rays,6,7,Tampa Bay Rays,1,1
401816564,2026-08-17,Detroit Tigers,Pittsburgh Pirates,2026-09-15T20:49:23Z,3,0,0,0.5195,0.5145,0.4224,0.5521,,Pittsburgh Pirates,8,5,Detroit Tigers,1,0
401816565,2026-08-17,Miami Marlins,Philadelphia Phillies,2026-09-15T20:49:23Z,3,0,0,0.5727,0.55,0.5903,0.6173,,Philadelphia Phillies,5,6,Philadelphia Phillies,1,1
401816566,2026-08-17,San Diego Padres,New York Mets,2026-09-15T20:49:23Z,3,0,0,0.4815,0.5239,0.5195,0.4216,,San Diego Padres,1,2,New York Mets,1,0
401816568,2026-08-17,Athletics,Kansas City Royals,2026-09-15T20:49:23Z,3,0,0,0.5855,0.5767,0.5989,0.5904,,Kansas City Royals,5,9,Kansas City Royals,1,1
401816569,2026-08-17,Chicago White Sox,Chicago Cubs,2026-09-15T20:49:23Z,3,0,0,0.5581,0.5568,0.6014,0.5599,,Chicago Cubs,5,7,Chicago Cubs,1,1
401816570,2026-08-17,Los Angeles Dodgers,Colorado Rockies,2026-09-15T20:49:23Z,3,0,0,0.422,0.5344,0.4734,0.2486,,Los Angeles Dodgers,11,5,Los Angeles Dodgers,1,1
401816581,2026-08-17,Atlanta Braves,Minnesota Twins,2026-09-15T20:49:23Z,3,0,0,0.4496,0.5039,0.5102,0.3801,,Atlanta Braves,2,4,Minnesota Twins,1,0
401873710,2026-08-17,St. Louis Cardinals,Cincinnati Reds,2026-09-15T20:49:23Z,3,0,0,0.544,0.5595,0.6367,0.513,,Cincinnati Reds,2,1,St. Louis Cardinals,1,0
401816571,2026-08-18,Arizona Diamondbacks,Boston Red Sox,2026-09-15T20:49:23Z,3,0,0,0.5679,0.5654,0.5696,0.5674,,Boston Red Sox,4,9,Boston Red Sox,1,1
401816572,2026-08-18,Detroit Tigers,Pittsburgh Pirates,2026-09-15T20:49:23Z,3,0,0,0.5125,0.5062,0.4284,0.5521,,Pittsburgh Pirates,1,4,Pittsburgh Pirates,1,1
401816573,2026-08-18,Miami Marlins,Philadelphia Phillies,2026-09-15T20:49:23Z,3,0,0,0.5787,0.5572,0.5959,0.6173,,Philadelphia Phillies,4,6,Philadelphia Phillies,1,1
401816574,2026-08-18,New York Yankees,Baltimore Orioles,2026-09-15T20:49:23Z,3,0,0,0.4985,0.5497,0.496,0.4076,,New York Yankees,3,1,New York Yankees,1,1
401816575,2026-08-18,San Diego Padres,New York Mets,2026-09-15T20:49:23Z,3,0,0,0.488,0.5315,0.5223,0.4216,,San Diego Padres,5,2,San Diego Padres,1,1
401816576,2026-08-18,San Francisco Giants,Cleveland Guardians,2026-09-15T20:49:23Z,3,0,0,0.5779,0.5365,0.4983,0.6616,,Cleveland Guardians,1,8,Cleveland Guardians,1,1
401816577,2026-08-18,St. Louis Cardinals,Cincinnati Reds,2026-09-15T20:49:23Z,3,0,0,0.5364,0.5506,0.6163,0.513,,Cincinnati Reds,3,0,St. Louis Cardinals,1,0
401816578,2026-08-18,Toronto Blue Jays,Tampa Bay Rays,2026-09-15T20:49:23Z,3,0,0,0.5978,0.5658,0.583,0.6498,,Tampa Bay Rays,10,5,Toronto Blue Jays,1,0
401816579,2026-08-18,Los Angeles Angels,Houston Astros,2026-09-15T20:49:23Z,3,0,0,0.6183,0.5824,0.6392,0.6679,,Houston Astros,3,1,Los Angeles Angels,1,0
401816580,2026-08-18,Athletics,Kansas City Royals,2026-09-15T20:49:23Z,3,0,0,0.5911,0.5833,0.593,0.5904,,Kansas City Royals,3,4,Kansas City Royals,1,1
401816582,2026-08-18,Chicago White Sox,Chicago Cubs,2026-09-15T20:49:23Z,3,0,0,0.564,0.5639,0.5961,0.5599,,Chicago Cubs,3,4,Chicago Cubs,1,1
401816583,2026-08-18,Seattle Mariners,Milwaukee Brewers,2026-09-15T20:49:23Z,3,0,0,0.6266,0.5857,0.6379,0.683,,Milwaukee Brewers,0,22,Milwaukee Brewers,1,1
401816584,2026-08-18,Washington Nationals,Texas Rangers,2026-09-15T20:49:23Z,3,0,0,0.568,0.5411,0.5604,0.6248,,Texas Rangers,0,5,Texas Rangers,1,1
401816585,2026-08-18,Los Angeles Dodgers,Colorado Rockies,2026-09-15T20:49:23Z,3,0,0,0.4149,0.5259,0.4991,0.2486,,Los Angeles Dodgers,7,6,Los Angeles Dodgers,1,1
401816596,2026-08-18,Atlanta Braves,Minnesota Twins,2026-09-15T20:49:23Z,3,0,0,0.4563,0.5119,0.511,0.3801,,Atlanta Braves,1,4,Minnesota Twins,1,0
401816586,2026-08-19,Arizona Diamondbacks,Boston Red Sox,2026-09-15T20:49:23Z,3,0,0,0.5738,0.5723,0.5498,0.5674,,Boston Red Sox,7,6,Arizona Diamondbacks,1,0
401816587,2026-08-19,Detroit Tigers,Pittsburgh Pirates,2026-09-15T20:49:23Z,3,0,0,0.5192,0.5142,0.423,0.5521,,Pittsburgh Pirates,3,4,Pittsburgh Pirates,1,1
401816588,2026-08-19,Miami Marlins,Philadelphia Phillies,2026-09-15T20:49:23Z,3,0,0,0.5846,0.5642,0.5918,0.6173,,Philadelphia Phillies,1,4,Philadelphia Phillies,1,1
401816589,2026-08-19,New York Yankees,Baltimore Orioles,2026-09-15T20:49:23Z,3,0,0,0.491,0.5409,0.5092,0.4076,,New York Yankees,5,3,New York Yankees,1,1
401816590,2026-08-19,San Diego Padres,New York Mets,2026-09-15T20:49:23Z,3,0,0,0.4807,0.523,0.5256,0.4216,,San Diego Padres,2,4,New York Mets,1,0
401816591,2026-08-19,San Francisco Giants,Cleveland Guardians,2026-09-15T20:49:23Z,3,0,0,0.5841,0.5439,0.4728,0.6616,,Cleveland Guardians,1,0,San Francisco Giants,1,0
401816592,2026-08-19,St. Louis Cardinals,Cincinnati Reds,2026-09-15T20:49:23Z,3,0,0,0.5289,0.5418,0.6113,0.513,,Cincinnati Reds,4,5,Cincinnati Reds,1,1
401816593,2026-08-19,Toronto Blue Jays,Tampa Bay Rays,2026-09-15T20:49:23Z,3,0,0,0.5903,0.5568,0.6074,0.6498,,Tampa Bay Rays,6,7,Tampa Bay Rays,1,1
401816594,2026-08-19,Los Angeles Angels,Houston Astros,2026-09-15T20:49:23Z,3,0,0,0.6107,0.5733,0.6352,0.6679,,Houston Astros,2,3,Houston Astros,1,1
401816595,2026-08-19,Athletics,Kansas City Royals,2026-09-15T20:49:23Z,3,0,0,0.5966,0.5898,0.5978,0.5904,,Kansas City Royals,7,9,Kansas City Royals,1,1
401816597,2026-08-19,Chicago White Sox,Chicago Cubs,2026-09-15T20:49:23Z,3,0,0,0.5699,0.5708,0.5995,0.5599,,Chicago Cubs,3,0,Chicago White Sox,1,0
401816598,2026-08-19,Seattle Mariners,Milwaukee Brewers,2026-09-15T20:49:23Z,3,0,0,0.6319,0.5922,0.5322,0.683,,Milwaukee Brewers,7,5,Seattle Mariners,1,0
401816599,2026-08-19,Washington Nationals,Texas Rangers,2026-09-15T20:49:23Z,3,0,0,0.5741,0.5484,0.5429,0.6248,,Texas Rangers,6,0,Washington Nationals,1,0
401816600,2026-08-19,Los Angeles Dodgers,Colorado Rockies,2026-09-15T20:49:23Z,3,0,0,0.4079,0.5174,0.4965,0.2486,,Los Angeles Dodgers,6,4,Los Angeles Dodgers,1,1
401816607,2026-08-19,Atlanta Braves,Minnesota Twins,2026-09-15T20:49:23Z,3,0,0,0.4629,0.5197,0.4992,0.3801,,Atlanta Braves,4,6,Minnesota Twins,1,0
401816601,2026-08-20,New York Yankees,Baltimore Orioles,2026-09-15T20:49:23Z,3,0,0,0.4836,0.5323,0.5106,0.4076,,New York Yankees,6,1,New York Yankees,1,1
401816602,2026-08-20,San Francisco Giants,Cleveland Guardians,2026-09-15T20:49:23Z,3,0,0,0.5768,0.5352,0.4665,0.6616,,Cleveland Guardians,2,5,Cleveland Guardians,1,1
401816603,2026-08-20,St. Louis Cardinals,Cincinnati Reds,2026-09-15T20:49:23Z,3,0,0,0.5352,0.5491,0.6082,0.513,,Cincinnati Reds,10,9,St. Louis Cardinals,1,0
401816604,2026-08-20,Toronto Blue Jays,Tampa Bay Rays,2026-09-15T20:49:23Z,3,0,0,0.5962,0.5638,0.6082,0.6498,,Tampa Bay Rays,5,1,Toronto Blue Jays,1,0
401816605,2026-08-20,Los Angeles Angels,Houston Astros,2026-09-15T20:49:23Z,3,0,0,0.6162,0.58,0.6365,0.6679,,Houston Astros,18,3,Los Angeles Angels,1,0
401816606,2026-08-20,Athletics,Kansas City Royals,2026-09-15T20:49:23Z,3,0,0,0.602,0.5962,0.5986,0.5904,,Kansas City Royals,2,6,Kansas City Royals,1,1
401816608,2026-08-20,Seattle Mariners,Milwaukee Brewers,2026-09-15T20:49:23Z,3,0,0,0.6244,0.5829,0.5479,0.683,,Milwaukee Brewers,4,7,Milwaukee Brewers,1,1
401816609,2026-08-20,Washington Nationals,Texas Rangers,2026-09-15T20:49:23Z,3,0,0,0.5668,0.5396,0.5611,0.6248,,Texas Rangers,0,2,Texas Rangers,1,1
401877087,2026-08-20,Atlanta Braves,Chicago White Sox,2026-09-15T20:49:23Z,3,0,0,0.4984,0.5373,0.5114,0.437,,Atlanta Braves,2,0,Atlanta Braves,1,1
401816610,2026-08-21,San Francisco Giants,Boston Red Sox,2026-09-15T20:49:23Z,3,0,0,0.6521,0.6087,0.6417,0.7009,,Boston Red Sox,4,6,Boston Red Sox,1,1
401816611,2026-08-21,St. Louis Cardinals,Philadelphia Phillies,2026-09-15T20:49:23Z,3,0,0,0.5695,0.5479,0.5778,0.6134,,Philadelphia Phillies,6,7,Philadelphia Phillies,1,1
401816612,2026-08-21,Tampa Bay Rays,Baltimore Orioles,2026-09-15T20:49:23Z,3,0,0,0.4554,0.51,0.4107,0.3819,,Tampa Bay Rays,3,5,Baltimore Orioles,1,0
401816613,2026-08-21,Toronto Blue Jays,New York Yankees,2026-09-15T20:49:23Z,3,0,0,0.5682,0.5413,0.5379,0.6249,,New York Yankees,1,3,New York Yankees,1,1
401816614,2026-08-21,Washington Nationals,Miami Marlins,2026-09-15T20:49:23Z,3,0,0,0.5619,0.5413,0.5426,0.6075,,Miami Marlins,2,3,Miami Marlins,1,1
401816615,2026-08-21,Los Angeles Angels,Texas Rangers,2026-09-15T20:49:23Z,3,0,0,0.5908,0.5458,0.6312,0.675,,Texas Rangers,1,2,Texas Rangers,1,1
401816616,2026-08-21,Athletics,Houston Astros,2026-09-15T20:49:23Z,3,0,0,0.6326,0.606,0.6648,0.654,,Houston Astros,0,4,Houston Astros,1,1
401816617,2026-08-21,Atlanta Braves,Milwaukee Brewers,2026-09-15T20:49:23Z,3,0,0,0.5514,0.5508,0.5273,0.5555,,Milwaukee Brewers,1,2,Milwaukee Brewers,1,1
401816618,2026-08-21,Detroit Tigers,Kansas City Royals,2026-09-15T20:49:23Z,3,0,0,0.5229,0.5402,0.4535,0.4996,,Kansas City Royals,2,5,Kansas City Royals,1,1
401816619,2026-08-21,New York Mets,Chicago White Sox,2026-09-15T20:49:23Z,3,0,0,0.5421,0.5262,0.4789,0.5878,,Chicago White Sox,4,6,Chicago White Sox,1,1
401816620,2026-08-21,Cleveland Guardians,Colorado Rockies,2026-09-15T20:49:23Z,3,0,0,0.4693,0.551,0.5864,0.3273,,Cleveland Guardians,9,1,Cleveland Guardians,1,1
401816621,2026-08-21,Chicago Cubs,Seattle Mariners,2026-09-15T20:49:23Z,3,0,0,0.4776,0.495,0.4177,0.4798,,Chicago Cubs,5,6,Seattle Mariners,1,0
401816622,2026-08-21,Cincinnati Reds,Arizona Diamondbacks,2026-09-15T20:49:23Z,3,0,0,0.5766,0.5582,0.5811,0.6089,,Arizona Diamondbacks,0,9,Arizona Diamondbacks,1,1
401816623,2026-08-21,Minnesota Twins,San Diego Padres,2026-09-15T20:49:23Z,3,0,0,0.61,0.5775,0.6526,0.6567,,San Diego Padres,2,6,San Diego Padres,1,1
401816624,2026-08-21,Pittsburgh Pirates,Los Angeles Dodgers,2026-09-15T20:49:23Z,3,0,0,0.604,0.5645,0.571,0.6692,,Los Angeles Dodgers,4,5,Los Angeles Dodgers,1,1
401816625,2026-08-22,San Francisco Giants,Boston Red Sox,2026-09-15T20:49:23Z,3,0,0,0.6569,0.6147,0.6266,0.7009,,Boston Red Sox,2,3,Boston Red Sox,1,1
401816626,2026-08-22,St. Louis Cardinals,Philadelphia Phillies,2026-09-15T20:49:23Z,3,0,0,0.5756,0.5551,0.5647,0.6134,,Philadelphia Phillies,3,12,Philadelphia Phillies,1,1
401816627,2026-08-22,Tampa Bay Rays,Baltimore Orioles,2026-09-15T20:49:23Z,3,0,0,0.462,0.5179,0.4159,0.3819,,Tampa Bay Rays,2,3,Baltimore Orioles,1,0
401816628,2026-08-22,Toronto Blue Jays,New York Yankees,2026-09-15T20:49:23Z,3,0,0,0.5743,0.5486,0.5368,0.6249,,New York Yankees,4,3,Toronto Blue Jays,1,0
401816629,2026-08-22,Washington Nationals,Miami Marlins,2026-09-15T20:49:23Z,3,0,0,0.568,0.5486,0.5358,0.6075,,Miami Marlins,2,4,Miami Marlins,1,1
401816630,2026-08-22,Los Angeles Angels,Texas Rangers,2026-09-15T20:49:23Z,3,0,0,0.5968,0.5531,0.6276,0.675,,Texas Rangers,3,0,Los Angeles Angels,1,0
401816631,2026-08-22,Athletics,Houston Astros,2026-09-15T20:49:23Z,3,0,0,0.6375,0.612,0.6543,0.654,,Houston Astros,4,3,Athletics,1,0
401816632,2026-08-22,Atlanta Braves,Milwaukee Brewers,2026-09-15T20:49:23Z,3,0,0,0.5575,0.5579,0.5397,0.5555,,Milwaukee Brewers,1,4,Milwaukee Brewers,1,1
401816633,2026-08-22,Detroit Tigers,Kansas City Royals,2026-09-15T20:49:23Z,3,0,0,0.5291,0.5475,0.4544,0.4996,,Kansas City Royals,1,3,Kansas City Royals,1,1
401816634,2026-08-22,New York Mets,Chicago White Sox,2026-09-15T20:49:23Z,3,0,0,0.5485,0.5338,0.4964,0.5878,,Chicago White Sox,10,5,New York Mets,1,0
401816635,2026-08-22,Cleveland Guardians,Colorado Rockies,2026-09-15T20:49:23Z,3,0,0,0.4618,0.5422,0.5946,0.3273,,Cleveland Guardians,4,3,Cleveland Guardians,1,1
401816636,2026-08-22,Chicago Cubs,Seattle Mariners,2026-09-15T20:49:23Z,3,0,0,0.4845,0.5031,0.4337,0.4798,,Chicago Cubs,4,5,Seattle Mariners,1,0
401816637,2026-08-22,Cincinnati Reds,Arizona Diamondbacks,2026-09-15T20:49:23Z,3,0,0,0.5825,0.5652,0.5314,0.6089,,Arizona Diamondbacks,11,5,Cincinnati Reds,1,0
401816638,2026-08-22,Minnesota Twins,San Diego Padres,2026-09-15T20:49:23Z,3,0,0,0.6155,0.5841,0.6427,0.6567,,San Diego Padres,5,7,San Diego Padres,1,1
401816639,2026-08-22,Pittsburgh Pirates,Los Angeles Dodgers,2026-09-15T20:49:23Z,3,0,0,0.6096,0.5714,0.579,0.6692,,Los Angeles Dodgers,3,4,Los Angeles Dodgers,1,1
401816640,2026-08-23,San Francisco Giants,Boston Red Sox,2026-09-15T20:49:23Z,3,0,0,0.6616,0.6206,0.6324,0.7009,,Boston Red Sox,4,5,Boston Red Sox,1,1
401816641,2026-08-23,St. Louis Cardinals,Philadelphia Phillies,2026-09-15T20:49:23Z,3,0,0,0.5815,0.5622,0.5237,0.6134,,Philadelphia Phillies,4,6,Philadelphia Phillies,1,1
401816642,2026-08-23,Tampa Bay Rays,Baltimore Orioles,2026-09-15T20:49:23Z,3,0,0,0.4686,0.5257,0.4297,0.3819,,Tampa Bay Rays,3,1,Tampa Bay Rays,1,1
401816643,2026-08-23,Toronto Blue Jays,New York Yankees,2026-09-15T20:49:23Z,3,0,0,0.567,0.5398,0.5291,0.6249,,New York Yankees,3,8,New York Yankees,1,1
401816644,2026-08-23,Washington Nationals,Miami Marlins,2026-09-15T20:49:23Z,3,0,0,0.5741,0.5558,0.5311,0.6075,,Miami Marlins,2,6,Miami Marlins,1,1
401816645,2026-08-23,Los Angeles Angels,Texas Rangers,2026-09-15T20:49:23Z,3,0,0,0.5895,0.5443,0.6199,0.675,,Texas Rangers,3,5,Texas Rangers,1,1
401816646,2026-08-23,Athletics,Houston Astros,2026-09-15T20:49:23Z,3,0,0,0.6298,0.6026,0.6565,0.654,,Houston Astros,7,6,Athletics,1,0
401816647,2026-08-23,Atlanta Braves,Milwaukee Brewers,2026-09-15T20:49:23Z,3,0,0,0.5634,0.5649,0.5319,0.5555,,Milwaukee Brewers,4,2,Atlanta Braves,1,0
401816648,2026-08-23,Detroit Tigers,Kansas City Royals,2026-09-15T20:49:23Z,3,0,0,0.5353,0.5547,0.4548,0.4996,,Kansas City Royals,7,11,Kansas City Royals,1,1
401816649,2026-08-23,New York Mets,Chicago White Sox,2026-09-15T20:49:23Z,3,0,0,0.5413,0.5253,0.514,0.5878,,Chicago White Sox,1,2,Chicago White Sox,1,1
401816650,2026-08-23,Cleveland Guardians,Colorado Rockies,2026-09-15T20:49:23Z,3,0,0,0.4544,0.5335,0.5805,0.3273,,Cleveland Guardians,7,2,Cleveland Guardians,1,1
401816651,2026-08-23,Chicago Cubs,Seattle Mariners,2026-09-15T20:49:23Z,3,0,0,0.4912,0.5111,0.4299,0.4798,,Chicago Cubs,19,2,Chicago Cubs,1,1
401816652,2026-08-23,Cincinnati Reds,Arizona Diamondbacks,2026-09-15T20:49:23Z,3,0,0,0.575,0.5563,0.5596,0.6089,,Arizona Diamondbacks,3,5,Arizona Diamondbacks,1,1
401816653,2026-08-23,Minnesota Twins,San Diego Padres,2026-09-15T20:49:23Z,3,0,0,0.6209,0.5906,0.6394,0.6567,,San Diego Padres,1,8,San Diego Padres,1,1
401816654,2026-08-23,Pittsburgh Pirates,Los Angeles Dodgers,2026-09-15T20:49:23Z,3,0,0,0.6152,0.5781,0.5758,0.6692,,Los Angeles Dodgers,0,4,Los Angeles Dodgers,1,1
401816655,2026-08-24,Boston Red Sox,Miami Marlins,2026-09-15T20:49:23Z,3,0,0,0.4632,0.4882,0.4519,0.4551,,Boston Red Sox,4,2,Boston Red Sox,1,1
401816656,2026-08-24,Colorado Rockies,Washington Nationals,2026-09-15T20:49:23Z,3,0,0,0.5821,0.5502,0.5604,0.6424,,Washington Nationals,3,13,Washington Nationals,1,1
401816657,2026-08-24,Tampa Bay Rays,Detroit Tigers,2026-09-15T20:49:23Z,3,0,0,0.4589,0.5176,0.5149,0.3742,,Tampa Bay Rays,4,1,Tampa Bay Rays,1,1
401816658,2026-08-24,Texas Rangers,Chicago White Sox,2026-09-15T20:49:23Z,3,0,0,0.5552,0.5622,0.6031,0.5385,,Chicago White Sox,11,2,Texas Rangers,1,0
401816659,2026-08-24,Chicago Cubs,Arizona Diamondbacks,2026-09-15T20:49:23Z,3,0,0,0.5379,0.5379,0.5356,0.5482,,Arizona Diamondbacks,7,0,Chicago Cubs,1,0
401816660,2026-08-24,Cincinnati Reds,San Francisco Giants,2026-09-15T20:49:23Z,3,0,0,0.4809,0.5048,0.5226,0.4656,,Cincinnati Reds,0,5,San Francisco Giants,1,0
401816661,2026-08-24,Cleveland Guardians,Los Angeles Angels,2026-09-15T20:49:23Z,3,0,0,0.4797,0.5413,0.5258,0.3762,,Cleveland Guardians,4,2,Cleveland Guardians,1,1
401816662,2026-08-24,Minnesota Twins,Athletics,2026-09-15T20:49:23Z,3,0,0,0.4833,0.5074,0.4637,0.4661,,Minnesota Twins,9,6,Minnesota Twins,1,1
401816663,2026-08-24,Philadelphia Phillies,Seattle Mariners,2026-09-15T20:49:23Z,3,0,0,0.4743,0.5076,0.5974,0.44,,Philadelphia Phillies,2,9,Seattle Mariners,1,0
401816664,2026-08-24,Pittsburgh Pirates,San Diego Padres,2026-09-15T20:49:23Z,3,0,0,0.6228,0.6068,0.6429,0.6245,,San Diego Padres,3,2,Pittsburgh Pirates,1,0
401816665,2026-08-25,Boston Red Sox,Miami Marlins,2026-09-15T20:49:23Z,3,0,0,0.4566,0.4804,0.4484,0.4551,,Boston Red Sox,7,3,Boston Red Sox,1,1
401816666,2026-08-25,Colorado Rockies,Washington Nationals,2026-09-15T20:49:23Z,3,0,0,0.5881,0.5574,0.5108,0.6424,,Washington Nationals,3,1,Colorado Rockies,1,0
401816667,2026-08-25,Houston Astros,New York Yankees,2026-09-15T20:49:23Z,3,0,0,0.5874,0.5563,0.4306,0.6431,,New York Yankees,9,7,Houston Astros,1,0
401816668,2026-08-25,Kansas City Royals,Toronto Blue Jays,2026-09-15T20:49:23Z,3,0,0,0.5649,0.5384,0.5948,0.6225,,Toronto Blue Jays,5,3,Kansas City Royals,1,0
401816669,2026-08-25,Los Angeles Dodgers,Atlanta Braves,2026-09-15T20:49:23Z,3,0,0,0.5299,0.5384,0.6126,0.5241,,Atlanta Braves,3,4,Atlanta Braves,1,1
401816670,2026-08-25,Milwaukee Brewers,New York Mets,2026-09-15T20:49:23Z,3,0,0,0.4696,0.5318,0.5755,0.3705,,Milwaukee Brewers,2,3,New York Mets,1,0
401816671,2026-08-25,Tampa Bay Rays,Detroit Tigers,2026-09-15T20:49:23Z,3,0,0,0.4519,0.5092,0.5254,0.3742,,Tampa Bay Rays,1,4,Detroit Tigers,1,0
401816672,2026-08-25,Baltimore Orioles,St. Louis Cardinals,2026-09-15T20:49:23Z,3,0,0,0.5386,0.5369,0.5118,0.5527,,St. Louis Cardinals,13,1,Baltimore Orioles,1,0
401816673,2026-08-25,Texas Rangers,Chicago White Sox,2026-09-15T20:49:23Z,3,0,0,0.5476,0.5533,0.6441,0.5385,,Chicago White Sox,7,11,Chicago White Sox,1,1
401816674,2026-08-25,Chicago Cubs,Arizona Diamondbacks,2026-09-15T20:49:23Z,3,0,0,0.5306,0.5293,0.5586,0.5482,,Arizona Diamondbacks,4,5,Arizona Diamondbacks,1,1
401816675,2026-08-25,Cincinnati Reds,San Francisco Giants,2026-09-15T20:49:23Z,3,0,0,0.4877,0.5128,0.5013,0.4656,,Cincinnati Reds,1,3,San Francisco Giants,1,0
401816676,2026-08-25,Cleveland Guardians,Los Angeles Angels,2026-09-15T20:49:23Z,3,0,0,0.4723,0.5326,0.5266,0.3762,,Cleveland Guardians,8,6,Cleveland Guardians,1,1
401816677,2026-08-25,Minnesota Twins,Athletics,2026-09-15T20:49:23Z,3,0,0,0.4764,0.4992,0.4683,0.4661,,Minnesota Twins,2,4,Athletics,1,0
401816678,2026-08-25,Philadelphia Phillies,Seattle Mariners,2026-09-15T20:49:23Z,3,0,0,0.481,0.5156,0.5491,0.44,,Philadelphia Phillies,1,4,Seattle Mariners,1,0
401816679,2026-08-25,Pittsburgh Pirates,San Diego Padres,2026-09-15T20:49:23Z,3,0,0,0.6149,0.5974,0.6439,0.6245,,San Diego Padres,1,0,Pittsburgh Pirates,1,0
401816680,2026-08-26,Boston Red Sox,Miami Marlins,2026-09-15T20:49:23Z,3,0,0,0.4501,0.4727,0.4584,0.4551,,Boston Red Sox,0,4,Miami Marlins,1,0
401816681,2026-08-26,Colorado Rockies,Washington Nationals,2026-09-15T20:49:23Z,3,0,0,0.5807,0.5485,0.5154,0.6424,,Washington Nationals,13,1,Colorado Rockies,1,0
401816682,2026-08-26,Houston Astros,New York Yankees,2026-09-15T20:49:23Z,3,0,0,0.5801,0.5474,0.4358,0.6431,,New York Yankees,3,9,New York Yankees,1,1
401816683,2026-08-26,Kansas City Royals,Toronto Blue Jays,2026-09-15T20:49:23Z,3,0,0,0.5577,0.5298,0.5915,0.6225,,Toronto Blue Jays,0,3,Toronto Blue Jays,1,1
401816684,2026-08-26,Los Angeles Dodgers,Atlanta Braves,2026-09-15T20:49:23Z,3,0,0,0.5362,0.5458,0.6142,0.5241,,Atlanta Braves,5,6,Atlanta Braves,1,1
401816685,2026-08-26,Milwaukee Brewers,New York Mets,2026-09-15T20:49:23Z,3,0,0,0.4759,0.5393,0.5735,0.3705,,Milwaukee Brewers,8,1,Milwaukee Brewers,1,1
401816686,2026-08-26,Tampa Bay Rays,Detroit Tigers,2026-09-15T20:49:23Z,3,0,0,0.4585,0.5171,0.5211,0.3742,,Tampa Bay Rays,3,0,Tampa Bay Rays,1,1
401816687,2026-08-26,Baltimore Orioles,St. Louis Cardinals,2026-09-15T20:49:23Z,3,0,0,0.5313,0.5282,0.5729,0.5527,,St. Louis Cardinals,8,7,Baltimore Orioles,1,0
401816688,2026-08-26,Texas Rangers,Chicago White Sox,2026-09-15T20:49:23Z,3,0,0,0.5536,0.5604,0.6198,0.5385,,Chicago White Sox,4,10,Chicago White Sox,1,1
401816689,2026-08-26,Chicago Cubs,Arizona Diamondbacks,2026-09-15T20:49:23Z,3,0,0,0.537,0.5368,0.5542,0.5482,,Arizona Diamondbacks,0,2,Arizona Diamondbacks,1,1
401816690,2026-08-26,Cincinnati Reds,San Francisco Giants,2026-09-15T20:49:23Z,3,0,0,0.4943,0.5206,0.4968,0.4656,,Cincinnati Reds,10,9,Cincinnati Reds,1,1
401816691,2026-08-26,Cleveland Guardians,Los Angeles Angels,2026-09-15T20:49:23Z,3,0,0,0.4651,0.524,0.5262,0.3762,,Cleveland Guardians,4,3,Cleveland Guardians,1,1
401816692,2026-08-26,Minnesota Twins,Athletics,2026-09-15T20:49:23Z,3,0,0,0.4832,0.5073,0.4648,0.4661,,Minnesota Twins,4,7,Athletics,1,0
401816693,2026-08-26,Philadelphia Phillies,Seattle Mariners,2026-09-15T20:49:23Z,3,0,0,0.4876,0.5233,0.5235,0.44,,Philadelphia Phillies,6,0,Philadelphia Phillies,1,1
401816694,2026-08-26,Pittsburgh Pirates,San Diego Padres,2026-09-15T20:49:23Z,3,0,0,0.6072,0.5881,0.6439,0.6245,,San Diego Padres,0,3,San Diego Padres,1,1
401816695,2026-08-27,Colorado Rockies,Washington Nationals,2026-09-15T20:49:23Z,3,0,0,0.5734,0.5397,0.58,0.6424,,Washington Nationals,1,7,Washington Nationals,1,1
401816696,2026-08-27,Houston Astros,New York Yankees,2026-09-15T20:49:23Z,3,0,0,0.5861,0.5547,0.4236,0.6431,,New York Yankees,5,1,Houston Astros,1,0
401816697,2026-08-27,Kansas City Royals,Toronto Blue Jays,2026-09-15T20:49:23Z,3,0,0,0.564,0.5373,0.5721,0.6225,,Toronto Blue Jays,13,2,Kansas City Royals,1,0
401816698,2026-08-27,Los Angeles Dodgers,Atlanta Braves,2026-09-15T20:49:23Z,3,0,0,0.5423,0.553,0.6103,0.5241,,Atlanta Braves,0,1,Atlanta Braves,1,1
401816699,2026-08-27,Milwaukee Brewers,New York Mets,2026-09-15T20:49:23Z,3,0,0,0.4686,0.5307,0.5929,0.3705,,Milwaukee Brewers,8,2,Milwaukee Brewers,1,1
401816700,2026-08-27,Baltimore Orioles,St. Louis Cardinals,2026-09-15T20:49:23Z,3,0,0,0.5241,0.5197,0.5681,0.5527,,St. Louis Cardinals,5,7,St. Louis Cardinals,1,1
401816701,2026-08-27,Arizona Diamondbacks,San Francisco Giants,2026-09-15T20:49:23Z,3,0,0,0.4387,0.4849,0.4676,0.3941,,Arizona Diamondbacks,1,6,San Francisco Giants,1,0
401816702,2026-08-28,Boston Red Sox,New York Yankees,2026-09-15T20:49:23Z,3,0,0,0.5205,0.5064,0.4134,0.5744,,New York Yankees,0,1,New York Yankees,1,1
401816703,2026-08-28,Colorado Rockies,Atlanta Braves,2026-09-15T20:49:23Z,3,0,0,0.6871,0.6039,0.6336,0.7946,,Atlanta Braves,4,6,Atlanta Braves,1,1
401816704,2026-08-28,Houston Astros,New York Mets,2026-09-15T20:49:23Z,3,0,0,0.5269,0.5466,0.525,0.4955,,New York Mets,3,1,Houston Astros,1,0
401816705,2026-08-28,Kansas City Royals,Cleveland Guardians,2026-09-15T20:49:23Z,3,0,0,0.5475,0.5147,0.5266,0.6294,,Cleveland Guardians,3,0,Kansas City Royals,1,0
401816706,2026-08-28,Los Angeles Dodgers,Detroit Tigers,2026-09-15T20:49:23Z,3,0,0,0.4722,0.5279,0.6139,0.3865,,Los Angeles Dodgers,2,1,Los Angeles Dodgers,1,1
401816707,2026-08-28,Miami Marlins,Washington Nationals,2026-09-15T20:49:23Z,3,0,0,0.4983,0.5251,0.5934,0.4662,,Miami Marlins,2,9,Washington Nationals,1,0
401816708,2026-08-28,San Diego Padres,Tampa Bay Rays,2026-09-15T20:49:23Z,3,0,0,0.5531,0.5348,0.5364,0.5983,,Tampa Bay Rays,4,9,Tampa Bay Rays,1,1
401816709,2026-08-28,Seattle Mariners,Toronto Blue Jays,2026-09-15T20:49:23Z,3,0,0,0.5725,0.5644,0.5443,0.5828,,Toronto Blue Jays,1,8,Toronto Blue Jays,1,1
401816710,2026-08-28,Chicago White Sox,Minnesota Twins,2026-09-15T20:49:23Z,3,0,0,0.4965,0.5177,0.5331,0.4787,,Chicago White Sox,7,4,Chicago White Sox,1,1
401816711,2026-08-28,Cincinnati Reds,Chicago Cubs,2026-09-15T20:49:23Z,3,0,0,0.582,0.5689,0.5623,0.5987,,Chicago Cubs,10,8,Cincinnati Reds,1,0
401816712,2026-08-28,Pittsburgh Pirates,St. Louis Cardinals,2026-09-15T20:49:23Z,3,0,0,0.544,0.5459,0.5495,0.5463,,St. Louis Cardinals,1,4,St. Louis Cardinals,1,1
401816713,2026-08-28,Texas Rangers,Milwaukee Brewers,2026-09-15T20:49:23Z,3,0,0,0.6193,0.5906,0.5905,0.6525,,Milwaukee Brewers,1,6,Milwaukee Brewers,1,1
401816714,2026-08-28,Arizona Diamondbacks,San Francisco Giants,2026-09-15T20:49:23Z,3,0,0,0.4457,0.4932,0.4459,0.3941,,Arizona Diamondbacks,10,6,Arizona Diamondbacks,1,1
401816715,2026-08-28,Baltimore Orioles,Athletics,2026-09-15T20:49:23Z,3,0,0,0.4642,0.4966,0.468,0.4378,,Baltimore Orioles,4,3,Baltimore Orioles,1,1
401816716,2026-08-28,Philadelphia Phillies,Los Angeles Angels,2026-09-15T20:49:23Z,3,0,0,0.4253,0.4949,0.4589,0.3354,,Philadelphia Phillies,5,3,Philadelphia Phillies,1,1
401816718,2026-08-29,Colorado Rockies,Atlanta Braves,2026-09-15T20:49:23Z,3,0,0,0.6917,0.61,0.6382,0.7946,,Atlanta Braves,1,2,Atlanta Braves,1,1
401816719,2026-08-29,Houston Astros,New York Mets,2026-09-15T20:49:23Z,3,0,0,0.5195,0.5379,0.5234,0.4955,,New York Mets,2,6,New York Mets,1,1
401816720,2026-08-29,Kansas City Royals,Cleveland Guardians,2026-09-15T20:49:23Z,3,0,0,0.5406,0.5064,0.5162,0.6294,,Cleveland Guardians,8,3,Kansas City Royals,1,0
401816721,2026-08-29,Los Angeles Dodgers,Detroit Tigers,2026-09-15T20:49:23Z,3,0,0,0.465,0.5194,0.5893,0.3865,,Los Angeles Dodgers,1,2,Detroit Tigers,1,0
401816722,2026-08-29,Miami Marlins,Washington Nationals,2026-09-15T20:49:23Z,3,0,0,0.5048,0.5327,0.5701,0.4662,,Washington Nationals,4,5,Washington Nationals,1,1
401816723,2026-08-29,San Diego Padres,Tampa Bay Rays,2026-09-15T20:49:23Z,3,0,0,0.5593,0.5422,0.5194,0.5983,,Tampa Bay Rays,6,7,Tampa Bay Rays,1,1
401816724,2026-08-29,Seattle Mariners,Toronto Blue Jays,2026-09-15T20:49:23Z,3,0,0,0.5783,0.5713,0.5297,0.5828,,Toronto Blue Jays,3,4,Toronto Blue Jays,1,1
401816725,2026-08-29,Chicago White Sox,Minnesota Twins,2026-09-15T20:49:23Z,3,0,0,0.4894,0.5094,0.5333,0.4787,,Chicago White Sox,3,2,Chicago White Sox,1,1
401816726,2026-08-29,Cincinnati Reds,Chicago Cubs,2026-09-15T20:49:23Z,3,0,0,0.5744,0.5599,0.5683,0.5987,,Chicago Cubs,5,17,Chicago Cubs,1,1
401816727,2026-08-29,Pittsburgh Pirates,St. Louis Cardinals,2026-09-15T20:49:23Z,3,0,0,0.5502,0.5531,0.557,0.5463,,St. Louis Cardinals,6,2,Pittsburgh Pirates,1,0
401816728,2026-08-29,Texas Rangers,Milwaukee Brewers,2026-09-15T20:49:23Z,3,0,0,0.6245,0.5969,0.5909,0.6525,,Milwaukee Brewers,3,5,Milwaukee Brewers,1,1
401816730,2026-08-29,Baltimore Orioles,Athletics,2026-09-15T20:49:23Z,3,0,0,0.4575,0.4886,0.4476,0.4378,,Baltimore Orioles,5,3,Baltimore Orioles,1,1
401816731,2026-08-29,Philadelphia Phillies,Los Angeles Angels,2026-09-15T20:49:23Z,3,0,0,0.4187,0.4869,0.4615,0.3354,,Philadelphia Phillies,4,2,Philadelphia Phillies,1,1
401816744,2026-08-29,Arizona Diamondbacks,San Francisco Giants,2026-09-15T20:49:23Z,3,0,0,0.439,0.4852,0.4606,0.3941,,Arizona Diamondbacks,7,1,Arizona Diamondbacks,1,1
401874913,2026-08-29,Boston Red Sox,New York Yankees,2026-09-15T20:49:23Z,3,0,0,0.5272,0.5143,0.4339,0.5744,,New York Yankees,6,0,Boston Red Sox,1,0
401816732,2026-08-30,Boston Red Sox,New York Yankees,2026-09-15T20:49:23Z,3,0,0,0.5202,0.506,0.4512,0.5744,,New York Yankees,1,16,New York Yankees,1,1
401816733,2026-08-30,Colorado Rockies,Atlanta Braves,2026-09-15T20:49:23Z,3,0,0,0.6962,0.616,0.638,0.7946,,Atlanta Braves,2,3,Atlanta Braves,1,1
401816734,2026-08-30,Houston Astros,New York Mets,2026-09-15T20:49:23Z,3,0,0,0.5258,0.5453,0.5156,0.4955,,New York Mets,6,3,Houston Astros,1,0
401816735,2026-08-30,Kansas City Royals,Cleveland Guardians,2026-09-15T20:49:23Z,3,0,0,0.5337,0.4982,0.5351,0.6294,,Cleveland Guardians,1,11,Cleveland Guardians,1,1
401816736,2026-08-30,Los Angeles Dodgers,Detroit Tigers,2026-09-15T20:49:23Z,3,0,0,0.4715,0.5272,0.5946,0.3865,,Los Angeles Dodgers,6,1,Los Angeles Dodgers,1,1
401816737,2026-08-30,Miami Marlins,Washington Nationals,2026-09-15T20:49:23Z,3,0,0,0.5112,0.5402,0.5772,0.4662,,Washington Nationals,6,2,Miami Marlins,1,0
401816738,2026-08-30,San Diego Padres,Tampa Bay Rays,2026-09-15T20:49:23Z,3,0,0,0.5655,0.5495,0.5151,0.5983,,Tampa Bay Rays,4,5,Tampa Bay Rays,1,1
401816739,2026-08-30,Seattle Mariners,Toronto Blue Jays,2026-09-15T20:49:23Z,3,0,0,0.584,0.578,0.5407,0.5828,,Toronto Blue Jays,0,7,Toronto Blue Jays,1,1
401816740,2026-08-30,Chicago White Sox,Minnesota Twins,2026-09-15T20:49:23Z,3,0,0,0.4824,0.5012,0.5304,0.4787,,Chicago White Sox,1,5,Minnesota Twins,1,0
401816741,2026-08-30,Cincinnati Reds,Chicago Cubs,2026-09-15T20:49:23Z,3,0,0,0.5802,0.5669,0.5097,0.5987,,Chicago Cubs,7,5,Cincinnati Reds,1,0
401816742,2026-08-30,Pittsburgh Pirates,St. Louis Cardinals,2026-09-15T20:49:23Z,3,0,0,0.5427,0.5443,0.5704,0.5463,,St. Louis Cardinals,5,4,Pittsburgh Pirates,1,0
401816743,2026-08-30,Texas Rangers,Milwaukee Brewers,2026-09-15T20:49:23Z,3,0,0,0.6297,0.6032,0.5889,0.6525,,Milwaukee Brewers,7,4,Texas Rangers,1,0
401816745,2026-08-30,Baltimore Orioles,Athletics,2026-09-15T20:49:23Z,3,0,0,0.4509,0.4808,0.4483,0.4378,,Baltimore Orioles,8,5,Baltimore Orioles,1,1
401816746,2026-08-30,Philadelphia Phillies,Los Angeles Angels,2026-09-15T20:49:23Z,3,0,0,0.4122,0.4791,0.4631,0.3354,,Philadelphia Phillies,5,2,Philadelphia Phillies,1,1
401816747,2026-08-31,Miami Marlins,Washington Nationals,2026-09-15T20:49:23Z,3,0,0,0.5038,0.5316,0.5936,0.4662,,Washington Nationals,3,6,Washington Nationals,1,1
401816748,2026-08-31,New York Mets,Tampa Bay Rays,2026-09-15T20:49:23Z,3,0,0,0.6257,0.5748,0.5193,0.7037,,Tampa Bay Rays,3,2,New York Mets,1,0
401816749,2026-08-31,San Diego Padres,Cincinnati Reds,2026-09-15T20:49:23Z,3,0,0,0.4793,0.5166,0.5125,0.4326,,San Diego Padres,5,0,San Diego Padres,1,1
401816750,2026-08-31,Seattle Mariners,Boston Red Sox,2026-09-15T20:49:23Z,3,0,0,0.6284,0.61,0.686,0.633,,Boston Red Sox,8,9,Boston Red Sox,1,1
401816751,2026-08-31,Athletics,Texas Rangers,2026-09-15T20:49:23Z,3,0,0,0.6149,0.5814,0.6301,0.6613,,Texas Rangers,1,8,Texas Rangers,1,1
401816752,2026-08-31,Chicago White Sox,Houston Astros,2026-09-15T20:49:23Z,3,0,0,0.5355,0.5431,0.5445,0.5287,,Houston Astros,3,6,Houston Astros,1,1
401816753,2026-08-31,Detroit Tigers,Minnesota Twins,2026-09-15T20:49:23Z,3,0,0,0.5235,0.5336,0.4311,0.5173,,Minnesota Twins,1,11,Minnesota Twins,1,1
401816754,2026-08-31,Milwaukee Brewers,Chicago Cubs,2026-09-15T20:49:23Z,3,0,0,0.4871,0.5222,0.5523,0.4414,,Milwaukee Brewers,3,17,Chicago Cubs,1,0
401816755,2026-08-31,Baltimore Orioles,Colorado Rockies,2026-09-15T20:49:23Z,3,0,0,0.4293,0.4834,0.4997,0.3714,,Baltimore Orioles,2,1,Baltimore Orioles,1,1
401816756,2026-08-31,New York Yankees,Los Angeles Angels,2026-09-15T20:49:23Z,3,0,0,0.4019,0.4822,0.4768,0.3023,,New York Yankees,1,10,Los Angeles Angels,1,0
401816757,2026-08-31,Philadelphia Phillies,Arizona Diamondbacks,2026-09-15T20:49:23Z,3,0,0,0.527,0.5414,0.5779,0.5083,,Arizona Diamondbacks,2,1,Philadelphia Phillies,1,0
401878657,2026-08-31,San Francisco Giants,Atlanta Braves,2026-09-15T20:49:23Z,3,0,0,0.6713,0.618,0.6441,0.7315,,Atlanta Braves,7,3,San Francisco Giants,1,0
401816758,2026-09-01,Atlanta Braves,Washington Nationals,2026-09-15T20:49:23Z,3,0,0,0.425,0.4875,0.5098,0.3506,,Atlanta Braves,5,9,Washington Nationals,1,0
401816759,2026-09-01,New York Mets,Tampa Bay Rays,2026-09-15T20:49:23Z,3,0,0,0.6183,0.5657,0.5247,0.7037,,Tampa Bay Rays,2,6,Tampa Bay Rays,1,1
401816760,2026-09-01,San Diego Padres,Cincinnati Reds,2026-09-15T20:49:23Z,3,0,0,0.4722,0.5083,0.5203,0.4326,,San Diego Padres,3,4,Cincinnati Reds,1,0
401816761,2026-09-01,Seattle Mariners,Boston Red Sox,2026-09-15T20:49:23Z,3,0,0,0.6334,0.616,0.689,0.633,,Boston Red Sox,9,6,Seattle Mariners,1,0
401816762,2026-09-01,San Francisco Giants,Pittsburgh Pirates,2026-09-15T20:49:23Z,3,0,0,0.5901,0.5683,0.5748,0.623,,Pittsburgh Pirates,12,13,Pittsburgh Pirates,1,1
401816763,2026-09-01,Toronto Blue Jays,Cleveland Guardians,2026-09-15T20:49:23Z,3,0,0,0.517,0.5146,0.4657,0.5449,,Cleveland Guardians,1,6,Cleveland Guardians,1,1
401816764,2026-09-01,Athletics,Texas Rangers,2026-09-15T20:49:23Z,3,0,0,0.6203,0.5879,0.5918,0.6613,,Texas Rangers,5,8,Texas Rangers,1,1
401816765,2026-09-01,Chicago White Sox,Houston Astros,2026-09-15T20:49:23Z,3,0,0,0.5417,0.5504,0.5306,0.5287,,Houston Astros,5,1,Chicago White Sox,1,0
401816766,2026-09-01,Detroit Tigers,Minnesota Twins,2026-09-15T20:49:23Z,3,0,0,0.5298,0.5411,0.3835,0.5173,,Minnesota Twins,2,15,Minnesota Twins,1,1
401816767,2026-09-01,Miami Marlins,Kansas City Royals,2026-09-15T20:49:23Z,3,0,0,0.5582,0.5893,0.6157,0.4802,,Kansas City Royals,6,3,Miami Marlins,1,0
401816768,2026-09-01,Milwaukee Brewers,Chicago Cubs,2026-09-15T20:49:23Z,3,0,0,0.4936,0.5299,0.4733,0.4414,,Milwaukee Brewers,9,4,Milwaukee Brewers,1,1
401816769,2026-09-01,Baltimore Orioles,Colorado Rockies,2026-09-15T20:49:23Z,3,0,0,0.4228,0.4756,0.4838,0.3714,,Baltimore Orioles,2,4,Colorado Rockies,1,0
401816770,2026-09-01,New York Yankees,Los Angeles Angels,2026-09-15T20:49:23Z,3,0,0,0.4088,0.4906,0.429,0.3023,,New York Yankees,7,3,New York Yankees,1,1
401816771,2026-09-01,Philadelphia Phillies,Arizona Diamondbacks,2026-09-15T20:49:23Z,3,0,0,0.5196,0.5328,0.5543,0.5083,,Arizona Diamondbacks,7,1,Philadelphia Phillies,1,0
401816772,2026-09-01,St. Louis Cardinals,Los Angeles Dodgers,2026-09-15T20:49:23Z,3,0,0,0.6093,0.5746,0.5271,0.6613,,Los Angeles Dodgers,13,8,St. Louis Cardinals,1,0
401816773,2026-09-02,Atlanta Braves,Washington Nationals,2026-09-15T20:49:23Z,3,0,0,0.4318,0.4958,0.4943,0.3506,,Atlanta Braves,9,0,Atlanta Braves,1,1
401816774,2026-09-02,New York Mets,Tampa Bay Rays,2026-09-15T20:49:23Z,3,0,0,0.6239,0.5725,0.5119,0.7037,,Tampa Bay Rays,10,4,New York Mets,1,0
401816775,2026-09-02,San Diego Padres,Cincinnati Reds,2026-09-15T20:49:23Z,3,0,0,0.4789,0.5162,0.5126,0.4326,,San Diego Padres,3,7,Cincinnati Reds,1,0
401816776,2026-09-02,Seattle Mariners,Boston Red Sox,2026-09-15T20:49:23Z,3,0,0,0.6256,0.6065,0.6974,0.633,,Boston Red Sox,8,3,Seattle Mariners,1,0
401816777,2026-09-02,San Francisco Giants,Pittsburgh Pirates,2026-09-15T20:49:23Z,3,0,0,0.5958,0.5751,0.5709,0.623,,Pittsburgh Pirates,5,4,San Francisco Giants,1,0
401816778,2026-09-02,Toronto Blue Jays,Cleveland Guardians,2026-09-15T20:49:23Z,3,0,0,0.5236,0.5224,0.4501,0.5449,,Cleveland Guardians,11,0,Toronto Blue Jays,1,0
401816779,2026-09-02,Athletics,Texas Rangers,2026-09-15T20:49:23Z,3,0,0,0.6256,0.5943,0.5884,0.6613,,Texas Rangers,9,2,Athletics,1,0
401816780,2026-09-02,Chicago White Sox,Houston Astros,2026-09-15T20:49:23Z,3,0,0,0.5342,0.5416,0.5443,0.5287,,Houston Astros,0,2,Houston Astros,1,1
401816781,2026-09-02,Detroit Tigers,Minnesota Twins,2026-09-15T20:49:23Z,3,0,0,0.5361,0.5484,0.3253,0.5173,,Minnesota Twins,11,6,Detroit Tigers,1,0
401816782,2026-09-02,Miami Marlins,Kansas City Royals,2026-09-15T20:49:23Z,3,0,0,0.5503,0.5801,0.6016,0.4802,,Kansas City Royals,9,6,Miami Marlins,1,0
401816783,2026-09-02,Milwaukee Brewers,Chicago Cubs,2026-09-15T20:49:23Z,3,0,0,0.4864,0.5214,0.5058,0.4414,,Milwaukee Brewers,9,5,Milwaukee Brewers,1,1
401816784,2026-09-02,Baltimore Orioles,Colorado Rockies,2026-09-15T20:49:23Z,3,0,0,0.4298,0.4841,0.472,0.3714,,Baltimore Orioles,5,6,Colorado Rockies,1,0
401816785,2026-09-02,New York Yankees,Los Angeles Angels,2026-09-15T20:49:23Z,3,0,0,0.4023,0.4827,0.4419,0.3023,,New York Yankees,6,3,New York Yankees,1,1
401816786,2026-09-02,Philadelphia Phillies,Arizona Diamondbacks,2026-09-15T20:49:23Z,3,0,0,0.5123,0.5242,0.5813,0.5083,,Arizona Diamondbacks,0,1,Arizona Diamondbacks,1,1
401816787,2026-09-02,St. Louis Cardinals,Los Angeles Dodgers,2026-09-15T20:49:23Z,3,0,0,0.6018,0.5655,0.5469,0.6613,,Los Angeles Dodgers,8,6,St. Louis Cardinals,1,0
401816788,2026-09-03,Boston Red Sox,Baltimore Orioles,2026-09-15T20:49:23Z,3,0,0,0.4823,0.5154,0.384,0.4441,,Boston Red Sox,6,5,Boston Red Sox,1,1
401816789,2026-09-03,San Francisco Giants,Pittsburgh Pirates,2026-09-15T20:49:23Z,3,0,0,0.5882,0.566,0.5627,0.623,,Pittsburgh Pirates,2,5,Pittsburgh Pirates,1,1
401816790,2026-09-03,Toronto Blue Jays,Cleveland Guardians,2026-09-15T20:49:23Z,3,0,0,0.5165,0.514,0.5084,0.5449,,Cleveland Guardians,6,3,Toronto Blue Jays,1,0
401816791,2026-09-03,Chicago White Sox,Houston Astros,2026-09-15T20:49:23Z,3,0,0,0.5404,0.5489,0.5366,0.5287,,Houston Astros,2,6,Houston Astros,1,1
401816792,2026-09-03,Miami Marlins,Kansas City Royals,2026-09-15T20:49:23Z,3,0,0,0.5424,0.571,0.6129,0.4802,,Kansas City Royals,3,7,Kansas City Royals,1,1
401816793,2026-09-03,Milwaukee Brewers,Chicago Cubs,2026-09-15T20:49:23Z,3,0,0,0.4793,0.513,0.5309,0.4414,,Milwaukee Brewers,1,2,Chicago Cubs,1,0
401816794,2026-09-03,Tampa Bay Rays,Texas Rangers,2026-09-15T20:49:23Z,3,0,0,0.4527,0.4947,0.4548,0.4101,,Tampa Bay Rays,0,6,Texas Rangers,1,0
401816795,2026-09-03,Athletics,Seattle Mariners,2026-09-15T20:49:23Z,3,0,0,0.6045,0.5825,0.6027,0.6299,,Seattle Mariners,7,4,Athletics,1,0
401816796,2026-09-03,St. Louis Cardinals,Los Angeles Dodgers,2026-09-15T20:49:23Z,3,0,0,0.5944,0.5565,0.557,0.6613,,Los Angeles Dodgers,2,3,Los Angeles Dodgers,1,1
401816797,2026-09-04,Los Angeles Angels,Pittsburgh Pirates,2026-09-15T20:49:23Z,3,0,0,0.6141,0.5834,0.5527,0.6544,,Pittsburgh Pirates,0,1,Pittsburgh Pirates,1,1
401816798,2026-09-04,Atlanta Braves,Philadelphia Phillies,2026-09-15T20:49:23Z,3,0,0,0.5255,0.5434,0.5392,0.4993,,Philadelphia Phillies,5,2,Atlanta Braves,1,0
401816799,2026-09-04,Boston Red Sox,Baltimore Orioles,2026-09-15T20:49:23Z,3,0,0,0.4753,0.5071,0.3871,0.4441,,Boston Red Sox,1,0,Boston Red Sox,1,1
401816800,2026-09-04,Chicago Cubs,Miami Marlins,2026-09-15T20:49:23Z,3,0,0,0.5002,0.515,0.5008,0.4958,,Miami Marlins,6,1,Chicago Cubs,1,0
401816802,2026-09-04,Milwaukee Brewers,Cincinnati Reds,2026-09-15T20:49:23Z,3,0,0,0.4552,0.5102,0.5265,0.3811,,Milwaukee Brewers,10,7,Milwaukee Brewers,1,1
401816803,2026-09-04,San Francisco Giants,New York Mets,2026-09-15T20:49:23Z,3,0,0,0.6022,0.5936,0.6375,0.5972,,New York Mets,6,10,New York Mets,1,1
401816804,2026-09-04,Arizona Diamondbacks,Houston Astros,2026-09-15T20:49:23Z,3,0,0,0.5244,0.5437,0.4809,0.4954,,Houston Astros,1,3,Houston Astros,1,1
401816805,2026-09-04,Minnesota Twins,Chicago White Sox,2026-09-15T20:49:23Z,3,0,0,0.5793,0.5671,0.6272,0.5954,,Chicago White Sox,1,4,Chicago White Sox,1,1
401816806,2026-09-04,Tampa Bay Rays,Texas Rangers,2026-09-15T20:49:23Z,3,0,0,0.4596,0.5028,0.4228,0.4101,,Tampa Bay Rays,7,6,Tampa Bay Rays,1,1
401816807,2026-09-04,Toronto Blue Jays,Kansas City Royals,2026-09-15T20:49:23Z,3,0,0,0.5063,0.5409,0.581,0.4504,,Kansas City Royals,9,2,Toronto Blue Jays,1,0
401816808,2026-09-04,St. Louis Cardinals,Colorado Rockies,2026-09-15T20:49:23Z,3,0,0,0.4504,0.5149,0.4953,0.3573,,St. Louis Cardinals,7,6,St. Louis Cardinals,1,1
401816809,2026-09-04,Athletics,Seattle Mariners,2026-09-15T20:49:23Z,3,0,0,0.5968,0.5734,0.6076,0.6299,,Seattle Mariners,7,6,Athletics,1,0
401816810,2026-09-04,New York Yankees,San Diego Padres,2026-09-15T20:49:23Z,3,0,0,0.5288,0.546,0.6264,0.5025,,San Diego Padres,2,3,San Diego Padres,1,1
401816811,2026-09-04,Washington Nationals,Los Angeles Dodgers,2026-09-15T20:49:23Z,3,0,0,0.6349,0.5754,0.5612,0.7254,,Los Angeles Dodgers,3,5,Los Angeles Dodgers,1,1
401877193,2026-09-04,Detroit Tigers,Cleveland Guardians,2026-09-15T20:49:23Z,3,0,0,0.5573,0.5419,0.3551,0.5933,,Cleveland Guardians,6,7,Cleveland Guardians,1,1
401816812,2026-09-05,Los Angeles Angels,Pittsburgh Pirates,2026-09-15T20:49:23Z,3,0,0,0.6194,0.5899,0.5695,0.6544,,Pittsburgh Pirates,6,1,Los Angeles Angels,1,0
401816813,2026-09-05,Atlanta Braves,Philadelphia Phillies,2026-09-15T20:49:23Z,3,0,0,0.5181,0.5347,0.5459,0.4993,,Philadelphia Phillies,2,4,Philadelphia Phillies,1,1
401816814,2026-09-05,Boston Red Sox,Baltimore Orioles,2026-09-15T20:49:23Z,3,0,0,0.4684,0.4989,0.3856,0.4441,,Boston Red Sox,5,0,Boston Red Sox,1,1
401816815,2026-09-05,Chicago Cubs,Miami Marlins,2026-09-15T20:49:23Z,3,0,0,0.4931,0.5067,0.5134,0.4958,,Chicago Cubs,6,5,Chicago Cubs,1,1
401816816,2026-09-05,Detroit Tigers,Cleveland Guardians,2026-09-15T20:49:23Z,3,0,0,0.5634,0.5492,0.3836,0.5933,,Cleveland Guardians,6,0,Detroit Tigers,1,0
401816817,2026-09-05,Milwaukee Brewers,Cincinnati Reds,2026-09-15T20:49:23Z,3,0,0,0.4483,0.502,0.5143,0.3811,,Milwaukee Brewers,3,5,Cincinnati Reds,1,0
401816818,2026-09-05,San Francisco Giants,New York Mets,2026-09-15T20:49:23Z,3,0,0,0.6075,0.5999,0.6064,0.5972,,New York Mets,9,5,San Francisco Giants,1,0
401816819,2026-09-05,Arizona Diamondbacks,Houston Astros,2026-09-15T20:49:23Z,3,0,0,0.5306,0.551,0.4969,0.4954,,Houston Astros,4,3,Arizona Diamondbacks,1,0
401816820,2026-09-05,Minnesota Twins,Chicago White Sox,2026-09-15T20:49:23Z,3,0,0,0.585,0.574,0.6293,0.5954,,Chicago White Sox,6,4,Minnesota Twins,1,0
401816821,2026-09-05,Tampa Bay Rays,Texas Rangers,2026-09-15T20:49:23Z,3,0,0,0.4528,0.4947,0.4231,0.4101,,Tampa Bay Rays,6,3,Tampa Bay Rays,1,1
401816822,2026-09-05,Toronto Blue Jays,Kansas City Royals,2026-09-15T20:49:23Z,3,0,0,0.4989,0.5323,0.6079,0.4504,,Toronto Blue Jays,4,3,Toronto Blue Jays,1,1
401816823,2026-09-05,St. Louis Cardinals,Colorado Rockies,2026-09-15T20:49:23Z,3,0,0,0.4434,0.5067,0.4762,0.3573,,St. Louis Cardinals,7,10,Colorado Rockies,1,0
401816824,2026-09-05,Athletics,Seattle Mariners,2026-09-15T20:49:23Z,3,0,0,0.5893,0.5643,0.6038,0.6299,,Seattle Mariners,6,2,Athletics,1,0
401816825,2026-09-05,New York Yankees,San Diego Padres,2026-09-15T20:49:23Z,3,0,0,0.535,0.5532,0.6265,0.5025,,San Diego Padres,5,1,New York Yankees,1,0
401816826,2026-09-05,Washington Nationals,Los Angeles Dodgers,2026-09-15T20:49:23Z,3,0,0,0.6402,0.5821,0.5704,0.7254,,Los Angeles Dodgers,5,6,Los Angeles Dodgers,1,1
401816827,2026-09-06,Los Angeles Angels,Pittsburgh Pirates,2026-09-15T20:49:23Z,3,0,0,0.6118,0.5807,0.5902,0.6544,,Pittsburgh Pirates,0,1,Pittsburgh Pirates,1,1
401816828,2026-09-06,Atlanta Braves,Philadelphia Phillies,2026-09-15T20:49:23Z,3,0,0,0.5244,0.5421,0.5425,0.4993,,Philadelphia Phillies,5,4,Atlanta Braves,1,0
401816829,2026-09-06,Boston Red Sox,Baltimore Orioles,2026-09-15T20:49:23Z,3,0,0,0.4616,0.4909,0.4126,0.4441,,Boston Red Sox,3,1,Boston Red Sox,1,1
401816830,2026-09-06,Chicago Cubs,Miami Marlins,2026-09-15T20:49:23Z,3,0,0,0.4862,0.4986,0.5063,0.4958,,Chicago Cubs,3,10,Miami Marlins,1,0
401816831,2026-09-06,Detroit Tigers,Cleveland Guardians,2026-09-15T20:49:23Z,3,0,0,0.556,0.5404,0.4187,0.5933,,Cleveland Guardians,2,3,Cleveland Guardians,1,1
401816832,2026-09-06,Milwaukee Brewers,Cincinnati Reds,2026-09-15T20:49:23Z,3,0,0,0.4551,0.51,0.5052,0.3811,,Milwaukee Brewers,8,12,Cincinnati Reds,1,0
401816833,2026-09-06,San Francisco Giants,New York Mets,2026-09-15T20:49:23Z,3,0,0,0.5996,0.5906,0.6207,0.5972,,New York Mets,2,4,New York Mets,1,1
401816834,2026-09-06,Arizona Diamondbacks,Houston Astros,2026-09-15T20:49:23Z,3,0,0,0.5231,0.5422,0.4997,0.4954,,Houston Astros,3,2,Arizona Diamondbacks,1,0
401816835,2026-09-06,Minnesota Twins,Chicago White Sox,2026-09-15T20:49:23Z,3,0,0,0.5774,0.5649,0.6287,0.5954,,Chicago White Sox,1,10,Chicago White Sox,1,1
401816836,2026-09-06,Tampa Bay Rays,Texas Rangers,2026-09-15T20:49:23Z,3,0,0,0.4461,0.4868,0.4348,0.4101,,Tampa Bay Rays,6,8,Texas Rangers,1,0
401816837,2026-09-06,Toronto Blue Jays,Kansas City Royals,2026-09-15T20:49:23Z,3,0,0,0.4916,0.5237,0.6019,0.4504,,Toronto Blue Jays,1,6,Kansas City Royals,1,0
401816838,2026-09-06,St. Louis Cardinals,Colorado Rockies,2026-09-15T20:49:23Z,3,0,0,0.4501,0.5146,0.4673,0.3573,,St. Louis Cardinals,10,8,St. Louis Cardinals,1,1
401816839,2026-09-06,Athletics,Seattle Mariners,2026-09-15T20:49:23Z,3,0,0,0.5818,0.5553,0.6134,0.6299,,Seattle Mariners,0,2,Seattle Mariners,1,1
401816840,2026-09-06,New York Yankees,San Diego Padres,2026-09-15T20:49:23Z,3,0,0,0.5275,0.5444,0.6348,0.5025,,San Diego Padres,3,4,San Diego Padres,1,1
401816841,2026-09-06,Washington Nationals,Los Angeles Dodgers,2026-09-15T20:49:23Z,3,0,0,0.6455,0.5886,0.5691,0.7254,,Los Angeles Dodgers,5,7,Los Angeles Dodgers,1,1
401816842,2026-09-07,Los Angeles Angels,Boston Red Sox,2026-09-15T20:49:23Z,3,0,0,0.691,0.6443,0.7158,0.7287,,Boston Red Sox,2,5,Boston Red Sox,1,1
401816843,2026-09-07,Atlanta Braves,Philadelphia Phillies,2026-09-15T20:49:23Z,3,0,0,0.517,0.5334,0.5488,0.4993,,Philadelphia Phillies,0,1,Philadelphia Phillies,1,1
401816844,2026-09-07,Cleveland Guardians,Baltimore Orioles,2026-09-15T20:49:23Z,3,0,0,0.5265,0.5488,0.5202,0.4891,,Baltimore Orioles,4,6,Baltimore Orioles,1,1
401816845,2026-09-07,Minnesota Twins,Detroit Tigers,2026-09-15T20:49:23Z,3,0,0,0.548,0.5459,0.6335,0.5577,,Detroit Tigers,4,5,Detroit Tigers,1,1
401816846,2026-09-07,New York Mets,Miami Marlins,2026-09-15T20:49:23Z,3,0,0,0.5212,0.5095,0.4806,0.569,,Miami Marlins,9,4,New York Mets,1,0
401816847,2026-09-07,Arizona Diamondbacks,Kansas City Royals,2026-09-15T20:49:23Z,3,0,0,0.4923,0.5338,0.4982,0.4282,,Arizona Diamondbacks,5,4,Arizona Diamondbacks,1,1
401816848,2026-09-07,Chicago Cubs,Milwaukee Brewers,2026-09-15T20:49:23Z,3,0,0,0.5838,0.5572,0.5555,0.631,,Milwaukee Brewers,3,4,Milwaukee Brewers,1,1
401816849,2026-09-07,Cincinnati Reds,Los Angeles Dodgers,2026-09-15T20:49:23Z,3,0,0,0.6012,0.5547,0.5558,0.683,,Los Angeles Dodgers,3,6,Los Angeles Dodgers,1,1
401816850,2026-09-07,St. Louis Cardinals,San Francisco Giants,2026-09-15T20:49:23Z,3,0,0,0.4776,0.5111,0.5162,0.4411,,St. Louis Cardinals,4,5,San Francisco Giants,1,0
401816851,2026-09-07,Toronto Blue Jays,Athletics,2026-09-15T20:49:23Z,3,0,0,0.4265,0.4685,0.4274,0.3979,,Toronto Blue Jays,5,6,Athletics,1,0
401816852,2026-09-07,Washington Nationals,San Diego Padres,2026-09-15T20:49:23Z,3,0,0,0.64,0.6013,0.6683,0.6848,,San Diego Padres,2,3,San Diego Padres,1,1
401816853,2026-09-08,Los Angeles Angels,Boston Red Sox,2026-09-15T20:49:23Z,3,0,0,0.6951,0.6495,0.7034,0.7287,,Boston Red Sox,6,1,Los Angeles Angels,1,0
401816854,2026-09-08,Cleveland Guardians,Baltimore Orioles,2026-09-15T20:49:23Z,3,0,0,0.5327,0.556,0.5148,0.4891,,Baltimore Orioles,9,5,Cleveland Guardians,1,0
401816855,2026-09-08,Colorado Rockies,New York Yankees,2026-09-15T20:49:23Z,3,0,0,0.6862,0.6029,0.59,0.7944,,New York Yankees,3,5,New York Yankees,1,1
401816856,2026-09-08,Houston Astros,Philadelphia Phillies,2026-09-15T20:49:23Z,3,0,0,0.5755,0.5575,0.5168,0.6075,,Philadelphia Phillies,6,5,Houston Astros,1,0
401816857,2026-09-08,Minnesota Twins,Detroit Tigers,2026-09-15T20:49:23Z,3,0,0,0.5542,0.5531,0.6319,0.5577,,Detroit Tigers,3,2,Minnesota Twins,1,0
401816858,2026-09-08,New York Mets,Miami Marlins,2026-09-15T20:49:23Z,3,0,0,0.5143,0.5013,0.5054,0.569,,Miami Marlins,7,5,New York Mets,1,0
401816859,2026-09-08,Tampa Bay Rays,Atlanta Braves,2026-09-15T20:49:23Z,3,0,0,0.528,0.5416,0.5189,0.511,,Atlanta Braves,7,1,Tampa Bay Rays,1,0
401816860,2026-09-08,Arizona Diamondbacks,Kansas City Royals,2026-09-15T20:49:23Z,3,0,0,0.485,0.5253,0.4953,0.4282,,Arizona Diamondbacks,5,3,Arizona Diamondbacks,1,1
401816861,2026-09-08,Chicago Cubs,Milwaukee Brewers,2026-09-15T20:49:23Z,3,0,0,0.5896,0.5643,0.5599,0.631,,Milwaukee Brewers,3,4,Milwaukee Brewers,1,1
401816862,2026-09-08,Pittsburgh Pirates,Chicago White Sox,2026-09-15T20:49:23Z,3,0,0,0.5603,0.5588,0.5599,0.5613,,Chicago White Sox,9,3,Pittsburgh Pirates,1,0
401816863,2026-09-08,Cincinnati Reds,Los Angeles Dodgers,2026-09-15T20:49:23Z,3,0,0,0.607,0.5617,0.5497,0.683,,Los Angeles Dodgers,2,3,Los Angeles Dodgers,1,1
401816864,2026-09-08,St. Louis Cardinals,San Francisco Giants,2026-09-15T20:49:23Z,3,0,0,0.4843,0.519,0.5108,0.4411,,St. Louis Cardinals,1,2,San Francisco Giants,1,0
401816865,2026-09-08,Texas Rangers,Seattle Mariners,2026-09-15T20:49:23Z,3,0,0,0.5156,0.5301,0.5645,0.5033,,Seattle Mariners,10,5,Texas Rangers,1,0
401816866,2026-09-08,Toronto Blue Jays,Athletics,2026-09-15T20:49:23Z,3,0,0,0.4336,0.4771,0.4248,0.3979,,Toronto Blue Jays,4,2,Toronto Blue Jays,1,1
401816867,2026-09-08,Washington Nationals,San Diego Padres,2026-09-15T20:49:23Z,3,0,0,0.645,0.6074,0.667,0.6848,,San Diego Padres,4,5,San Diego Padres,1,1
401816868,2026-09-09,Los Angeles Angels,Boston Red Sox,2026-09-15T20:49:23Z,3,0,0,0.6876,0.6399,0.724,0.7287,,Boston Red Sox,6,4,Los Angeles Angels,1,0
401816869,2026-09-09,Cleveland Guardians,Baltimore Orioles,2026-09-15T20:49:23Z,3,0,0,0.5251,0.5471,0.5307,0.4891,,Baltimore Orioles,5,9,Baltimore Orioles,1,1
401816870,2026-09-09,Colorado Rockies,New York Yankees,2026-09-15T20:49:23Z,3,0,0,0.6909,0.609,0.5861,0.7944,,New York Yankees,1,6,New York Yankees,1,1
401816871,2026-09-09,Houston Astros,Philadelphia Phillies,2026-09-15T20:49:23Z,3,0,0,0.568,0.5486,0.5324,0.6075,,Philadelphia Phillies,7,11,Philadelphia Phillies,1,1
401816872,2026-09-09,Minnesota Twins,Detroit Tigers,2026-09-15T20:49:23Z,3,0,0,0.5467,0.5443,0.6256,0.5577,,Detroit Tigers,2,7,Detroit Tigers,1,1
401816873,2026-09-09,New York Mets,Miami Marlins,2026-09-15T20:49:23Z,3,0,0,0.5074,0.4932,0.5045,0.569,,Miami Marlins,15,14,New York Mets,1,0
401816874,2026-09-09,Tampa Bay Rays,Atlanta Braves,2026-09-15T20:49:23Z,3,0,0,0.5207,0.5329,0.5604,0.511,,Atlanta Braves,7,2,Tampa Bay Rays,1,0
401816875,2026-09-09,Arizona Diamondbacks,Kansas City Royals,2026-09-15T20:49:23Z,3,0,0,0.4779,0.5168,0.5093,0.4282,,Arizona Diamondbacks,2,5,Kansas City Royals,1,0
401816876,2026-09-09,Chicago Cubs,Milwaukee Brewers,2026-09-15T20:49:23Z,3,0,0,0.5954,0.5712,0.5685,0.631,,Milwaukee Brewers,6,8,Milwaukee Brewers,1,1
401816877,2026-09-09,Pittsburgh Pirates,Chicago White Sox,2026-09-15T20:49:23Z,3,0,0,0.5527,0.5499,0.5876,0.5613,,Chicago White Sox,4,2,Pittsburgh Pirates,1,0
401816878,2026-09-09,Cincinnati Reds,Los Angeles Dodgers,2026-09-15T20:49:23Z,3,0,0,0.6127,0.5687,0.5485,0.683,,Los Angeles Dodgers,1,14,Los Angeles Dodgers,1,1
401816879,2026-09-09,St. Louis Cardinals,San Francisco Giants,2026-09-15T20:49:23Z,3,0,0,0.4909,0.5267,0.5026,0.4411,,St. Louis Cardinals,6,7,San Francisco Giants,1,0
401816880,2026-09-09,Texas Rangers,Seattle Mariners,2026-09-15T20:49:23Z,3,0,0,0.5083,0.5216,0.583,0.5033,,Seattle Mariners,2,3,Seattle Mariners,1,1
401816881,2026-09-09,Toronto Blue Jays,Athletics,2026-09-15T20:49:23Z,3,0,0,0.4272,0.4694,0.4275,0.3979,,Toronto Blue Jays,0,2,Athletics,1,0
401816882,2026-09-09,Washington Nationals,San Diego Padres,2026-09-15T20:49:23Z,3,0,0,0.6499,0.6134,0.6664,0.6848,,San Diego Padres,2,9,San Diego Padres,1,1
401816883,2026-09-10,Colorado Rockies,New York Yankees,2026-09-15T20:49:23Z,3,0,0,0.6954,0.615,0.5676,0.7944,,New York Yankees,3,10,New York Yankees,1,1
401816884,2026-09-10,Houston Astros,Philadelphia Phillies,2026-09-15T20:49:23Z,3,0,0,0.574,0.5558,0.5203,0.6075,,Philadelphia Phillies,2,1,Houston Astros,1,0
401816885,2026-09-10,Tampa Bay Rays,Atlanta Braves,2026-09-15T20:49:23Z,3,0,0,0.5134,0.5243,0.5858,0.511,,Atlanta Braves,1,3,Atlanta Braves,1,1
401816886,2026-09-10,Pittsburgh Pirates,Chicago White Sox,2026-09-15T20:49:23Z,3,0,0,0.5453,0.5411,0.5898,0.5613,,Chicago White Sox,2,0,Pittsburgh Pirates,1,0
401816887,2026-09-10,Texas Rangers,Seattle Mariners,2026-09-15T20:49:23Z,3,0,0,0.5149,0.5292,0.5612,0.5033,,Seattle Mariners,3,4,Seattle Mariners,1,1
401816888,2026-09-11,Los Angeles Angels,Washington Nationals,2026-09-15T20:49:23Z,3,0,0,0.5573,0.5426,0.6389,0.5918,,Washington Nationals,3,4,Washington Nationals,1,1
401816889,2026-09-11,Baltimore Orioles,Toronto Blue Jays,2026-09-15T20:49:23Z,3,0,0,0.5746,0.5688,0.5234,0.5781,,Toronto Blue Jays,7,4,Baltimore Orioles,1,0
401816890,2026-09-11,Colorado Rockies,Detroit Tigers,2026-09-15T20:49:23Z,3,0,0,0.6267,0.5831,0.6096,0.6888,,Detroit Tigers,2,6,Detroit Tigers,1,1
401816891,2026-09-11,Houston Astros,Tampa Bay Rays,2026-09-15T20:49:23Z,3,0,0,0.6001,0.5606,0.5186,0.6674,,Tampa Bay Rays,1,3,Tampa Bay Rays,1,1
401816892,2026-09-11,Kansas City Royals,Boston Red Sox,2026-09-15T20:49:23Z,3,0,0,0.6157,0.5781,0.6664,0.6706,,Boston Red Sox,3,2,Kansas City Royals,1,0
401816893,2026-09-11,Los Angeles Dodgers,Miami Marlins,2026-09-15T20:49:23Z,3,0,0,0.4413,0.4832,0.5622,0.4051,,Los Angeles Dodgers,6,2,Los Angeles Dodgers,1,1
401816894,2026-09-11,New York Mets,New York Yankees,2026-09-15T20:49:23Z,3,0,0,0.5897,0.5418,0.466,0.6808,,New York Yankees,4,6,New York Yankees,1,1
401816895,2026-09-11,Philadelphia Phillies,Atlanta Braves,2026-09-15T20:49:23Z,3,0,0,0.5541,0.5457,0.5784,0.5754,,Atlanta Braves,5,6,Atlanta Braves,1,1
401816896,2026-09-11,Chicago White Sox,St. Louis Cardinals,2026-09-15T20:49:23Z,3,0,0,0.5196,0.527,0.5066,0.5224,,St. Louis Cardinals,3,7,St. Louis Cardinals,1,1
401816897,2026-09-11,Cincinnati Reds,Milwaukee Brewers,2026-09-15T20:49:23Z,3,0,0,0.6305,0.5886,0.5995,0.6869,,Milwaukee Brewers,0,20,Milwaukee Brewers,1,1
401816898,2026-09-11,Cleveland Guardians,Minnesota Twins,2026-09-15T20:49:23Z,3,0,0,0.5053,0.5355,0.5241,0.4607,,Minnesota Twins,5,2,Cleveland Guardians,1,0
401816899,2026-09-11,Pittsburgh Pirates,Chicago Cubs,2026-09-15T20:49:23Z,3,0,0,0.5548,0.5431,0.6357,0.5834,,Chicago Cubs,2,12,Chicago Cubs,1,1
401816900,2026-09-11,San Diego Padres,San Francisco Giants,2026-09-15T20:49:23Z,3,0,0,0.4238,0.4802,0.4733,0.3636,,San Diego Padres,7,5,San Diego Padres,1,1
401816901,2026-09-11,Seattle Mariners,Athletics,2026-09-15T20:49:23Z,3,0,0,0.4899,0.5249,0.4882,0.4426,,Seattle Mariners,5,6,Athletics,1,0
401816902,2026-09-11,Texas Rangers,Arizona Diamondbacks,2026-09-15T20:49:23Z,3,0,0,0.59,0.5898,0.6658,0.5713,,Arizona Diamondbacks,1,9,Arizona Diamondbacks,1,1
401816903,2026-09-12,Los Angeles Angels,Washington Nationals,2026-09-15T20:49:23Z,3,0,0,0.5635,0.5499,0.633,0.5918,,Washington Nationals,5,6,Washington Nationals,1,1
401816904,2026-09-12,Baltimore Orioles,Toronto Blue Jays,2026-09-15T20:49:23Z,3,0,0,0.567,0.5598,0.537,0.5781,,Toronto Blue Jays,3,7,Toronto Blue Jays,1,1
401816905,2026-09-12,Colorado Rockies,Detroit Tigers,2026-09-15T20:49:23Z,3,0,0,0.632,0.5897,0.5815,0.6888,,Detroit Tigers,7,11,Detroit Tigers,1,1
401816906,2026-09-12,Houston Astros,Tampa Bay Rays,2026-09-15T20:49:23Z,3,0,0,0.6058,0.5676,0.5234,0.6674,,Tampa Bay Rays,2,3,Tampa Bay Rays,1,1
401816907,2026-09-12,Kansas City Royals,Boston Red Sox,2026-09-15T20:49:23Z,3,0,0,0.6082,0.5689,0.6572,0.6706,,Boston Red Sox,1,5,Boston Red Sox,1,1
401816908,2026-09-12,Los Angeles Dodgers,Miami Marlins,2026-09-15T20:49:23Z,3,0,0,0.4348,0.4754,0.5649,0.4051,,Los Angeles Dodgers,3,4,Miami Marlins,1,0
401816909,2026-09-12,New York Mets,New York Yankees,2026-09-15T20:49:23Z,3,0,0,0.5957,0.5491,0.4853,0.6808,,New York Yankees,12,2,New York Mets,1,0
401816910,2026-09-12,Philadelphia Phillies,Atlanta Braves,2026-09-15T20:49:23Z,3,0,0,0.5603,0.553,0.5741,0.5754,,Atlanta Braves,2,12,Atlanta Braves,1,1
401816911,2026-09-12,Chicago White Sox,St. Louis Cardinals,2026-09-15T20:49:23Z,3,0,0,0.5261,0.5346,0.4767,0.5224,,St. Louis Cardinals,6,5,Chicago White Sox,1,0
401816912,2026-09-12,Cincinnati Reds,Milwaukee Brewers,2026-09-15T20:49:23Z,3,0,0,0.6357,0.595,0.4844,0.6869,,Milwaukee Brewers,9,13,Milwaukee Brewers,1,1
401816913,2026-09-12,Cleveland Guardians,Minnesota Twins,2026-09-15T20:49:23Z,3,0,0,0.4979,0.5269,0.5346,0.4607,,Cleveland Guardians,3,4,Minnesota Twins,1,0
401816914,2026-09-12,Pittsburgh Pirates,Chicago Cubs,2026-09-15T20:49:23Z,3,0,0,0.5609,0.5504,0.5601,0.5834,,Chicago Cubs,3,4,Chicago Cubs,1,1
401816915,2026-09-12,San Diego Padres,San Francisco Giants,2026-09-15T20:49:23Z,3,0,0,0.4174,0.4725,0.4723,0.3636,,San Diego Padres,7,6,San Diego Padres,1,1
401816916,2026-09-12,Seattle Mariners,Athletics,2026-09-15T20:49:23Z,3,0,0,0.4964,0.5326,0.4787,0.4426,,Seattle Mariners,19,1,Seattle Mariners,1,1
401816917,2026-09-12,Texas Rangers,Arizona Diamondbacks,2026-09-15T20:49:23Z,3,0,0,0.5954,0.5962,0.6064,0.5713,,Arizona Diamondbacks,6,2,Texas Rangers,1,0
401816918,2026-09-13,Los Angeles Angels,Washington Nationals,2026-09-15T20:49:23Z,3,0,0,0.5695,0.5571,0.6152,0.5918,,Washington Nationals,5,6,Washington Nationals,1,1
401816919,2026-09-13,Baltimore Orioles,Toronto Blue Jays,2026-09-15T20:49:23Z,3,0,0,0.5728,0.5668,0.5216,0.5781,,Toronto Blue Jays,1,8,Toronto Blue Jays,1,1
401816920,2026-09-13,Colorado Rockies,Detroit Tigers,2026-09-15T20:49:23Z,3,0,0,0.6372,0.596,0.5657,0.6888,,Detroit Tigers,1,8,Detroit Tigers,1,1
401816921,2026-09-13,Houston Astros,Tampa Bay Rays,2026-09-15T20:49:23Z,3,0,0,0.6114,0.5744,0.5199,0.6674,,Tampa Bay Rays,4,14,Tampa Bay Rays,1,1
401816922,2026-09-13,Kansas City Royals,Boston Red Sox,2026-09-15T20:49:23Z,3,0,0,0.6138,0.5757,0.6362,0.6706,,Boston Red Sox,1,4,Boston Red Sox,1,1
401816923,2026-09-13,Los Angeles Dodgers,Miami Marlins,2026-09-15T20:49:23Z,3,0,0,0.4419,0.4839,0.555,0.4051,,Los Angeles Dodgers,4,6,Miami Marlins,1,0
401816924,2026-09-13,New York Mets,New York Yankees,2026-09-15T20:49:23Z,3,0,0,0.5885,0.5403,0.5436,0.6808,,New York Yankees,0,2,New York Yankees,1,1
401816925,2026-09-13,Philadelphia Phillies,Atlanta Braves,2026-09-15T20:49:23Z,3,0,0,0.5663,0.5601,0.5156,0.5754,,Atlanta Braves,9,4,Philadelphia Phillies,1,0
401816926,2026-09-13,Chicago White Sox,St. Louis Cardinals,2026-09-15T20:49:23Z,3,0,0,0.5188,0.526,0.4765,0.5224,,St. Louis Cardinals,1,3,St. Louis Cardinals,1,1
401816927,2026-09-13,Cincinnati Reds,Milwaukee Brewers,2026-09-15T20:49:23Z,3,0,0,0.6408,0.6013,0.4838,0.6869,,Milwaukee Brewers,4,3,Cincinnati Reds,1,0
401816928,2026-09-13,Cleveland Guardians,Minnesota Twins,2026-09-15T20:49:23Z,3,0,0,0.5044,0.5345,0.5324,0.4607,,Minnesota Twins,9,2,Cleveland Guardians,1,0
401816929,2026-09-13,Pittsburgh Pirates,Chicago Cubs,2026-09-15T20:49:23Z,3,0,0,0.567,0.5576,0.5632,0.5834,,Chicago Cubs,4,3,Pittsburgh Pirates,1,0
401816930,2026-09-13,San Diego Padres,San Francisco Giants,2026-09-15T20:49:23Z,3,0,0,0.4111,0.4649,0.4677,0.3636,,San Diego Padres,6,4,San Diego Padres,1,1
401816931,2026-09-13,Seattle Mariners,Athletics,2026-09-15T20:49:23Z,3,0,0,0.4891,0.524,0.5882,0.4426,,Seattle Mariners,7,8,Athletics,1,0
401816932,2026-09-13,Texas Rangers,Arizona Diamondbacks,2026-09-15T20:49:23Z,3,0,0,0.5875,0.5869,0.6238,0.5713,,Arizona Diamondbacks,7,6,Texas Rangers,1,0
401816933,2026-09-14,Baltimore Orioles,New York Mets,2026-09-15T20:49:23Z,3,0,0,0.5564,0.5724,0.5097,0.5169,,New York Mets,2,1,Baltimore Orioles,1,0
401816934,2026-09-14,Chicago White Sox,Cleveland Guardians,2026-09-15T20:49:23Z,3,0,0,0.5424,0.5402,0.4598,0.5555,,Cleveland Guardians,7,3,Chicago White Sox,1,0
401816935,2026-09-14,Detroit Tigers,Toronto Blue Jays,2026-09-15T20:49:23Z,3,0,0,0.5798,0.5717,0.5274,0.5861,,Toronto Blue Jays,6,5,Detroit Tigers,1,0
401816936,2026-09-14,Los Angeles Dodgers,Cincinnati Reds,2026-09-15T20:49:23Z,3,0,0,0.4592,0.513,0.6264,0.3854,,Los Angeles Dodgers,4,1,Los Angeles Dodgers,1,1
401816937,2026-09-14,Atlanta Braves,Chicago Cubs,2026-09-15T20:49:23Z,3,0,0,0.4942,0.5231,0.5458,0.4593,,Atlanta Braves,3,7,Chicago Cubs,1,0
401816938,2026-09-14,New York Yankees,Minnesota Twins,2026-09-15T20:49:23Z,3,0,0,0.4359,0.4875,0.5149,0.3804,,New York Yankees,8,3,New York Yankees,1,1
401816939,2026-09-14,San Francisco Giants,St. Louis Cardinals,2026-09-15T20:49:23Z,3,0,0,0.5914,0.5663,0.5682,0.6312,,St. Louis Cardinals,1,2,St. Louis Cardinals,1,1
401816940,2026-09-14,San Diego Padres,Colorado Rockies,2026-09-15T20:49:23Z,3,0,0,0.3566,0.4334,0.4758,0.2869,,San Diego Padres,8,7,San Diego Padres,1,1
401816941,2026-09-14,Miami Marlins,Arizona Diamondbacks,2026-09-15T20:49:23Z,3,0,0,0.598,0.592,0.6088,0.5892,,Arizona Diamondbacks,7,8,Arizona Diamondbacks,1,1
401816942,2026-09-14,Seattle Mariners,Los Angeles Angels,2026-09-15T20:49:23Z,3,0,0,0.4771,0.5163,0.5673,0.4274,,Seattle Mariners,4,6,Los Angeles Angels,1,0
401816943,2026-09-15,Athletics,Tampa Bay Rays,2026-09-15T20:49:23Z,3,1,0,0.693,0.6282,0.5944,0.7655,,Tampa Bay Rays,,,,0,
401816944,2026-09-15,Baltimore Orioles,New York Mets,2026-09-15T20:49:23Z,3,1,0,0.5486,0.5633,0.518,0.5169,,New York Mets,,,,0,
401816945,2026-09-15,Chicago White Sox,Cleveland Guardians,2026-09-15T20:49:23Z,3,1,0,0.5351,0.5315,0.4827,0.5555,,Cleveland Guardians,,,,0,
401816946,2026-09-15,Detroit Tigers,Toronto Blue Jays,2026-09-15T20:49:23Z,3,1,0,0.5722,0.5626,0.5272,0.5861,,Toronto Blue Jays,,,,0,
401816947,2026-09-15,Los Angeles Dodgers,Cincinnati Reds,2026-09-15T20:49:23Z,3,1,0,0.4523,0.5048,0.6212,0.3854,,Los Angeles Dodgers,,,,0,
401816948,2026-09-15,Milwaukee Brewers,Pittsburgh Pirates,2026-09-15T20:49:23Z,3,1,0,0.4548,0.5032,0.5409,0.3961,,Milwaukee Brewers,,,,0,
401816949,2026-09-15,Philadelphia Phillies,Washington Nationals,2026-09-15T20:49:23Z,3,1,0,0.4386,0.4881,0.4917,0.3863,,Philadelphia Phillies,,,,0,
401816950,2026-09-15,Atlanta Braves,Chicago Cubs,2026-09-15T20:49:23Z,3,1,0,0.5007,0.5307,0.5371,0.4593,,Chicago Cubs,,,,0,
401816951,2026-09-15,Boston Red Sox,Texas Rangers,2026-09-15T20:49:23Z,3,1,0,0.4649,0.4826,0.4198,0.4733,,Boston Red Sox,,,,0,
401816952,2026-09-15,Kansas City Royals,Houston Astros,2026-09-15T20:49:23Z,3,1,0,0.5632,0.5445,0.5744,0.6039,,Houston Astros,,,,0,
401816953,2026-09-15,New York Yankees,Minnesota Twins,2026-09-15T20:49:23Z,3,1,0,0.4294,0.4796,0.5286,0.3804,,New York Yankees,,,,0,
401816954,2026-09-15,San Francisco Giants,St. Louis Cardinals,2026-09-15T20:49:23Z,3,1,0,0.5971,0.5732,0.564,0.6312,,St. Louis Cardinals,,,,0,
401816955,2026-09-15,San Diego Padres,Colorado Rockies,2026-09-16T00:32:33Z,3,1,0,0.3341,0.4266,0.4598,0.2446,-0.2112,San Diego Padres,,,,0,
401816956,2026-09-15,Miami Marlins,Arizona Diamondbacks,2026-09-16T00:32:33Z,3,1,0,0.6157,0.5983,0.6049,0.6244,0.1212,Arizona Diamondbacks,,,,0,
401816957,2026-09-15,Seattle Mariners,Los Angeles Angels,2026-09-16T00:32:33Z,3,1,0,0.4687,0.524,0.569,0.3861,-0.168,Seattle Mariners,,,,0,
401816958,2026-09-16,Athletics,Tampa Bay Rays,2026-09-16T00:32:33Z,3,1,0,0.7027,0.6282,0.5944,0.7882,0.1128,Tampa Bay Rays,,,,0,
401816959,2026-09-16,Baltimore Orioles,New York Mets,2026-09-16T00:32:33Z,3,1,0,0.5388,0.5633,0.518,0.4886,-0.126,New York Mets,,,,0,
401816960,2026-09-16,Chicago White Sox,Cleveland Guardians,2026-09-16T00:32:33Z,3,1,0,0.5378,0.5315,0.4827,0.5632,,Cleveland Guardians,,,,0,
401816961,2026-09-16,Detroit Tigers,Toronto Blue Jays,2026-09-16T00:32:33Z,3,1,0,0.547,0.5626,0.5272,0.514,-0.3396,Toronto Blue Jays,,,,0,
401816962,2026-09-16,Los Angeles Dodgers,Cincinnati Reds,2026-09-16T00:32:33Z,3,1,0,0.4267,0.5048,0.6212,0.3179,-0.3444,Los Angeles Dodgers,,,,0,
401816963,2026-09-16,Milwaukee Brewers,Pittsburgh Pirates,2026-09-16T00:32:33Z,3,1,0,0.4383,0.5032,0.5409,0.3515,-0.2112,Milwaukee Brewers,,,,0,
401816964,2026-09-16,Philadelphia Phillies,Washington Nationals,2026-09-16T00:32:33Z,3,1,0,0.4378,0.4881,0.4917,0.384,0.0024,Philadelphia Phillies,,,,0,
401816965,2026-09-16,Atlanta Braves,Chicago Cubs,2026-09-16T00:32:33Z,3,1,0,0.5067,0.5307,0.5371,0.4764,0.0744,Chicago Cubs,,,,0,
401816966,2026-09-16,Boston Red Sox,Texas Rangers,2026-09-16T00:32:33Z,3,1,0,0.4578,0.4826,0.4198,0.4531,-0.1116,Boston Red Sox,,,,0,
401816967,2026-09-16,Kansas City Royals,Houston Astros,2026-09-16T00:32:33Z,3,1,0,0.5445,0.5445,0.5744,0.551,-0.2376,Houston Astros,,,,0,
401816968,2026-09-16,New York Yankees,Minnesota Twins,2026-09-16T00:32:33Z,3,1,0,0.4104,0.4796,0.5286,0.3294,-0.2448,New York Yankees,,,,0,
401816969,2026-09-16,San Francisco Giants,St. Louis Cardinals,2026-09-16T00:32:33Z,3,1,0,0.5989,0.5732,0.564,0.636,,St. Louis Cardinals,,,,0,
401816970,2026-09-16,San Diego Padres,Colorado Rockies,2026-09-16T00:32:33Z,3,1,0,0.3507,0.4266,0.4598,0.2857,,San Diego Padres,,,,0,
401816971,2026-09-16,Miami Marlins,Arizona Diamondbacks,2026-09-16T00:32:33Z,3,1,0,0.5973,0.5983,0.6049,0.5714,-0.0996,Arizona Diamondbacks,,,,0,
401816972,2026-09-16,Seattle Mariners,Los Angeles Angels,2026-09-16T00:32:33Z,3,1,0,0.4782,0.524,0.569,0.412,-0.06,Seattle Mariners,,,,0,
401816973,2026-09-17,Athletics,Tampa Bay Rays,2026-09-16T00:32:33Z,3,1,0,0.7197,0.6282,0.5944,0.8251,0.35,Tampa Bay Rays,,,,0,
401816974,2026-09-17,Los Angeles Dodgers,Cincinnati Reds,2026-09-16T00:32:33Z,3,1,0,0.4564,0.5048,0.6212,0.3968,,Los Angeles Dodgers,,,,0,
401816975,2026-09-17,Milwaukee Brewers,Pittsburgh Pirates,2026-09-16T00:32:33Z,3,1,0,0.4566,0.5032,0.5409,0.401,,Milwaukee Brewers,,,,0,
401816976,2026-09-17,Philadelphia Phillies,New York Mets,2026-09-16T00:32:33Z,3,1,0,0.5126,0.5406,0.4684,0.4691,0.174,New York Mets,,,,0,
401816977,2026-09-17,Boston Red Sox,Texas Rangers,2026-09-16T00:32:33Z,3,1,0,0.4675,0.4826,0.4198,0.4809,,Boston Red Sox,,,,0,
401816978,2026-09-17,Detroit Tigers,Chicago White Sox,2026-09-16T00:32:33Z,3,1,0,0.5517,0.5397,0.5399,0.5829,,Chicago White Sox,,,,0,
401816979,2026-09-17,Kansas City Royals,Houston Astros,2026-09-16T00:32:33Z,3,1,0,0.565,0.5445,0.5744,0.6088,,Houston Astros,,,,0,
401816980,2026-09-17,San Diego Padres,Colorado Rockies,2026-09-16T00:32:33Z,3,1,0,0.327,0.4266,0.4598,0.2282,-0.3024,San Diego Padres,,,,0,
401816981,2026-09-17,Minnesota Twins,Los Angeles Angels,2026-09-16T00:32:33Z,3,1,0,0.5016,0.5235,0.47,0.4793,0.1116,Los Angeles Angels,,,,0,
401816982,2026-09-18,Athletics,Cleveland Guardians,2026-09-16T00:32:33Z,3,1,0,0.6112,0.5677,0.5391,0.6813,,Cleveland Guardians,,,,0,
401816983,2026-09-18,Boston Red Sox,Tampa Bay Rays,2026-09-16T00:32:33Z,3,1,0,0.5539,0.5431,0.4524,0.5809,-0.1128,Tampa Bay Rays,,,,0,
401816984,2026-09-18,Chicago Cubs,Cincinnati Reds,2026-09-16T00:32:33Z,3,1,0,0.5026,0.5196,0.5701,0.4917,0.006,Cincinnati Reds,,,,0,
401816985,2026-09-18,Kansas City Royals,Pittsburgh Pirates,2026-09-16T00:32:33Z,3,1,0,0.5423,0.5385,0.5226,0.5591,-0.126,Pittsburgh Pirates,,,,0,
401816986,2026-09-18,Milwaukee Brewers,Baltimore Orioles,2026-09-16T00:32:33Z,3,1,0,0.4508,0.4978,0.5154,0.3975,,Milwaukee Brewers,,,,0,
401816987,2026-09-18,Philadelphia Phillies,New York Mets,2026-09-16T00:32:33Z,3,1,0,0.4974,0.5406,0.4684,0.4261,,Philadelphia Phillies,,,,0,
401816988,2026-09-18,Atlanta Braves,Houston Astros,2026-09-16T00:32:33Z,3,1,0,0.473,0.5272,0.5732,0.3902,-0.1836,Atlanta Braves,,,,0,
401816989,2026-09-18,Detroit Tigers,Chicago White Sox,2026-09-16T00:32:33Z,3,1,0,0.5517,0.5397,0.5399,0.5829,,Chicago White Sox,,,,0,
401816990,2026-09-18,Toronto Blue Jays,Texas Rangers,2026-09-16T00:32:33Z,3,1,0,0.5086,0.5108,0.5452,0.5299,,Texas Rangers,,,,0,
401816991,2026-09-18,Washington Nationals,St. Louis Cardinals,2026-09-16T00:32:33Z,3,1,0,0.5848,0.5631,0.529,0.6203,0.0024,St. Louis Cardinals,,,,0,
401816992,2026-09-18,Seattle Mariners,Colorado Rockies,2026-09-16T00:32:33Z,3,1,0,0.4245,0.5068,0.6137,0.3082,-0.2988,Seattle Mariners,,,,0,
401816993,2026-09-18,Miami Marlins,San Diego Padres,2026-09-16T00:32:33Z,3,1,0,0.6341,0.6199,0.6464,0.6257,-0.006,San Diego Padres,,,,0,
401816994,2026-09-18,Minnesota Twins,Los Angeles Angels,2026-09-16T00:32:33Z,3,1,0,0.4828,0.5235,0.47,0.4261,-0.1032,Minnesota Twins,,,,0,
401816995,2026-09-18,New York Yankees,Arizona Diamondbacks,2026-09-16T00:32:33Z,3,1,0,0.4858,0.5372,0.5538,0.4021,-0.306,New York Yankees,,,,0,
401816996,2026-09-18,San Francisco Giants,Los Angeles Dodgers,2026-09-16T00:32:33Z,3,1,0,0.6726,0.6133,0.5913,0.744,,Los Angeles Dodgers,,,,0,
401816997,2026-09-19,Athletics,Cleveland Guardians,2026-09-16T00:32:33Z,3,1,0,0.6197,0.5677,0.5391,0.7033,0.1032,Cleveland Guardians,,,,0,
401816998,2026-09-19,Boston Red Sox,Tampa Bay Rays,2026-09-16T00:32:33Z,3,1,0,0.5465,0.5431,0.4524,0.56,-0.198,Tampa Bay Rays,,,,0,
401816999,2026-09-19,Chicago Cubs,Cincinnati Reds,2026-09-16T00:32:33Z,3,1,0,0.492,0.5196,0.5701,0.4615,-0.1152,Chicago Cubs,,,,0,
401817000,2026-09-19,Kansas City Royals,Pittsburgh Pirates,2026-09-16T00:32:33Z,3,1,0,0.5487,0.5385,0.5226,0.5771,-0.0528,Pittsburgh Pirates,,,,0,
401817001,2026-09-19,Milwaukee Brewers,Baltimore Orioles,2026-09-16T00:32:33Z,3,1,0,0.4508,0.4978,0.5154,0.3975,,Milwaukee Brewers,,,,0,
401817002,2026-09-19,Philadelphia Phillies,New York Mets,2026-09-16T00:32:33Z,3,1,0,0.516,0.5406,0.4684,0.479,0.2136,New York Mets,,,,0,
401817003,2026-09-19,Atlanta Braves,Houston Astros,2026-09-16T00:32:33Z,3,1,0,0.4912,0.5272,0.5732,0.4409,0.0252,Atlanta Braves,,,,0,
401817004,2026-09-19,Detroit Tigers,Chicago White Sox,2026-09-16T00:32:33Z,3,1,0,0.5517,0.5397,0.5399,0.5829,,Chicago White Sox,,,,0,
401817005,2026-09-19,Toronto Blue Jays,Texas Rangers,2026-09-16T00:32:33Z,3,1,0,0.5031,0.5108,0.5452,0.5143,-0.0624,Texas Rangers,,,,0,
401817006,2026-09-19,Washington Nationals,St. Louis Cardinals,2026-09-16T00:32:33Z,3,1,0,0.6016,0.5631,0.529,0.6659,0.2016,St. Louis Cardinals,,,,0,
401817007,2026-09-19,Seattle Mariners,Colorado Rockies,2026-09-16T00:32:33Z,3,1,0,0.4368,0.5068,0.6137,0.3394,-0.156,Seattle Mariners,,,,0,
401817008,2026-09-19,Miami Marlins,San Diego Padres,2026-09-16T00:32:33Z,3,1,0,0.6375,0.6199,0.6464,0.6355,0.036,San Diego Padres,,,,0,
401817009,2026-09-19,Minnesota Twins,Los Angeles Angels,2026-09-16T00:32:33Z,3,1,0,0.4969,0.5235,0.47,0.4658,0.0576,Minnesota Twins,,,,0,
401817010,2026-09-19,New York Yankees,Arizona Diamondbacks,2026-09-16T00:32:33Z,3,1,0,0.4934,0.5372,0.5538,0.4233,-0.2184,New York Yankees,,,,0,
401817011,2026-09-19,San Francisco Giants,Los Angeles Dodgers,2026-09-16T00:32:33Z,3,1,0,0.6775,0.6133,0.5913,0.7559,0.0636,Los Angeles Dodgers,,,,0,
401817012,2026-09-20,Athletics,Cleveland Guardians,2026-09-16T00:32:33Z,3,1,0,0.6383,0.5677,0.5391,0.7483,0.33,Cleveland Guardians,,,,0,
401817013,2026-09-20,Boston Red Sox,Tampa Bay Rays,2026-09-16T00:32:33Z,3,1,0,0.5697,0.5431,0.4524,0.6248,0.0708,Tampa Bay Rays,,,,0,
401817014,2026-09-20,Chicago Cubs,Cincinnati Reds,2026-09-16T00:32:33Z,3,1,0,0.4948,0.5196,0.5701,0.4692,-0.084,Chicago Cubs,,,,0,
401817015,2026-09-20,Kansas City Royals,Pittsburgh Pirates,2026-09-16T00:32:33Z,3,1,0,0.5504,0.5385,0.5226,0.582,-0.0324,Pittsburgh Pirates,,,,0,
401817016,2026-09-20,Milwaukee Brewers,Baltimore Orioles,2026-09-16T00:32:33Z,3,1,0,0.4576,0.4978,0.5154,0.4163,0.078,Milwaukee Brewers,,,,0,
401817017,2026-09-20,Philadelphia Phillies,New York Mets,2026-09-16T00:32:33Z,3,1,0,0.4974,0.5406,0.4684,0.4261,,Philadelphia Phillies,,,,0,
401817018,2026-09-20,Atlanta Braves,Houston Astros,2026-09-16T00:32:33Z,3,1,0,0.4887,0.5272,0.5732,0.4338,-0.0036,Atlanta Braves,,,,0,
401817019,2026-09-20,Detroit Tigers,Chicago White Sox,2026-09-16T00:32:33Z,3,1,0,0.5491,0.5397,0.5399,0.5756,-0.03,Chicago White Sox,,,,0,
401817020,2026-09-20,Toronto Blue Jays,Texas Rangers,2026-09-16T00:32:33Z,3,1,0,0.506,0.5108,0.5452,0.5227,-0.0288,Texas Rangers,,,,0,
401817021,2026-09-20,Washington Nationals,St. Louis Cardinals,2026-09-16T00:32:33Z,3,1,0,0.614,0.5631,0.529,0.6981,0.35,St. Louis Cardinals,,,,0,
401817022,2026-09-20,Seattle Mariners,Colorado Rockies,2026-09-16T00:32:33Z,3,1,0,0.4395,0.5068,0.6137,0.3464,-0.1248,Seattle Mariners,,,,0,
401817023,2026-09-20,Miami Marlins,San Diego Padres,2026-09-16T00:32:33Z,3,1,0,0.6273,0.6199,0.6464,0.6058,-0.09,San Diego Padres,,,,0,
401817024,2026-09-20,Minnesota Twins,Los Angeles Angels,2026-09-16T00:32:33Z,3,1,0,0.4942,0.5235,0.47,0.4583,0.0276,Minnesota Twins,,,,0,
401817025,2026-09-20,New York Yankees,Arizona Diamondbacks,2026-09-16T00:32:33Z,3,1,0,0.5259,0.5372,0.5538,0.5154,0.1524,Arizona Diamondbacks,,,,0,
401817026,2026-09-20,San Francisco Giants,Los Angeles Dodgers,2026-09-16T00:32:33Z,3,1,0,0.6846,0.6133,0.5913,0.7728,0.1572,Los Angeles Dodgers,,,,0,
401817027,2026-09-21,Toronto Blue Jays,Baltimore Orioles,2026-09-16T00:32:33Z,3,1,0,0.4977,0.5214,0.5431,0.4732,-0.0996,Toronto Blue Jays,,,,0,
401817028,2026-09-21,Washington Nationals,Detroit Tigers,2026-09-16T00:32:33Z,3,1,0,0.5863,0.5766,0.5466,0.5926,,Detroit Tigers,,,,0,
401817029,2026-09-21,Minnesota Twins,San Francisco Giants,2026-09-16T00:32:33Z,3,1,0,0.5047,0.5307,0.5191,0.4709,-0.0648,San Francisco Giants,,,,0,
401817030,2026-09-22,Cincinnati Reds,Atlanta Braves,2026-09-16T00:32:33Z,3,1,0,0.6181,0.5784,0.556,0.6761,0.0288,Atlanta Braves,,,,0,
401817031,2026-09-22,Cleveland Guardians,Boston Red Sox,2026-09-16T00:32:33Z,3,1,0,0.6062,0.6046,0.6553,0.5819,-0.0048,Boston Red Sox,,,,0,
401817032,2026-09-22,Milwaukee Brewers,Philadelphia Phillies,2026-09-16T00:32:33Z,3,1,0,0.4907,0.5207,0.5986,0.455,-0.1428,Milwaukee Brewers,,,,0,
401817033,2026-09-22,St. Louis Cardinals,Pittsburgh Pirates,2026-09-16T00:32:33Z,3,1,0,0.5439,0.5601,0.5796,0.5111,-0.078,Pittsburgh Pirates,,,,0,
401817035,2026-09-22,Toronto Blue Jays,Baltimore Orioles,2026-09-16T00:32:33Z,3,1,0,0.5221,0.5214,0.5431,0.543,0.18,Baltimore Orioles,,,,0,
401817036,2026-09-22,Washington Nationals,Detroit Tigers,2026-09-16T00:32:33Z,3,1,0,0.5772,0.5766,0.5466,0.5666,-0.1068,Detroit Tigers,,,,0,
401817037,2026-09-22,Chicago White Sox,Kansas City Royals,2026-09-16T00:32:33Z,3,1,0,0.5238,0.5544,0.5766,0.4677,,Kansas City Royals,,,,0,
401817038,2026-09-22,Miami Marlins,Chicago Cubs,2026-09-16T00:32:33Z,3,1,0,0.5884,0.5859,0.5999,0.5762,-0.0072,Chicago Cubs,,,,0,
401817039,2026-09-22,New York Mets,Texas Rangers,2026-09-16T00:32:33Z,3,1,0,0.5341,0.5121,0.5115,0.5987,0.0204,Texas Rangers,,,,0,
401817040,2026-09-22,Arizona Diamondbacks,Colorado Rockies,2026-09-16T00:32:33Z,3,1,0,0.3792,0.4488,0.4541,0.3135,,Arizona Diamondbacks,,,,0,
401817041,2026-09-22,Los Angeles Angels,Athletics,2026-09-16T00:32:33Z,3,1,0,0.5661,0.5545,0.5588,0.5883,0.1068,Athletics,,,,0,
401817042,2026-09-22,Houston Astros,Seattle Mariners,2026-09-16T00:32:33Z,3,1,0,0.514,0.5014,0.3529,0.5678,0.2136,Seattle Mariners,,,,0,
401817043,2026-09-22,Minnesota Twins,San Francisco Giants,2026-09-16T00:32:33Z,3,1,0,0.5104,0.5307,0.5191,0.4871,,San Francisco Giants,,,,0,
401817044,2026-09-22,San Diego Padres,Los Angeles Dodgers,2026-09-16T00:32:33Z,3,1,0,0.5476,0.5225,0.4852,0.6118,0.114,Los Angeles Dodgers,,,,0,
401873648,2026-09-22,Tampa Bay Rays,New York Yankees,2026-09-16T00:32:33Z,3,1,0,0.5153,0.5269,0.5072,0.5103,,New York Yankees,,,,0,
401817045,2026-09-23,Cincinnati Reds,Atlanta Braves,2026-09-16T00:32:33Z,3,1,0,0.6383,0.5784,0.556,0.7278,0.276,Atlanta Braves,,,,0,
401817046,2026-09-23,Cleveland Guardians,Boston Red Sox,2026-09-16T00:32:33Z,3,1,0,0.6041,0.6046,0.6553,0.5758,-0.03,Boston Red Sox,,,,0,
401817047,2026-09-23,Milwaukee Brewers,Philadelphia Phillies,2026-09-16T00:32:33Z,3,1,0,0.4785,0.5207,0.5986,0.4208,-0.282,Milwaukee Brewers,,,,0,
401817048,2026-09-23,St. Louis Cardinals,Pittsburgh Pirates,2026-09-16T00:32:33Z,3,1,0,0.5506,0.5601,0.5796,0.5306,,Pittsburgh Pirates,,,,0,
401817049,2026-09-23,Tampa Bay Rays,New York Yankees,2026-09-16T00:32:33Z,3,1,0,0.5216,0.5269,0.5072,0.5283,0.072,New York Yankees,,,,0,
401817050,2026-09-23,Toronto Blue Jays,Baltimore Orioles,2026-09-16T00:32:33Z,3,1,0,0.5064,0.5214,0.5431,0.4981,,Baltimore Orioles,,,,0,
401817051,2026-09-23,Washington Nationals,Detroit Tigers,2026-09-16T00:32:33Z,3,1,0,0.5808,0.5766,0.5466,0.5769,-0.0648,Detroit Tigers,,,,0,
401817052,2026-09-23,Chicago White Sox,Kansas City Royals,2026-09-16T00:32:33Z,3,1,0,0.5238,0.5544,0.5766,0.4677,,Kansas City Royals,,,,0,
401817053,2026-09-23,Miami Marlins,Chicago Cubs,2026-09-16T00:32:33Z,3,1,0,0.5916,0.5859,0.5999,0.5856,0.0312,Chicago Cubs,,,,0,
401817054,2026-09-23,New York Mets,Texas Rangers,2026-09-16T00:32:33Z,3,1,0,0.5323,0.5121,0.5115,0.5938,,Texas Rangers,,,,0,
401817055,2026-09-23,Arizona Diamondbacks,Colorado Rockies,2026-09-16T00:32:33Z,3,1,0,0.3595,0.4488,0.4541,0.2638,-0.2424,Arizona Diamondbacks,,,,0,
401817056,2026-09-23,Los Angeles Angels,Athletics,2026-09-16T00:32:33Z,3,1,0,0.5265,0.5545,0.5588,0.475,-0.35,Athletics,,,,0,
401817057,2026-09-23,Houston Astros,Seattle Mariners,2026-09-16T00:32:33Z,3,1,0,0.4953,0.5014,0.3529,0.5148,,Houston Astros,,,,0,
401817058,2026-09-23,Minnesota Twins,San Francisco Giants,2026-09-16T00:32:33Z,3,1,0,0.5104,0.5307,0.5191,0.4871,,San Francisco Giants,,,,0,
401817059,2026-09-23,San Diego Padres,Los Angeles Dodgers,2026-09-16T00:32:33Z,3,1,0,0.5494,0.5225,0.4852,0.6166,0.1344,Los Angeles Dodgers,,,,0,
401817060,2026-09-24,Cincinnati Reds,Atlanta Braves,2026-09-16T00:32:33Z,3,1,0,0.6157,0.5784,0.556,0.6698,,Atlanta Braves,,,,0,
401817061,2026-09-24,Cleveland Guardians,Boston Red Sox,2026-09-16T00:32:33Z,3,1,0,0.6122,0.6046,0.6417,0.5993,0.0672,Boston Red Sox,,,,0,
401817062,2026-09-24,Milwaukee Brewers,Philadelphia Phillies,2026-09-16T00:32:33Z,3,1,0,0.5032,0.5207,0.5986,0.4906,,Philadelphia Phillies,,,,0,
401817063,2026-09-24,St. Louis Cardinals,Pittsburgh Pirates,2026-09-16T00:32:33Z,3,1,0,0.5459,0.5601,0.565,0.5171,-0.054,Pittsburgh Pirates,,,,0,
401817064,2026-09-24,Tampa Bay Rays,New York Yankees,2026-09-16T00:32:33Z,3,1,0,0.5437,0.5269,0.5221,0.5909,0.3264,New York Yankees,,,,0,
401817065,2026-09-24,Chicago White Sox,Kansas City Royals,2026-09-16T00:32:33Z,3,1,0,0.5238,0.5544,0.5619,0.4677,,Kansas City Royals,,,,0,
401817066,2026-09-24,Miami Marlins,Chicago Cubs,2026-09-16T00:32:33Z,3,1,0,0.5961,0.5859,0.5999,0.5983,0.084,Chicago Cubs,,,,0,
401817067,2026-09-24,New York Mets,Texas Rangers,2026-09-16T00:32:33Z,3,1,0,0.5323,0.5121,0.4966,0.5938,,Texas Rangers,,,,0,
401817068,2026-09-24,Arizona Diamondbacks,Colorado Rockies,2026-09-16T00:32:33Z,3,1,0,0.3655,0.4488,0.4541,0.2785,-0.168,Arizona Diamondbacks,,,,0,
401817069,2026-09-24,Los Angeles Angels,Seattle Mariners,2026-09-16T00:32:33Z,3,1,0,0.6178,0.562,0.5069,0.7099,0.2664,Seattle Mariners,,,,0,
401817070,2026-09-24,Houston Astros,Athletics,2026-09-16T00:32:33Z,3,1,0,0.4559,0.4938,0.4019,0.4209,,Houston Astros,,,,0,
401817071,2026-09-24,San Diego Padres,Los Angeles Dodgers,2026-09-16T00:32:33Z,3,1,0,0.5377,0.5225,0.4852,0.5844,,Los Angeles Dodgers,,,,0,
401817072,2026-09-25,Atlanta Braves,Miami Marlins,2026-09-16T00:32:33Z,3,1,0,0.4318,0.4872,0.5034,0.3696,-0.2172,Atlanta Braves,,,,0,
401817073,2026-09-25,Baltimore Orioles,New York Yankees,2026-09-16T00:32:33Z,3,1,0,0.6153,0.5763,0.509,0.6735,0.0396,New York Yankees,,,,0,
401817074,2026-09-25,Chicago Cubs,Boston Red Sox,2026-09-16T00:32:33Z,3,1,0,0.5965,0.5776,0.6098,0.6191,0.1368,Boston Red Sox,,,,0,
401817075,2026-09-25,Cincinnati Reds,Toronto Blue Jays,2026-09-16T00:32:33Z,3,1,0,0.6096,0.573,0.4658,0.6654,0.3288,Toronto Blue Jays,,,,0,
401817076,2026-09-25,New York Mets,Washington Nationals,2026-09-16T00:32:33Z,3,1,0,0.4583,0.4906,0.5355,0.4356,-0.2484,New York Mets,,,,0,
401817077,2026-09-25,Pittsburgh Pirates,Detroit Tigers,2026-09-16T00:32:33Z,3,1,0,0.5494,0.5397,0.5252,0.5765,0.2112,Detroit Tigers,,,,0,
401817078,2026-09-25,Tampa Bay Rays,Philadelphia Phillies,2026-09-16T00:32:33Z,3,1,0,0.4777,0.5161,0.577,0.4294,-0.186,Tampa Bay Rays,,,,0,
401817079,2026-09-25,Cleveland Guardians,Kansas City Royals,2026-09-16T00:32:33Z,3,1,0,0.5294,0.5658,0.5825,0.4555,0.0384,Kansas City Royals,,,,0,
401817080,2026-09-25,Colorado Rockies,Chicago White Sox,2026-09-16T00:32:33Z,3,1,0,0.6599,0.6068,0.5754,0.7251,,Chicago White Sox,,,,0,
401817081,2026-09-25,St. Louis Cardinals,Milwaukee Brewers,2026-09-16T00:32:33Z,3,1,0,0.6261,0.599,0.5975,0.6521,-0.0624,Milwaukee Brewers,,,,0,
401817082,2026-09-25,Texas Rangers,Minnesota Twins,2026-09-16T00:32:33Z,3,1,0,0.478,0.5239,0.5986,0.4118,-0.2808,Texas Rangers,,,,0,
401817083,2026-09-25,Los Angeles Angels,Seattle Mariners,2026-09-16T00:32:33Z,3,1,0,0.5871,0.562,0.5069,0.6293,-0.0996,Seattle Mariners,,,,0,
401817084,2026-09-25,Arizona Diamondbacks,San Diego Padres,2026-09-16T00:32:33Z,3,1,0,0.5962,0.5654,0.5752,0.6463,0.3036,San Diego Padres,,,,0,
401817085,2026-09-25,Houston Astros,Athletics,2026-09-16T00:32:33Z,3,1,0,0.4422,0.4938,0.4019,0.3828,-0.1584,Houston Astros,,,,0,
401817086,2026-09-25,Los Angeles Dodgers,San Francisco Giants,2026-09-16T00:32:33Z,3,1,0,0.3933,0.4711,0.5199,0.3035,-0.0972,Los Angeles Dodgers,,,,0,
401817087,2026-09-26,Atlanta Braves,Miami Marlins,2026-09-16T00:32:33Z,3,1,0,0.4505,0.4872,0.5034,0.4215,,Atlanta Braves,,,,0,
401817088,2026-09-26,Baltimore Orioles,New York Yankees,2026-09-16T00:32:33Z,3,1,0,0.612,0.5763,0.509,0.6647,,New York Yankees,,,,0,
401817089,2026-09-26,Chicago Cubs,Boston Red Sox,2026-09-16T00:32:33Z,3,1,0,0.5849,0.5776,0.6098,0.5864,,Boston Red Sox,,,,0,
401817090,2026-09-26,Cincinnati Reds,Toronto Blue Jays,2026-09-16T00:32:33Z,3,1,0,0.5819,0.573,0.4658,0.5887,,Toronto Blue Jays,,,,0,
401817091,2026-09-26,New York Mets,Washington Nationals,2026-09-16T00:32:33Z,3,1,0,0.48,0.4906,0.5355,0.4973,,New York Mets,,,,0,
401817092,2026-09-26,Pittsburgh Pirates,Detroit Tigers,2026-09-16T00:32:33Z,3,1,0,0.5311,0.5397,0.5252,0.5243,,Detroit Tigers,,,,0,
401817093,2026-09-26,Tampa Bay Rays,Philadelphia Phillies,2026-09-16T00:32:33Z,3,1,0,0.494,0.5161,0.577,0.4754,,Tampa Bay Rays,,,,0,
401817094,2026-09-26,Cleveland Guardians,Kansas City Royals,2026-09-16T00:32:33Z,3,1,0,0.526,0.5658,0.5825,0.446,,Kansas City Royals,,,,0,
401817095,2026-09-26,Colorado Rockies,Chicago White Sox,2026-09-16T00:32:33Z,3,1,0,0.6599,0.6068,0.5754,0.7251,,Chicago White Sox,,,,0,
401817096,2026-09-26,St. Louis Cardinals,Milwaukee Brewers,2026-09-16T00:32:33Z,3,1,0,0.6312,0.599,0.5975,0.6661,,Milwaukee Brewers,,,,0,
401817097,2026-09-26,Texas Rangers,Minnesota Twins,2026-09-16T00:32:33Z,3,1,0,0.5025,0.5239,0.5986,0.4811,,Minnesota Twins,,,,0,
401817098,2026-09-26,Los Angeles Angels,Seattle Mariners,2026-09-16T00:32:33Z,3,1,0,0.5955,0.562,0.5069,0.6522,,Seattle Mariners,,,,0,
401817099,2026-09-26,Arizona Diamondbacks,San Diego Padres,2026-09-16T00:32:33Z,3,1,0,0.5703,0.5654,0.5752,0.5742,,San Diego Padres,,,,0,
401817100,2026-09-26,Houston Astros,Athletics,2026-09-16T00:32:33Z,3,1,0,0.4559,0.4938,0.4019,0.4209,,Houston Astros,,,,0,
401817101,2026-09-26,Los Angeles Dodgers,San Francisco Giants,2026-09-16T00:32:33Z,3,1,0,0.4015,0.4711,0.5199,0.3244,,Los Angeles Dodgers,,,,0,
401817102,2026-09-27,Atlanta Braves,Miami Marlins,2026-09-16T00:32:33Z,3,1,0,0.4505,0.4872,0.5034,0.4215,,Atlanta Braves,,,,0,
401817103,2026-09-27,Baltimore Orioles,New York Yankees,2026-09-16T00:32:33Z,3,1,0,0.612,0.5763,0.509,0.6647,,New York Yankees,,,,0,
401817104,2026-09-27,Chicago Cubs,Boston Red Sox,2026-09-16T00:32:33Z,3,1,0,0.5849,0.5776,0.6098,0.5864,,Boston Red Sox,,,,0,
401817105,2026-09-27,Cincinnati Reds,Toronto Blue Jays,2026-09-16T00:32:33Z,3,1,0,0.5819,0.573,0.4658,0.5887,,Toronto Blue Jays,,,,0,
401817106,2026-09-27,New York Mets,Washington Nationals,2026-09-16T00:32:33Z,3,1,0,0.48,0.4906,0.5355,0.4973,,New York Mets,,,,0,
401817107,2026-09-27,Pittsburgh Pirates,Detroit Tigers,2026-09-16T00:32:33Z,3,1,0,0.5311,0.5397,0.5252,0.5243,,Detroit Tigers,,,,0,
401817108,2026-09-27,Tampa Bay Rays,Philadelphia Phillies,2026-09-16T00:32:33Z,3,1,0,0.494,0.5161,0.577,0.4754,,Tampa Bay Rays,,,,0,
401817109,2026-09-27,Cleveland Guardians,Kansas City Royals,2026-09-16T00:32:33Z,3,1,0,0.526,0.5658,0.5825,0.446,,Kansas City Royals,,,,0,
401817110,2026-09-27,Colorado Rockies,Chicago White Sox,2026-09-16T00:32:33Z,3,1,0,0.6599,0.6068,0.5754,0.7251,,Chicago White Sox,,,,0,
401817111,2026-09-27,St. Louis Cardinals,Milwaukee Brewers,2026-09-16T00:32:33Z,3,1,0,0.6312,0.599,0.5975,0.6661,,Milwaukee Brewers,,,,0,
401817112,2026-09-27,Texas Rangers,Minnesota Twins,2026-09-16T00:32:33Z,3,1,0,0.5025,0.5239,0.5986,0.4811,,Minnesota Twins,,,,0,
401817113,2026-09-27,Los Angeles Angels,Seattle Mariners,2026-09-16T00:32:33Z,3,1,0,0.5955,0.562,0.5069,0.6522,,Seattle Mariners,,,,0,
401817114,2026-09-27,Arizona Diamondbacks,San Diego Padres,2026-09-16T00:32:33Z,3,1,0,0.5703,0.5654,0.5752,0.5742,,San Diego Padres,,,,0,
401817115,2026-09-27,Houston Astros,Athletics,2026-09-16T00:32:33Z,3,1,0,0.4559,0.4938,0.4019,0.4209,,Houston Astros,,,,0,
401817116,2026-09-27,Los Angeles Dodgers,San Francisco Giants,2026-09-16T00:32:33Z,3,1,0,0.4015,0.4711,0.5199,0.3244,,Los Angeles Dodgers,,,,0,
401907896,2026-09-29,TBD,TBD,2026-09-16T00:32:33Z,3,1,0,0.5292,0.5431,0.5319,0.525,,TBD,,,,0,
401907897,2026-09-30,TBD,TBD,2026-09-16T00:32:33Z,3,1,0,0.5292,0.5431,0.5319,0.525,,TBD,,,,0,
