game_id,game_date,athlete_id,player,side,key,label,stat,dist,line,line_source,book,proj,season,over,pick,conf,recorded_at,actual,played,graded,hit,push,model_p,book_p,raw_p,gp
401872932,2026-09-17,3046779,Jared Goff,away,pass_att,Pass Attempts,pass_att_pg,normal,36.5,book,5 books,36.21,39.0,0.4888,under,low,2026-09-17T23:09:26Z,,1,1,,,0.4856,0.4899,0.4888,1
401872932,2026-09-17,3046779,Jared Goff,away,pass_cmp,Completions,pass_cmp_pg,normal,24.5,book,6 books,24.53,26.0,0.4928,over,low,2026-09-17T23:09:26Z,26.0,1,1,1,0,0.502,0.4897,0.4928,1
401872932,2026-09-17,3046779,Jared Goff,away,pass_td,Passing TDs,pass_td_pg,poisson,1.5,book,6 books,2.17,2.0,0.567,over,low,2026-09-17T23:09:26Z,4.0,1,1,1,0,0.6374,0.5435,0.567,1
401872932,2026-09-17,3046779,Jared Goff,away,pass_yds,Passing Yards,pass_yds_pg,normal,259.5,book,7 books,279.65,206.0,0.5217,over,low,2026-09-17T23:09:26Z,327.0,1,1,1,0,0.5931,0.498,0.5217,1
401872932,2026-09-17,3915416,DJ Moore,home,anytd,Anytime TD,td_pg,poisson,0.5,book,8 books,0.58,1.0,0.393,over,low,2026-09-17T23:09:26Z,0.0,1,1,0,0,0.4401,0.3774,0.393,1
401872932,2026-09-17,3915416,DJ Moore,home,rec,Receptions,rec_pg,negbin,4.5,book,7 books,3.55,5.0,0.4445,under,low,2026-09-17T23:09:26Z,,1,1,,,0.2962,0.4939,0.4445,1
401872932,2026-09-17,3915416,DJ Moore,home,rec_yds,Receiving Yards,rec_yds_pg,normal,63.5,book,6 books,56.99,100.0,0.486,under,low,2026-09-17T23:09:26Z,,1,1,,,0.4442,0.5,0.486,1
401872932,2026-09-17,3918298,Josh Allen,home,pass_att,Pass Attempts,pass_att_pg,normal,31.5,book,4 books,29.56,29.0,0.459,under,low,2026-09-17T23:09:26Z,,1,1,,,0.3915,0.4815,0.459,1
401872932,2026-09-17,3918298,Josh Allen,home,pass_cmp,Completions,pass_cmp_pg,normal,20.5,book,5 books,20.48,20.0,0.5043,under,low,2026-09-17T23:09:26Z,20.0,1,1,1,0,0.4987,0.5062,0.5043,1
401872932,2026-09-17,3918298,Josh Allen,home,pass_td,Passing TDs,pass_td_pg,poisson,1.5,book,7 books,1.77,2.0,0.5818,over,low,2026-09-17T23:09:26Z,3.0,1,1,1,0,0.5292,0.5993,0.5818,1
401872932,2026-09-17,3918298,Josh Allen,home,pass_yds,Passing Yards,pass_yds_pg,normal,252.5,book,6 books,267.88,334.0,0.5184,over,low,2026-09-17T23:09:26Z,248.0,1,1,0,0,0.5736,0.5,0.5184,1
401872932,2026-09-17,3918298,Josh Allen,home,qb_rush,Rushing Yards,rush_yds_pg,normal,32.5,book,7 books,36.65,23.0,0.5149,over,low,2026-09-17T23:09:26Z,69.0,1,1,1,0,0.5566,0.501,0.5149,1
401872932,2026-09-17,3930086,Dawson Knox,home,rec,Receptions,rec_pg,negbin,1.5,book,6 books,2.09,1.0,0.4573,over,low,2026-09-17T23:09:26Z,2.0,1,1,1,0,0.5594,0.4233,0.4573,1
401872932,2026-09-17,3930086,Dawson Knox,home,rec_yds,Receiving Yards,rec_yds_pg,normal,12.5,book,6 books,24.58,7.0,0.5451,over,low,2026-09-17T23:09:26Z,5.0,1,1,0,0,0.6774,0.501,0.5451,1
401872932,2026-09-17,4242433,Joshua Palmer,home,anytd,Anytime TD,td_pg,poisson,0.5,book,8 books,0.61,1.0,0.212,over,low,2026-09-17T23:09:26Z,1.0,1,1,1,0,0.4575,0.1301,0.212,1
401872932,2026-09-17,4242433,Joshua Palmer,home,rec,Receptions,rec_pg,negbin,1.5,book,6 books,1.83,1.0,0.3741,over,low,2026-09-17T23:09:26Z,1.0,1,1,0,0,0.4965,0.3333,0.3741,1
401872932,2026-09-17,4242433,Joshua Palmer,home,rec_yds,Receiving Yards,rec_yds_pg,normal,11.5,book,6 books,30.38,34.0,0.5591,over,low,2026-09-17T23:09:26Z,43.0,1,1,1,0,0.7366,0.5,0.5591,1
401872932,2026-09-17,4373678,Khalil Shakir,home,rec,Receptions,rec_pg,negbin,4.5,book,6 books,4.77,4.0,0.441,over,low,2026-09-17T23:09:26Z,3.0,1,1,0,0,0.4896,0.4248,0.441,1
401872932,2026-09-17,4373678,Khalil Shakir,home,rec_yds,Receiving Yards,rec_yds_pg,normal,43.5,book,6 books,52.08,50.0,0.5204,over,low,2026-09-17T23:09:26Z,38.0,1,1,0,0,0.5786,0.501,0.5204,1
401872932,2026-09-17,4374302,Amon-Ra St. Brown,away,anytd,Anytime TD,td_pg,poisson,0.5,book,8 books,0.95,2.0,0.498,over,low,2026-09-17T23:09:26Z,2.0,1,1,1,0,0.6115,0.4602,0.498,1
401872932,2026-09-17,4374302,Amon-Ra St. Brown,away,rec,Receptions,rec_pg,negbin,7.5,book,6 books,7.69,10.0,0.4788,over,low,2026-09-17T23:09:26Z,9.0,1,1,1,0,0.4833,0.4773,0.4788,1
401872932,2026-09-17,4374302,Amon-Ra St. Brown,away,rec_yds,Receiving Yards,rec_yds_pg,normal,80.5,book,6 books,86.52,67.0,0.5085,over,low,2026-09-17T23:09:26Z,142.0,1,1,1,0,0.5371,0.499,0.5085,1
401872932,2026-09-17,4379399,James Cook III,home,rec,Receptions,rec_pg,negbin,2.5,book,6 books,2.29,3.0,0.4731,under,low,2026-09-17T23:09:26Z,1.0,1,1,1,0,0.383,0.5031,0.4731,1
401872932,2026-09-17,4379399,James Cook III,home,rush_att,Rush Attempts,rush_att_pg,negbin,17.5,book,3 books,18.69,13.0,0.5315,over,low,2026-09-17T23:09:26Z,21.0,1,1,1,0,0.5703,0.5185,0.5315,1
401872932,2026-09-17,4379399,James Cook III,home,rush_yds,Rushing Yards,rush_yds_pg,normal,79.5,book,6 books,101.21,57.0,0.5339,over,low,2026-09-17T23:09:26Z,135.0,1,1,1,0,0.6356,0.5,0.5339,1
401872932,2026-09-17,4379399,James Cook III,home,scrim,Rush + Rec Yards,scrim_yds_pg,normal,103.5,book,4 books,119.71,69.0,0.5232,over,low,2026-09-17T23:09:26Z,139.0,1,1,1,0,0.5897,0.501,0.5232,1
401872932,2026-09-17,4385690,Dalton Kincaid,home,rec,Receptions,rec_pg,negbin,4.5,book,6 books,3.82,5.0,0.3987,under,med,2026-09-17T23:09:26Z,7.0,1,1,0,0,0.3403,0.4182,0.3987,1
401872932,2026-09-17,4385690,Dalton Kincaid,home,rec_yds,Receiving Yards,rec_yds_pg,normal,52.5,book,7 books,69.76,130.0,0.532,over,low,2026-09-17T23:09:26Z,95.0,1,1,1,0,0.6248,0.501,0.532,1
401872932,2026-09-17,4426388,Jameson Williams,away,rec,Receptions,rec_pg,negbin,3.5,book,6 books,4.01,4.0,0.551,over,low,2026-09-17T23:09:26Z,2.0,1,1,0,0,0.5283,0.5585,0.551,1
401872932,2026-09-17,4426388,Jameson Williams,away,rec_yds,Receiving Yards,rec_yds_pg,normal,57.5,book,6 books,67.46,45.0,0.5211,over,low,2026-09-17T23:09:26Z,33.0,1,1,0,0,0.5748,0.5031,0.5211,1
401872932,2026-09-17,4429795,Jahmyr Gibbs,away,anytd,Anytime TD,td_pg,poisson,0.5,book,8 books,1.32,2.0,0.7019,over,high,2026-09-17T23:09:26Z,1.0,1,1,1,0,0.7322,0.6918,0.7019,1
401872932,2026-09-17,4429795,Jahmyr Gibbs,away,rec,Receptions,rec_pg,negbin,4.5,book,6 books,4.79,5.0,0.4603,over,low,2026-09-17T23:09:26Z,6.0,1,1,1,0,0.4929,0.4494,0.4603,1
401872932,2026-09-17,4429795,Jahmyr Gibbs,away,rush_att,Rush Attempts,rush_att_pg,negbin,18.5,book,3 books,17.41,29.0,0.4569,under,low,2026-09-17T23:09:26Z,16.0,1,1,1,0,0.39,0.4791,0.4569,1
401872932,2026-09-17,4429795,Jahmyr Gibbs,away,rush_yds,Rushing Yards,rush_yds_pg,normal,87.5,book,6 books,93.14,156.0,0.5096,over,low,2026-09-17T23:09:26Z,52.0,1,1,0,0,0.5384,0.5,0.5096,1
401872932,2026-09-17,4429795,Jahmyr Gibbs,away,scrim,Rush + Rec Yards,scrim_yds_pg,normal,124.5,book,4 books,131.28,186.0,0.5096,over,low,2026-09-17T23:09:26Z,113.0,1,1,0,0,0.5351,0.501,0.5096,1
401872932,2026-09-17,4430027,Sam LaPorta,away,rec,Receptions,rec_pg,negbin,4.5,book,6 books,4.72,5.0,0.4687,over,low,2026-09-17T23:09:26Z,6.0,1,1,1,0,0.4816,0.4645,0.4687,1
401872932,2026-09-17,4430027,Sam LaPorta,away,rec_yds,Receiving Yards,rec_yds_pg,normal,46.5,book,6 books,57.74,48.0,0.5245,over,low,2026-09-17T23:09:26Z,52.0,1,1,1,0,0.5949,0.501,0.5245,1
401872932,2026-09-17,4635008,Keon Coleman,home,rec,Receptions,rec_pg,negbin,1.5,book,6 books,2.81,1.0,0.4812,over,low,2026-09-17T23:09:26Z,6.0,1,1,1,0,0.7057,0.4064,0.4812,1
401872932,2026-09-17,4635008,Keon Coleman,home,rec_yds,Receiving Yards,rec_yds_pg,normal,14.5,book,6 books,29.65,1.0,0.55,over,low,2026-09-17T23:09:26Z,63.0,1,1,1,0,0.6969,0.501,0.55,1
401872933,2026-09-20,2576925,Darren Waller,away,anytd,Anytime TD,td_pg,poisson,0.5,book,8 books,0.51,0.0,0.2407,over,low,2026-09-20T16:55:44Z,2.0,1,1,1,0,0.3969,0.1887,0.2407,1
401872933,2026-09-20,2576925,Darren Waller,away,rec,Receptions,rec_pg,negbin,1.5,book,6 books,2.42,2.0,0.6205,over,med,2026-09-20T16:55:44Z,3.0,1,1,1,0,0.6323,0.6166,0.6205,1
401872933,2026-09-20,2576925,Darren Waller,away,rec_yds,Receiving Yards,rec_yds_pg,normal,17.5,book,6 books,28.1,28.0,0.5356,over,low,2026-09-20T16:55:44Z,33.0,1,1,1,0,0.6454,0.499,0.5356,1
401872933,2026-09-20,2972515,Cooper Rush,home,pass_att,Pass Attempts,pass_att_pg,normal,29.5,book,4 books,19.94,22.0,0.3937,under,med,2026-09-20T16:55:44Z,,1,1,,,0.0436,0.5104,0.3937,1
401872933,2026-09-20,2972515,Cooper Rush,home,pass_cmp,Completions,pass_cmp_pg,normal,17.5,book,5 books,12.22,12.0,0.4082,under,med,2026-09-20T16:55:44Z,10.0,1,1,1,0,0.102,0.5103,0.4082,1
401872933,2026-09-20,2972515,Cooper Rush,home,pass_int,Interceptions,pass_int_pg,poisson,0.5,book,5 books,1.25,2.0,0.5997,over,med,2026-09-20T16:55:44Z,2.0,1,1,1,0,0.7127,0.562,0.5997,1
401872933,2026-09-20,2972515,Cooper Rush,home,pass_td,Passing TDs,pass_td_pg,poisson,0.5,book,6 books,2.19,1.0,0.7328,over,high,2026-09-20T16:55:44Z,0.0,1,1,0,0,0.888,0.6811,0.7328,1
401872933,2026-09-20,2972515,Cooper Rush,home,pass_yds,Passing Yards,pass_yds_pg,normal,184.5,book,6 books,133.13,143.0,0.4184,under,med,2026-09-20T16:55:44Z,86.0,1,1,1,0,0.1675,0.502,0.4184,1
401872933,2026-09-20,2972515,Cooper Rush,home,qb_rush,Rushing Yards,rush_yds_pg,normal,0.5,book,3 books,2.86,0.0,0.4526,over,low,2026-09-20T16:55:44Z,20.0,1,1,1,0,0.5883,0.4074,0.4526,1
401872933,2026-09-20,3043275,Austin Hooper,home,anytd,Anytime TD,td_pg,poisson,0.5,book,8 books,0.11,0.0,0.082,under,high,2026-09-20T16:55:44Z,0.0,1,1,1,0,0.1018,0.0755,0.082,1
401872933,2026-09-20,3917914,Olamide Zaccheaus,home,anytd,Anytime TD,td_pg,poisson,0.5,book,8 books,0.11,0.0,0.1087,under,high,2026-09-20T16:55:44Z,0.0,1,1,1,0,0.1018,0.111,0.1087,1
401872933,2026-09-20,3917914,Olamide Zaccheaus,home,rec,Receptions,rec_pg,negbin,1.5,book,5 books,2.25,1.0,0.477,over,low,2026-09-20T16:55:44Z,1.0,1,1,0,0,0.5959,0.4373,0.477,1
401872933,2026-09-20,3917914,Olamide Zaccheaus,home,rec_yds,Receiving Yards,rec_yds_pg,normal,8.5,book,5 books,17.65,5.0,0.5443,over,low,2026-09-20T16:55:44Z,3.0,1,1,0,0,0.6617,0.5052,0.5443,1
401872933,2026-09-20,4034948,Feleipe Franks,away,anytd,Anytime TD,td_pg,poisson,0.5,book,7 books,0.27,0.0,0.0859,under,high,2026-09-20T16:55:44Z,0,1,1,1,0,0.239,0.0349,0.0859,1
401872933,2026-09-20,4035020,Charlie Woerner,home,anytd,Anytime TD,td_pg,poisson,0.5,book,8 books,0.31,0.0,0.1002,under,high,2026-09-20T16:55:44Z,0.0,1,1,1,0,0.2659,0.0449,0.1002,1
401872933,2026-09-20,4239934,AJ Dillon,away,anytd,Anytime TD,td_pg,poisson,0.5,book,6 books,0.52,0.0,0.165,over,low,2026-09-20T16:55:44Z,0.0,1,1,0,0,0.4028,0.0858,0.165,1
401872933,2026-09-20,4241416,Chuba Hubbard,away,anytd,Anytime TD,td_pg,poisson,0.5,book,8 books,0.51,2.0,0.4616,over,low,2026-09-20T16:55:44Z,1.0,1,1,1,0,0.3969,0.4832,0.4616,1
401872933,2026-09-20,4241416,Chuba Hubbard,away,rec,Receptions,rec_pg,negbin,2.5,book,6 books,2.05,3.0,0.3706,under,med,2026-09-20T16:55:44Z,2.0,1,1,1,0,0.3307,0.3839,0.3706,1
401872933,2026-09-20,4241416,Chuba Hubbard,away,rush_att,Rush Attempts,rush_att_pg,negbin,13.5,book,2 books,8.62,10.0,0.3938,under,med,2026-09-20T16:55:44Z,12.0,1,1,1,0,0.0887,0.4955,0.3938,1
401872933,2026-09-20,4241416,Chuba Hubbard,away,rush_yds,Rushing Yards,rush_yds_pg,normal,55.5,book,6 books,33.27,49.0,0.4336,under,low,2026-09-20T16:55:44Z,53.0,1,1,1,0,0.2188,0.5052,0.4336,1
401872933,2026-09-20,4241416,Chuba Hubbard,away,scrim,Rush + Rec Yards,scrim_yds_pg,normal,72.5,book,4 books,50.31,87.0,0.4459,under,low,2026-09-20T16:55:44Z,64.0,1,1,1,0,0.2804,0.501,0.4459,1
401872933,2026-09-20,4241474,Brian Robinson Jr.,home,anytd,Anytime TD,td_pg,poisson,0.5,book,8 books,0.1,0.0,0.1714,under,high,2026-09-20T16:55:44Z,0.0,1,1,1,0,0.0961,0.1965,0.1714,1
401872933,2026-09-20,4241474,Brian Robinson Jr.,home,rush_yds,Rushing Yards,rush_yds_pg,normal,25.5,book,6 books,25.52,31.0,0.504,over,low,2026-09-20T16:55:44Z,51.0,1,1,1,0,0.5004,0.5052,0.504,1
401872933,2026-09-20,4249624,Nick Muse,home,anytd,Anytime TD,td_pg,poisson,0.5,book,6 books,0.31,0.0,0.0803,under,high,2026-09-20T16:55:44Z,,0,1,,,0.2659,0.0185,0.0803,1
401872933,2026-09-20,4360248,Kyle Pitts Sr.,home,anytd,Anytime TD,td_pg,poisson,0.5,book,8 books,0.25,0.0,0.2032,under,high,2026-09-20T16:55:44Z,0.0,1,1,1,0,0.2231,0.1965,0.2032,1
401872933,2026-09-20,4360248,Kyle Pitts Sr.,home,rec,Receptions,rec_pg,negbin,3.5,book,6 books,4.41,0.0,0.4917,over,low,2026-09-20T16:55:44Z,1.0,1,1,0,0,0.5929,0.458,0.4917,1
401872933,2026-09-20,4360248,Kyle Pitts Sr.,home,rec_yds,Receiving Yards,rec_yds_pg,normal,31.5,book,7 books,46.86,0.0,0.5381,over,low,2026-09-20T16:55:44Z,15.0,1,1,0,0,0.6494,0.501,0.5381,1
401872933,2026-09-20,4360763,Brycen Tremayne,away,anytd,Anytime TD,td_pg,poisson,0.5,book,8 books,0.27,0.0,0.104,under,high,2026-09-20T16:55:44Z,0,1,1,1,0,0.239,0.059,0.104,1
401872933,2026-09-20,4361409,Jahan Dotson,home,anytd,Anytime TD,td_pg,poisson,0.5,book,8 books,0.05,0.0,0.1171,under,high,2026-09-20T16:55:44Z,0.0,1,1,1,0,0.0492,0.1398,0.1171,1
401872933,2026-09-20,4361409,Jahan Dotson,home,rec,Receptions,rec_pg,negbin,1.5,book,6 books,1.07,1.0,0.4759,under,low,2026-09-20T16:55:44Z,2.0,1,1,0,0,0.2811,0.5408,0.4759,1
401872933,2026-09-20,4361409,Jahan Dotson,home,rec_yds,Receiving Yards,rec_yds_pg,normal,17.5,book,6 books,16.49,19.0,0.496,under,low,2026-09-20T16:55:44Z,11.0,1,1,1,0,0.4811,0.501,0.496,1
401872933,2026-09-20,4369886,Chris Blair,home,anytd,Anytime TD,td_pg,poisson,0.5,book,8 books,0.31,0.0,0.0837,under,high,2026-09-20T16:55:44Z,0.0,1,1,1,0,0.2659,0.023,0.0837,1
401872933,2026-09-20,4372780,Tommy Tremble,away,anytd,Anytime TD,td_pg,poisson,0.5,book,8 books,0.09,0.0,0.1189,under,high,2026-09-20T16:55:44Z,0.0,1,1,1,0,0.0854,0.1301,0.1189,1
401872933,2026-09-20,4372780,Tommy Tremble,away,rec,Receptions,rec_pg,negbin,1.5,book,6 books,1.73,3.0,0.5153,over,low,2026-09-20T16:55:44Z,1.0,1,1,0,0,0.4693,0.5306,0.5153,1
401872933,2026-09-20,4372780,Tommy Tremble,away,rec_yds,Receiving Yards,rec_yds_pg,normal,13.5,book,6 books,14.9,25.0,0.5138,over,low,2026-09-20T16:55:44Z,4.0,1,1,0,0,0.5276,0.5092,0.5138,1
401872933,2026-09-20,4426502,Drake London,home,anytd,Anytime TD,td_pg,poisson,0.5,book,8 books,0.5,0.0,0.3383,under,high,2026-09-20T16:55:44Z,0.0,1,1,1,0,0.394,0.3198,0.3383,1
401872933,2026-09-20,4426502,Drake London,home,rec,Receptions,rec_pg,negbin,4.5,book,6 books,5.17,2.0,0.5314,over,low,2026-09-20T16:55:44Z,4.0,1,1,0,0,0.5488,0.5256,0.5314,1
401872933,2026-09-20,4426502,Drake London,home,rec_yds,Receiving Yards,rec_yds_pg,normal,57.5,book,6 books,70.73,29.0,0.5254,over,low,2026-09-20T16:55:44Z,51.0,1,1,0,0,0.5953,0.502,0.5254,1
401872933,2026-09-20,4430034,Xavier Legette,away,anytd,Anytime TD,td_pg,poisson,0.5,book,8 books,0.15,0.0,0.1531,under,high,2026-09-20T16:55:44Z,0.0,1,1,1,0,0.1408,0.1572,0.1531,1
401872933,2026-09-20,4430034,Xavier Legette,away,rec,Receptions,rec_pg,negbin,1.5,book,5 books,1.84,0.0,0.4998,over,low,2026-09-20T16:55:44Z,2.0,1,1,1,0,0.4991,0.5,0.4998,1
401872933,2026-09-20,4430034,Xavier Legette,away,rec_yds,Receiving Yards,rec_yds_pg,normal,15.5,book,5 books,18.36,0.0,0.515,over,low,2026-09-20T16:55:44Z,64.0,1,1,1,0,0.5508,0.5031,0.515,1
401872933,2026-09-20,4430807,Bijan Robinson,home,anytd,Anytime TD,td_pg,poisson,0.5,book,8 books,0.73,1.0,0.5858,over,med,2026-09-20T16:55:44Z,0.0,1,1,0,0,0.5167,0.6089,0.5858,1
401872933,2026-09-20,4430807,Bijan Robinson,home,rec,Receptions,rec_pg,negbin,4.5,book,6 books,5.32,8.0,0.5761,over,med,2026-09-20T16:55:44Z,3.0,1,1,0,0,0.5708,0.5779,0.5761,1
401872933,2026-09-20,4430807,Bijan Robinson,home,rush_att,Rush Attempts,rush_att_pg,negbin,18.5,book,2 books,17.95,21.0,0.4915,under,low,2026-09-20T16:55:44Z,16.0,1,1,1,0,0.433,0.511,0.4915,1
401872933,2026-09-20,4430807,Bijan Robinson,home,rush_yds,Rushing Yards,rush_yds_pg,normal,82.5,book,6 books,88.89,83.0,0.512,over,low,2026-09-20T16:55:44Z,72.0,1,1,0,0,0.5451,0.501,0.512,1
401872933,2026-09-20,4430807,Bijan Robinson,home,scrim,Rush + Rec Yards,scrim_yds_pg,normal,129.5,book,4 books,145.75,173.0,0.5223,over,low,2026-09-20T16:55:44Z,81.0,1,1,0,0,0.5768,0.5042,0.5223,1
401872933,2026-09-20,4678008,Jonathon Brooks,away,anytd,Anytime TD,td_pg,poisson,0.5,book,8 books,0.52,0.0,0.2422,over,low,2026-09-20T16:55:44Z,0.0,1,1,0,0,0.4028,0.1887,0.2422,1
401872933,2026-09-20,4678008,Jonathon Brooks,away,rec,Receptions,rec_pg,negbin,1.5,book,6 books,2.28,1.0,0.4263,over,low,2026-09-20T16:55:44Z,1.0,1,1,0,0,0.6026,0.3676,0.4263,1
401872933,2026-09-20,4678008,Jonathon Brooks,away,rush_att,Rush Attempts,rush_att_pg,negbin,6.5,book,2 books,2.37,4.0,0.3696,under,med,2026-09-20T16:55:44Z,5.0,1,1,1,0,0.0284,0.4833,0.3696,1
401872933,2026-09-20,4678008,Jonathon Brooks,away,rush_yds,Rushing Yards,rush_yds_pg,normal,22.5,book,6 books,7.87,14.0,0.4175,under,med,2026-09-20T16:55:44Z,16.0,1,1,1,0,0.1792,0.4969,0.4175,1
401872933,2026-09-20,4678008,Jonathon Brooks,away,scrim,Rush + Rec Yards,scrim_yds_pg,normal,34.5,book,4 books,69.85,62.0,0.5702,over,med,2026-09-20T16:55:44Z,11.0,1,1,0,0,0.7715,0.5031,0.5702,1
401872933,2026-09-20,4683243,Mitchell Evans,away,anytd,Anytime TD,td_pg,poisson,0.5,book,8 books,0.09,0.0,0.1046,under,high,2026-09-20T16:55:44Z,0.0,1,1,1,0,0.0854,0.111,0.1046,1
401872933,2026-09-20,4685472,Tetairoa McMillan,away,anytd,Anytime TD,td_pg,poisson,0.5,book,8 books,0.31,0.0,0.3291,under,high,2026-09-20T16:55:44Z,0.0,1,1,1,0,0.2683,0.3494,0.3291,1
401872933,2026-09-20,4685472,Tetairoa McMillan,away,rec,Receptions,rec_pg,negbin,4.5,book,6 books,4.03,5.0,0.4632,under,low,2026-09-20T16:55:44Z,5.0,1,1,0,0,0.3741,0.4929,0.4632,1
401872933,2026-09-20,4685472,Tetairoa McMillan,away,rec_yds,Receiving Yards,rec_yds_pg,normal,58.5,book,6 books,56.62,75.0,0.4944,under,low,2026-09-20T16:55:44Z,101.0,1,1,0,0,0.4837,0.498,0.4944,1
401872933,2026-09-20,4685720,Bryce Young,away,pass_att,Pass Attempts,pass_att_pg,normal,31.5,book,5 books,29.39,37.0,0.4681,under,low,2026-09-20T16:55:44Z,,1,1,,,0.3816,0.4969,0.4681,1
401872933,2026-09-20,4685720,Bryce Young,away,pass_cmp,Completions,pass_cmp_pg,normal,19.5,book,6 books,18.61,23.0,0.4907,under,low,2026-09-20T16:55:44Z,23.0,1,1,0,0,0.4315,0.5104,0.4907,1
401872933,2026-09-20,4685720,Bryce Young,away,pass_int,Interceptions,pass_int_pg,poisson,0.5,book,5 books,0.87,1.0,0.5042,over,low,2026-09-20T16:55:44Z,0.0,1,1,0,0,0.5828,0.4779,0.5042,1
401872933,2026-09-20,4685720,Bryce Young,away,pass_td,Passing TDs,pass_td_pg,poisson,1.5,book,7 books,1.55,3.0,0.447,over,low,2026-09-20T16:55:44Z,3.0,1,1,1,0,0.4573,0.4435,0.447,1
401872933,2026-09-20,4685720,Bryce Young,away,pass_yds,Passing Yards,pass_yds_pg,normal,221.5,book,7 books,197.5,361.0,0.466,under,low,2026-09-20T16:55:44Z,287.0,1,1,0,0,0.361,0.501,0.466,1
401872933,2026-09-20,4685720,Bryce Young,away,qb_rush,Rushing Yards,rush_yds_pg,normal,13.5,book,7 books,11.76,10.0,0.4872,under,low,2026-09-20T16:55:44Z,6.0,1,1,1,0,0.4551,0.498,0.4872,1
401872933,2026-09-20,4695883,Jalen Coker,away,anytd,Anytime TD,td_pg,poisson,0.5,book,8 books,0.51,2.0,0.2992,over,low,2026-09-20T16:55:44Z,0.0,1,1,0,0,0.3997,0.2657,0.2992,1
401872933,2026-09-20,4695883,Jalen Coker,away,rec,Receptions,rec_pg,negbin,4.5,book,6 books,3.63,8.0,0.437,under,low,2026-09-20T16:55:44Z,8.0,1,1,0,0,0.309,0.4797,0.437,1
401872933,2026-09-20,4695883,Jalen Coker,away,rec_yds,Receiving Yards,rec_yds_pg,normal,50.5,book,6 books,48.1,138.0,0.4973,under,low,2026-09-20T16:55:44Z,66.0,1,1,0,0,0.4766,0.5042,0.4973,1
401872934,2026-09-20,3050481,Tanner Hudson,away,anytd,Anytime TD,td_pg,poisson,0.5,book,7 books,0.11,0.0,0.0851,under,high,2026-09-20T16:55:44Z,,0,1,,,0.1045,0.0786,0.0851,1
401872934,2026-09-20,3116164,Mike Gesicki,away,anytd,Anytime TD,td_pg,poisson,0.5,book,8 books,0.29,1.0,0.2207,under,high,2026-09-20T16:55:44Z,,0,1,,,0.254,0.2096,0.2207,1
401872934,2026-09-20,3116164,Mike Gesicki,away,rec,Receptions,rec_pg,negbin,2.5,book,6 books,2.6,5.0,0.4591,over,low,2026-09-20T16:55:44Z,,0,1,,,0.4516,0.4616,0.4591,1
401872934,2026-09-20,3116164,Mike Gesicki,away,rec_yds,Receiving Yards,rec_yds_pg,normal,24.5,book,6 books,32.47,78.0,0.5245,over,low,2026-09-20T16:55:44Z,,0,1,,,0.601,0.499,0.5245,1
401872934,2026-09-20,3116389,Samaje Perine,away,anytd,Anytime TD,td_pg,poisson,0.5,book,8 books,0.17,0.0,0.1392,under,high,2026-09-20T16:55:44Z,0.0,1,1,1,0,0.1526,0.1348,0.1392,1
401872934,2026-09-20,3116389,Samaje Perine,away,rec,Receptions,rec_pg,negbin,1.5,book,5 books,1.43,3.0,0.4097,under,med,2026-09-20T16:55:44Z,1.0,1,1,1,0,0.3879,0.417,0.4097,1
401872934,2026-09-20,3116389,Samaje Perine,away,rush_att,Rush Attempts,rush_att_pg,negbin,4.5,book,3 books,5.45,5.0,0.5195,over,low,2026-09-20T16:55:44Z,2.0,1,1,0,0,0.5968,0.4938,0.5195,1
401872934,2026-09-20,3116389,Samaje Perine,away,rush_yds,Rushing Yards,rush_yds_pg,normal,17.5,book,6 books,24.4,20.0,0.5342,over,low,2026-09-20T16:55:44Z,6.0,1,1,0,0,0.6122,0.5082,0.5342,1
401872934,2026-09-20,3116389,Samaje Perine,away,scrim,Rush + Rec Yards,scrim_yds_pg,normal,27.5,book,FanDuel,34.17,50.0,0.5248,over,low,2026-09-20T16:55:44Z,22.0,1,1,0,0,0.5868,0.5042,0.5248,1
401872934,2026-09-20,3117256,Dalton Schultz,home,anytd,Anytime TD,td_pg,poisson,0.5,book,8 books,0.15,0.0,0.2403,under,high,2026-09-20T16:55:44Z,0.0,1,1,1,0,0.1407,0.2734,0.2403,1
401872934,2026-09-20,3117256,Dalton Schultz,home,rec,Receptions,rec_pg,negbin,4.5,book,6 books,4.79,4.0,0.5289,over,low,2026-09-20T16:55:44Z,12.0,1,1,1,0,0.4931,0.5408,0.5289,1
401872934,2026-09-20,3117256,Dalton Schultz,home,rec_yds,Receiving Yards,rec_yds_pg,normal,43.5,book,6 books,45.3,35.0,0.5054,over,low,2026-09-20T16:55:44Z,140.0,1,1,1,0,0.5183,0.501,0.5054,1
401872934,2026-09-20,3127310,Drew Sample,away,anytd,Anytime TD,td_pg,poisson,0.5,book,8 books,0.05,0.0,0.0663,under,high,2026-09-20T16:55:44Z,,0,1,,,0.0475,0.0726,0.0663,1
401872934,2026-09-20,3127310,Drew Sample,away,rec,Receptions,rec_pg,negbin,1.5,book,4 books,1.22,3.0,0.3949,under,med,2026-09-20T16:55:44Z,,0,1,,,0.327,0.4176,0.3949,1
401872934,2026-09-20,3127310,Drew Sample,away,rec_yds,Receiving Yards,rec_yds_pg,normal,9.5,book,4 books,8.31,19.0,0.4832,under,low,2026-09-20T16:55:44Z,,0,1,,,0.4706,0.4873,0.4832,1
401872934,2026-09-20,3843945,Foster Moreau,home,anytd,Anytime TD,td_pg,poisson,0.5,book,8 books,0.31,0.0,0.1451,under,high,2026-09-20T16:55:44Z,0.0,1,1,1,0,0.2661,0.1048,0.1451,1
401872934,2026-09-20,3843945,Foster Moreau,home,rec,Receptions,rec_pg,negbin,0.5,book,3 books,0.88,2.0,0.6176,over,med,2026-09-20T16:55:44Z,2.0,1,1,1,0,0.5113,0.653,0.6176,1
401872934,2026-09-20,3843945,Foster Moreau,home,rec_yds,Receiving Yards,rec_yds_pg,normal,6.5,book,3 books,7.19,15.0,0.5099,over,low,2026-09-20T16:55:44Z,34.0,1,1,1,0,0.5177,0.5072,0.5099,1
401872934,2026-09-20,3915511,Joe Burrow,away,pass_att,Pass Attempts,pass_att_pg,normal,35.5,book,5 books,32.52,35.0,0.4689,under,low,2026-09-20T16:55:44Z,,1,1,,,0.345,0.5101,0.4689,1
401872934,2026-09-20,3915511,Joe Burrow,away,pass_cmp,Completions,pass_cmp_pg,normal,23.5,book,6 books,21.99,25.0,0.4671,under,low,2026-09-20T16:55:44Z,20.0,1,1,1,0,0.3958,0.4908,0.4671,1
401872934,2026-09-20,3915511,Joe Burrow,away,pass_int,Interceptions,pass_int_pg,poisson,0.5,book,4 books,0.68,1.0,0.5135,over,low,2026-09-20T16:55:44Z,0.0,1,1,0,0,0.495,0.5197,0.5135,1
401872934,2026-09-20,3915511,Joe Burrow,away,pass_td,Passing TDs,pass_td_pg,poisson,1.5,book,7 books,1.93,1.0,0.5307,over,low,2026-09-20T16:55:44Z,2.0,1,1,1,0,0.5734,0.5164,0.5307,1
401872934,2026-09-20,3915511,Joe Burrow,away,pass_yds,Passing Yards,pass_yds_pg,normal,249.5,book,7 books,229.3,254.0,0.474,under,low,2026-09-20T16:55:44Z,207.0,1,1,1,0,0.3931,0.501,0.474,1
401872934,2026-09-20,3915511,Joe Burrow,away,qb_rush,Rushing Yards,rush_yds_pg,normal,8.5,book,6 books,7.56,20.0,0.4921,under,low,2026-09-20T16:55:44Z,-1.0,1,1,1,0,0.4714,0.499,0.4921,1
401872934,2026-09-20,4035538,David Montgomery,home,anytd,Anytime TD,td_pg,poisson,0.5,book,8 books,0.92,3.0,0.5691,over,low,2026-09-20T16:55:44Z,0.0,1,1,0,0,0.6015,0.5583,0.5691,1
401872934,2026-09-20,4035538,David Montgomery,home,rec,Receptions,rec_pg,negbin,1.5,book,6 books,1.71,3.0,0.5521,over,low,2026-09-20T16:55:44Z,2.0,1,1,1,0,0.4663,0.5807,0.5521,1
401872934,2026-09-20,4035538,David Montgomery,home,rush_att,Rush Attempts,rush_att_pg,negbin,15.5,book,3 books,11.33,20.0,0.4149,under,med,2026-09-20T16:55:44Z,6.0,1,1,1,0,0.147,0.5042,0.4149,1
401872934,2026-09-20,4035538,David Montgomery,home,rush_yds,Rushing Yards,rush_yds_pg,normal,63.5,book,6 books,46.51,60.0,0.4537,under,low,2026-09-20T16:55:44Z,10.0,1,1,1,0,0.3149,0.5,0.4537,1
401872934,2026-09-20,4035538,David Montgomery,home,scrim,Rush + Rec Yards,scrim_yds_pg,normal,79.5,book,4 books,59.48,79.0,0.4555,under,low,2026-09-20T16:55:44Z,24.0,1,1,1,0,0.319,0.501,0.4555,1
401872934,2026-09-20,4239993,Tee Higgins,away,anytd,Anytime TD,td_pg,poisson,0.5,book,8 books,0.61,0.0,0.3758,over,low,2026-09-20T16:55:44Z,0.0,1,1,0,0,0.4551,0.3494,0.3758,1
401872934,2026-09-20,4239993,Tee Higgins,away,rec,Receptions,rec_pg,negbin,3.5,book,6 books,3.74,3.0,0.5523,over,low,2026-09-20T16:55:44Z,5.0,1,1,1,0,0.4838,0.5752,0.5523,1
401872934,2026-09-20,4239993,Tee Higgins,away,rec_yds,Receiving Yards,rec_yds_pg,normal,55.5,book,6 books,56.47,59.0,0.5036,over,low,2026-09-20T16:55:44Z,95.0,1,1,1,0,0.5084,0.502,0.5036,1
401872934,2026-09-20,4362238,Chase Brown,away,anytd,Anytime TD,td_pg,poisson,0.5,book,8 books,0.7,1.0,0.4551,over,low,2026-09-20T16:55:44Z,0.0,1,1,0,0,0.5041,0.4388,0.4551,1
401872934,2026-09-20,4362238,Chase Brown,away,rec,Receptions,rec_pg,negbin,3.5,book,6 books,4.18,5.0,0.5048,over,low,2026-09-20T16:55:44Z,3.0,1,1,0,0,0.5567,0.4875,0.5048,1
401872934,2026-09-20,4362238,Chase Brown,away,rush_att,Rush Attempts,rush_att_pg,negbin,14.5,book,3 books,13.91,16.0,0.4663,under,low,2026-09-20T16:55:44Z,20.0,1,1,0,0,0.4208,0.4815,0.4663,1
401872934,2026-09-20,4362238,Chase Brown,away,rush_yds,Rushing Yards,rush_yds_pg,normal,53.5,book,6 books,58.91,56.0,0.5122,over,low,2026-09-20T16:55:44Z,80.0,1,1,1,0,0.5519,0.499,0.5122,1
401872934,2026-09-20,4362238,Chase Brown,away,scrim,Rush + Rec Yards,scrim_yds_pg,normal,79.5,book,4 books,83.84,78.0,0.5095,over,low,2026-09-20T16:55:44Z,82.0,1,1,1,0,0.5319,0.502,0.5095,1
401872934,2026-09-20,4362628,Ja'Marr Chase,away,anytd,Anytime TD,td_pg,poisson,0.5,book,8 books,0.41,0.0,0.4064,under,med,2026-09-20T16:55:44Z,2.0,1,1,0,0,0.339,0.4288,0.4064,1
401872934,2026-09-20,4362628,Ja'Marr Chase,away,rec,Receptions,rec_pg,negbin,6.5,book,6 books,6.78,2.0,0.4999,over,low,2026-09-20T16:55:44Z,7.0,1,1,1,0,0.4932,0.5021,0.4999,1
401872934,2026-09-20,4362628,Ja'Marr Chase,away,rec_yds,Receiving Yards,rec_yds_pg,normal,77.5,book,6 books,75.06,12.0,0.4973,under,low,2026-09-20T16:55:44Z,75.0,1,1,1,0,0.4831,0.502,0.4973,1
401872934,2026-09-20,4368003,Andrei Iosivas,away,anytd,Anytime TD,td_pg,poisson,0.5,book,8 books,0.1,0.0,0.1321,under,high,2026-09-20T16:55:44Z,0.0,1,1,1,0,0.0928,0.1451,0.1321,1
401872934,2026-09-20,4368003,Andrei Iosivas,away,rec,Receptions,rec_pg,negbin,1.5,book,6 books,1.93,2.0,0.4837,over,low,2026-09-20T16:55:44Z,1.0,1,1,0,0,0.5228,0.4706,0.4837,1
401872934,2026-09-20,4368003,Andrei Iosivas,away,rec_yds,Receiving Yards,rec_yds_pg,normal,14.5,book,6 books,23.18,12.0,0.5403,over,low,2026-09-20T16:55:44Z,7.0,1,1,0,0,0.6338,0.5092,0.5403,1
401872934,2026-09-20,4384852,Dohnte Meyers,away,anytd,Anytime TD,td_pg,poisson,0.5,book,8 books,0.3,0.0,0.1288,under,high,2026-09-20T16:55:44Z,0.0,1,1,1,0,0.2578,0.0858,0.1288,1
401872934,2026-09-20,4426496,Cade Stover,home,anytd,Anytime TD,td_pg,poisson,0.5,book,8 books,0.31,0.0,0.1308,under,high,2026-09-20T16:55:44Z,,0,1,,,0.2661,0.0858,0.1308,1
401872934,2026-09-20,4429022,Kayshon Boutte,home,anytd,Anytime TD,td_pg,poisson,0.5,book,8 books,0.37,0.0,0.2683,under,high,2026-09-20T16:55:44Z,0.0,1,1,1,0,0.3081,0.255,0.2683,1
401872934,2026-09-20,4429022,Kayshon Boutte,home,rec,Receptions,rec_pg,negbin,2.5,book,6 books,2.18,1.0,0.527,under,low,2026-09-20T16:55:44Z,3.0,1,1,0,0,0.3593,0.5829,0.527,1
401872934,2026-09-20,4429022,Kayshon Boutte,home,rec_yds,Receiving Yards,rec_yds_pg,normal,35.5,book,6 books,37.43,21.0,0.5072,over,low,2026-09-20T16:55:44Z,37.0,1,1,1,0,0.5225,0.502,0.5072,1
401872934,2026-09-20,4429059,Woody Marks,home,anytd,Anytime TD,td_pg,poisson,0.5,book,8 books,0.27,0.0,0.28,under,high,2026-09-20T16:55:44Z,0.0,1,1,1,0,0.2355,0.2948,0.28,1
401872934,2026-09-20,4429059,Woody Marks,home,rec,Receptions,rec_pg,negbin,1.5,book,6 books,1.45,1.0,0.4361,under,low,2026-09-20T16:55:44Z,5.0,1,1,0,0,0.3927,0.4506,0.4361,1
401872934,2026-09-20,4429059,Woody Marks,home,rush_att,Rush Attempts,rush_att_pg,negbin,7.5,book,3 books,11.97,9.0,0.5984,over,med,2026-09-20T16:55:44Z,8.0,1,1,1,0,0.8685,0.5083,0.5984,1
401872934,2026-09-20,4429059,Woody Marks,home,rush_yds,Rushing Yards,rush_yds_pg,normal,29.5,book,6 books,44.98,42.0,0.5472,over,low,2026-09-20T16:55:44Z,8.0,1,1,0,0,0.6732,0.5052,0.5472,1
401872934,2026-09-20,4429059,Woody Marks,home,scrim,Rush + Rec Yards,scrim_yds_pg,normal,44.5,book,4 books,55.81,40.0,0.5304,over,low,2026-09-20T16:55:44Z,35.0,1,1,0,0,0.6092,0.5042,0.5304,1
401872934,2026-09-20,4430681,Jared Wayne,home,anytd,Anytime TD,td_pg,poisson,0.5,book,8 books,0.31,0.0,0.1308,under,high,2026-09-20T16:55:44Z,0.0,1,1,1,0,0.2661,0.0858,0.1308,1
401872934,2026-09-20,4432577,C.J. Stroud,home,pass_att,Pass Attempts,pass_att_pg,normal,31.5,book,4 books,32.22,38.0,0.4944,over,low,2026-09-20T16:55:44Z,,1,1,,,0.5385,0.4797,0.4944,1
401872934,2026-09-20,4432577,C.J. Stroud,home,pass_cmp,Completions,pass_cmp_pg,normal,19.5,book,5 books,21.04,26.0,0.5436,over,low,2026-09-20T16:55:44Z,30.0,1,1,1,0,0.6093,0.5218,0.5436,1
401872934,2026-09-20,4432577,C.J. Stroud,home,pass_int,Interceptions,pass_int_pg,poisson,0.5,book,4 books,0.73,0.0,0.508,over,low,2026-09-20T16:55:44Z,0.0,1,1,0,0,0.5194,0.5042,0.508,1
401872934,2026-09-20,4432577,C.J. Stroud,home,pass_td,Passing TDs,pass_td_pg,poisson,1.5,book,6 books,1.51,2.0,0.4585,over,low,2026-09-20T16:55:44Z,0.0,1,1,0,0,0.4456,0.4628,0.4585,1
401872934,2026-09-20,4432577,C.J. Stroud,home,pass_yds,Passing Yards,pass_yds_pg,normal,220.5,book,6 books,233.77,274.0,0.519,over,low,2026-09-20T16:55:44Z,353.0,1,1,1,0,0.5698,0.502,0.519,1
401872934,2026-09-20,4432577,C.J. Stroud,home,qb_rush,Rushing Yards,rush_yds_pg,normal,11.5,book,6 books,15.41,15.0,0.5205,over,low,2026-09-20T16:55:44Z,29.0,1,1,1,0,0.5885,0.4979,0.5205,1
401872934,2026-09-20,4586312,Jaylin Noel,home,anytd,Anytime TD,td_pg,poisson,0.5,book,8 books,0.1,0.0,0.2009,under,high,2026-09-20T16:55:44Z,0.0,1,1,1,0,0.0962,0.2358,0.2009,1
401872934,2026-09-20,4586312,Jaylin Noel,home,rec,Receptions,rec_pg,negbin,2.5,book,6 books,1.64,2.0,0.4283,under,med,2026-09-20T16:55:44Z,1.0,1,1,1,0,0.2409,0.4908,0.4283,1
401872934,2026-09-20,4586312,Jaylin Noel,home,rec_yds,Receiving Yards,rec_yds_pg,normal,27.5,book,6 books,23.87,53.0,0.486,under,low,2026-09-20T16:55:44Z,31.0,1,1,0,0,0.4441,0.5,0.486,1
401872934,2026-09-20,4686422,Xavier Hutchinson,home,anytd,Anytime TD,td_pg,poisson,0.5,book,8 books,0.15,0.0,0.2317,under,high,2026-09-20T16:55:44Z,0.0,1,1,1,0,0.1407,0.2621,0.2317,1
401872934,2026-09-20,4686422,Xavier Hutchinson,home,rec,Receptions,rec_pg,negbin,2.5,book,6 books,2.27,3.0,0.5171,under,low,2026-09-20T16:55:44Z,3.0,1,1,0,0,0.3784,0.5633,0.5171,1
401872934,2026-09-20,4686422,Xavier Hutchinson,home,rec_yds,Receiving Yards,rec_yds_pg,normal,32.5,book,6 books,27.14,32.0,0.4801,under,low,2026-09-20T16:55:44Z,37.0,1,1,0,0,0.4236,0.499,0.4801,1
401872934,2026-09-20,4695705,Marlin Klein,home,anytd,Anytime TD,td_pg,poisson,0.5,book,8 books,0.31,0.0,0.0937,under,high,2026-09-20T16:55:44Z,,0,1,,,0.2661,0.0363,0.0937,1
401872935,2026-09-20,2515270,Michael Burton,away,anytd,Anytime TD,td_pg,poisson,0.5,book,8 books,0.49,0.0,0.1101,under,high,2026-09-20T16:55:44Z,,0,1,,,0.3848,0.0185,0.1101,1
401872935,2026-09-20,3052587,Baker Mayfield,home,pass_att,Pass Attempts,pass_att_pg,normal,28.5,book,4 books,31.8,28.0,0.5513,over,low,2026-09-20T16:55:44Z,,1,1,,,0.6728,0.5108,0.5513,1
401872935,2026-09-20,3052587,Baker Mayfield,home,pass_cmp,Completions,pass_cmp_pg,normal,18.5,book,5 books,20.99,23.0,0.5493,over,low,2026-09-20T16:55:44Z,21.0,1,1,1,0,0.6727,0.5082,0.5493,1
401872935,2026-09-20,3052587,Baker Mayfield,home,pass_int,Interceptions,pass_int_pg,poisson,0.5,book,5 books,0.72,0.0,0.4581,over,low,2026-09-20T16:55:44Z,1.0,1,1,1,0,0.5156,0.439,0.4581,1
401872935,2026-09-20,3052587,Baker Mayfield,home,pass_td,Passing TDs,pass_td_pg,poisson,1.5,book,6 books,1.3,0.0,0.4808,under,low,2026-09-20T16:55:44Z,1.0,1,1,1,0,0.3733,0.5167,0.4808,1
401872935,2026-09-20,3052587,Baker Mayfield,home,pass_yds,Passing Yards,pass_yds_pg,normal,216.5,book,7 books,221.42,216.0,0.5075,over,low,2026-09-20T16:55:44Z,182.0,1,1,0,0,0.527,0.501,0.5075,1
401872935,2026-09-20,3052587,Baker Mayfield,home,qb_rush,Rushing Yards,rush_yds_pg,normal,16.5,book,5 books,24.21,30.0,0.5353,over,low,2026-09-20T16:55:44Z,29.0,1,1,1,0,0.6351,0.502,0.5353,1
401872935,2026-09-20,3116165,Chris Godwin Jr.,home,anytd,Anytime TD,td_pg,poisson,0.5,book,8 books,0.19,0.0,0.2452,under,high,2026-09-20T16:55:44Z,0.0,1,1,1,0,0.1722,0.2695,0.2452,1
401872935,2026-09-20,3116165,Chris Godwin Jr.,home,rec,Receptions,rec_pg,negbin,3.5,book,6 books,3.78,4.0,0.5156,over,low,2026-09-20T16:55:44Z,3.0,1,1,0,0,0.4906,0.5239,0.5156,1
401872935,2026-09-20,3116165,Chris Godwin Jr.,home,rec_yds,Receiving Yards,rec_yds_pg,normal,38.5,book,6 books,40.81,40.0,0.5056,over,low,2026-09-20T16:55:44Z,46.0,1,1,1,0,0.5254,0.499,0.5056,1
401872935,2026-09-20,3122840,Deshaun Watson,away,pass_att,Pass Attempts,pass_att_pg,normal,28.5,book,4 books,17.91,22.0,0.3976,under,med,2026-09-20T16:55:44Z,,1,1,,,0.0226,0.5227,0.3976,1
401872935,2026-09-20,3122840,Deshaun Watson,away,pass_cmp,Completions,pass_cmp_pg,normal,16.5,book,5 books,11.9,16.0,0.4353,under,low,2026-09-20T16:55:44Z,24.0,1,1,0,0,0.1309,0.5368,0.4353,1
401872935,2026-09-20,3122840,Deshaun Watson,away,pass_int,Interceptions,pass_int_pg,poisson,0.5,book,3 books,0.61,0.0,0.5332,over,low,2026-09-20T16:55:44Z,0.0,1,1,0,0,0.4563,0.5588,0.5332,1
401872935,2026-09-20,3122840,Deshaun Watson,away,pass_td,Passing TDs,pass_td_pg,poisson,0.5,book,6 books,1.82,1.0,0.6769,over,high,2026-09-20T16:55:44Z,2.0,1,1,1,0,0.8384,0.623,0.6769,1
401872935,2026-09-20,3122840,Deshaun Watson,away,pass_yds,Passing Yards,pass_yds_pg,normal,174.5,book,5 books,218.67,205.0,0.5575,over,low,2026-09-20T16:55:44Z,238.0,1,1,1,0,0.7299,0.5,0.5575,1
401872935,2026-09-20,3122840,Deshaun Watson,away,qb_rush,Rushing Yards,rush_yds_pg,normal,22.5,book,6 books,30.39,38.0,0.5356,over,low,2026-09-20T16:55:44Z,22.0,1,1,0,0,0.6205,0.5072,0.5356,1
401872935,2026-09-20,4034779,Ko Kieft,home,anytd,Anytime TD,td_pg,poisson,0.5,book,7 books,0.31,0.0,0.0981,under,high,2026-09-20T16:55:44Z,,0,1,,,0.2637,0.0429,0.0981,1
401872935,2026-09-20,4241424,Tylan Wallace,away,anytd,Anytime TD,td_pg,poisson,0.5,book,8 books,0.05,0.0,0.0518,under,high,2026-09-20T16:55:44Z,,0,1,,,0.0498,0.0524,0.0518,1
401872935,2026-09-20,4241463,Jerry Jeudy,away,anytd,Anytime TD,td_pg,poisson,0.5,book,8 books,0.08,0.0,0.1549,under,high,2026-09-20T16:55:44Z,0.0,1,1,1,0,0.0806,0.1797,0.1549,1
401872935,2026-09-20,4241463,Jerry Jeudy,away,rec,Receptions,rec_pg,negbin,2.5,book,6 books,2.56,2.0,0.4853,over,low,2026-09-20T16:55:44Z,0.0,1,1,0,0,0.4412,0.5,0.4853,1
401872935,2026-09-20,4241463,Jerry Jeudy,away,rec_yds,Receiving Yards,rec_yds_pg,normal,27.5,book,7 books,29.03,26.0,0.5068,over,low,2026-09-20T16:55:44Z,0.0,1,1,0,0,0.521,0.502,0.5068,1
401872935,2026-09-20,4243331,Cade Otton,home,anytd,Anytime TD,td_pg,poisson,0.5,book,8 books,0.05,0.0,0.1898,under,high,2026-09-20T16:55:44Z,0.0,1,1,1,0,0.0518,0.2358,0.1898,1
401872935,2026-09-20,4243331,Cade Otton,home,rec,Receptions,rec_pg,negbin,2.5,book,7 books,3.63,3.0,0.5966,over,med,2026-09-20T16:55:44Z,5.0,1,1,1,0,0.6447,0.5806,0.5966,1
401872935,2026-09-20,4243331,Cade Otton,home,rec_yds,Receiving Yards,rec_yds_pg,normal,29.5,book,6 books,34.82,26.0,0.517,over,low,2026-09-20T16:55:44Z,38.0,1,1,1,0,0.5648,0.501,0.517,1
401872935,2026-09-20,4362018,Blake Whiteheart,away,anytd,Anytime TD,td_pg,poisson,0.5,book,8 books,0.26,0.0,0.0875,under,high,2026-09-20T16:55:44Z,1.0,1,1,0,0,0.2269,0.041,0.0875,1
401872935,2026-09-20,4371733,Kenny Gainwell,home,anytd,Anytime TD,td_pg,poisson,0.5,book,8 books,0.4,0.0,0.2936,under,high,2026-09-20T16:55:44Z,0.0,1,1,1,0,0.3297,0.2816,0.2936,1
401872935,2026-09-20,4371733,Kenny Gainwell,home,rec,Receptions,rec_pg,negbin,1.5,book,6 books,3.81,1.0,0.6704,over,high,2026-09-20T16:55:44Z,3.0,1,1,1,0,0.8385,0.6143,0.6704,1
401872935,2026-09-20,4371733,Kenny Gainwell,home,rush_yds,Rushing Yards,rush_yds_pg,normal,26.5,book,5 books,29.41,15.0,0.5108,over,low,2026-09-20T16:55:44Z,10.0,1,1,0,0,0.5433,0.5,0.5108,1
401872935,2026-09-20,4371733,Kenny Gainwell,home,scrim,Rush + Rec Yards,scrim_yds_pg,normal,44.5,book,3 books,54.22,18.0,0.524,over,low,2026-09-20T16:55:44Z,15.0,1,1,0,0,0.596,0.5,0.524,1
401872935,2026-09-20,4567750,Emeka Egbuka,home,anytd,Anytime TD,td_pg,poisson,0.5,book,8 books,0.3,0.0,0.3318,under,high,2026-09-20T16:55:44Z,1.0,1,1,0,0,0.2592,0.356,0.3318,1
401872935,2026-09-20,4567750,Emeka Egbuka,home,rec,Receptions,rec_pg,negbin,3.5,book,6 books,3.99,5.0,0.5668,over,low,2026-09-20T16:55:44Z,3.0,1,1,0,0,0.5251,0.5806,0.5668,1
401872935,2026-09-20,4567750,Emeka Egbuka,home,rec_yds,Receiving Yards,rec_yds_pg,normal,54.5,book,6 books,57.62,63.0,0.5067,over,low,2026-09-20T16:55:44Z,16.0,1,1,0,0,0.5266,0.5,0.5067,1
401872935,2026-09-20,4596448,Bucky Irving,home,anytd,Anytime TD,td_pg,poisson,0.5,book,8 books,0.51,1.0,0.4829,over,low,2026-09-20T16:55:44Z,0.0,1,1,0,0,0.3996,0.5106,0.4829,1
401872935,2026-09-20,4596448,Bucky Irving,home,rec,Receptions,rec_pg,negbin,2.5,book,6 books,3.73,7.0,0.523,over,low,2026-09-20T16:55:44Z,4.0,1,1,1,0,0.6599,0.4773,0.523,1
401872935,2026-09-20,4596448,Bucky Irving,home,rush_att,Rush Attempts,rush_att_pg,negbin,15.5,book,3 books,16.01,8.0,0.4968,over,low,2026-09-20T16:55:44Z,17.0,1,1,1,0,0.5177,0.4899,0.4968,1
401872935,2026-09-20,4596448,Bucky Irving,home,rush_yds,Rushing Yards,rush_yds_pg,normal,65.5,book,6 books,57.64,45.0,0.4809,under,low,2026-09-20T16:55:44Z,89.0,1,1,0,0,0.4237,0.5,0.4809,1
401872935,2026-09-20,4596448,Bucky Irving,home,scrim,Rush + Rec Yards,scrim_yds_pg,normal,86.5,book,4 books,89.36,93.0,0.505,over,low,2026-09-20T16:55:44Z,90.0,1,1,1,0,0.52,0.5,0.505,1
401872935,2026-09-20,4601080,Raheim Sanders,away,anytd,Anytime TD,td_pg,poisson,0.5,book,8 books,0.49,0.0,0.1748,under,high,2026-09-20T16:55:44Z,0.0,1,1,1,0,0.3848,0.1048,0.1748,1
401872935,2026-09-20,4601080,Raheim Sanders,away,rush_yds,Rushing Yards,rush_yds_pg,normal,10.5,book,4 books,4.63,1.0,0.4602,under,low,2026-09-20T16:55:44Z,4.0,1,1,1,0,0.3408,0.5,0.4602,1
401872935,2026-09-20,4608810,Tez Johnson,home,anytd,Anytime TD,td_pg,poisson,0.5,book,7 books,0.27,0.0,0.1173,under,high,2026-09-20T16:55:44Z,0.0,1,1,1,0,0.2333,0.0786,0.1173,1
401872935,2026-09-20,4613104,Malachi Corley,away,anytd,Anytime TD,td_pg,poisson,0.5,book,7 books,0.26,0.0,0.0811,under,high,2026-09-20T16:55:44Z,,0,1,,,0.2269,0.0325,0.0811,1
401872935,2026-09-20,4685540,Carsen Ryan,away,anytd,Anytime TD,td_pg,poisson,0.5,book,7 books,0.26,0.0,0.0875,under,high,2026-09-20T16:55:44Z,,0,1,,,0.2269,0.041,0.0875,1
401872935,2026-09-20,4685702,Quinshon Judkins,away,anytd,Anytime TD,td_pg,poisson,0.5,book,8 books,0.36,0.0,0.3526,under,med,2026-09-20T16:55:44Z,0.0,1,1,1,0,0.3005,0.37,0.3526,1
401872935,2026-09-20,4685702,Quinshon Judkins,away,rec,Receptions,rec_pg,negbin,2.5,book,6 books,1.73,2.0,0.3563,under,med,2026-09-20T16:55:44Z,5.0,1,1,0,0,0.2589,0.3887,0.3563,1
401872935,2026-09-20,4685702,Quinshon Judkins,away,rush_att,Rush Attempts,rush_att_pg,negbin,13.5,book,3 books,14.4,12.0,0.5365,over,low,2026-09-20T16:55:44Z,12.0,1,1,0,0,0.554,0.5306,0.5365,1
401872935,2026-09-20,4685702,Quinshon Judkins,away,rush_yds,Rushing Yards,rush_yds_pg,normal,48.5,book,6 books,46.94,33.0,0.4941,under,low,2026-09-20T16:55:44Z,21.0,1,1,1,0,0.4824,0.498,0.4941,1
401872935,2026-09-20,4685702,Quinshon Judkins,away,scrim,Rush + Rec Yards,scrim_yds_pg,normal,66.5,book,4 books,58.1,50.0,0.4801,under,low,2026-09-20T16:55:44Z,48.0,1,1,1,0,0.4205,0.5,0.4801,1
401872935,2026-09-20,4832800,Denzel Boston,away,anytd,Anytime TD,td_pg,poisson,0.5,book,8 books,0.47,1.0,0.2478,under,high,2026-09-20T16:55:44Z,1.0,1,1,0,0,0.3761,0.2051,0.2478,1
401872935,2026-09-20,4832800,Denzel Boston,away,rec,Receptions,rec_pg,negbin,2.5,book,6 books,3.12,2.0,0.5276,over,low,2026-09-20T16:55:44Z,5.0,1,1,1,0,0.5548,0.5185,0.5276,1
401872935,2026-09-20,4832800,Denzel Boston,away,rec_yds,Receiving Yards,rec_yds_pg,normal,30.5,book,6 books,44.5,59.0,0.5354,over,low,2026-09-20T16:55:44Z,95.0,1,1,1,0,0.6416,0.5,0.5354,1
401872935,2026-09-20,4870653,KC Concepcion,away,anytd,Anytime TD,td_pg,poisson,0.5,book,8 books,0.26,0.0,0.1982,under,high,2026-09-20T16:55:44Z,0.0,1,1,1,0,0.2269,0.1887,0.1982,1
401872935,2026-09-20,4870653,KC Concepcion,away,rec,Receptions,rec_pg,negbin,3.5,book,6 books,3.58,4.0,0.4385,over,low,2026-09-20T16:55:44Z,6.0,1,1,1,0,0.4548,0.4331,0.4385,1
401872935,2026-09-20,4870653,KC Concepcion,away,rec_yds,Receiving Yards,rec_yds_pg,normal,32.5,book,6 books,41.07,43.0,0.524,over,low,2026-09-20T16:55:44Z,28.0,1,1,0,0,0.5929,0.501,0.524,1
401872935,2026-09-20,4870653,KC Concepcion,away,scrim,Rush + Rec Yards,scrim_yds_pg,normal,44.5,book,2 books,44.58,58.0,0.5018,over,low,2026-09-20T16:55:44Z,22.0,1,1,0,0,0.5009,0.5021,0.5018,1
401872935,2026-09-20,4890373,Bauer Sharp,home,anytd,Anytime TD,td_pg,poisson,0.5,book,8 books,0.31,0.0,0.0942,under,high,2026-09-20T16:55:44Z,,0,1,,,0.2637,0.0377,0.0942,1
401872935,2026-09-20,5083076,Harold Fannin Jr.,away,anytd,Anytime TD,td_pg,poisson,0.5,book,8 books,0.31,0.0,0.2209,under,high,2026-09-20T16:55:44Z,0.0,1,1,1,0,0.2685,0.2051,0.2209,1
401872935,2026-09-20,5083076,Harold Fannin Jr.,away,rec,Receptions,rec_pg,negbin,3.5,book,6 books,3.75,2.0,0.5389,over,low,2026-09-20T16:55:44Z,5.0,1,1,1,0,0.4845,0.5571,0.5389,1
401872935,2026-09-20,5083076,Harold Fannin Jr.,away,rec_yds,Receiving Yards,rec_yds_pg,normal,34.5,book,6 books,35.66,21.0,0.5019,over,low,2026-09-20T16:55:44Z,54.0,1,1,1,0,0.5139,0.498,0.5019,1
401872935,2026-09-20,5220680,Ted Hurst III,home,anytd,Anytime TD,td_pg,poisson,0.5,book,8 books,0.31,0.0,0.1791,under,high,2026-09-20T16:55:44Z,0.0,1,1,1,0,0.2637,0.1509,0.1791,1
401872936,2026-09-20,15864,Geno Smith,home,pass_att,Pass Attempts,pass_att_pg,normal,30.5,book,5 books,28.58,24.0,0.4594,under,low,2026-09-20T16:55:44Z,,1,1,,,0.3904,0.4824,0.4594,1
401872936,2026-09-20,15864,Geno Smith,home,pass_cmp,Completions,pass_cmp_pg,normal,20.5,book,6 books,19.73,19.0,0.4802,under,low,2026-09-20T16:55:44Z,27.0,1,1,0,0,0.4431,0.4926,0.4802,1
401872936,2026-09-20,15864,Geno Smith,home,pass_int,Interceptions,pass_int_pg,poisson,0.5,book,5 books,0.69,0.0,0.4766,over,low,2026-09-20T16:55:44Z,0.0,1,1,0,0,0.498,0.4694,0.4766,1
401872936,2026-09-20,15864,Geno Smith,home,pass_td,Passing TDs,pass_td_pg,poisson,1.5,book,6 books,1.02,0.0,0.3308,under,high,2026-09-20T16:55:44Z,1.0,1,1,1,0,0.2731,0.3501,0.3308,1
401872936,2026-09-20,15864,Geno Smith,home,pass_yds,Passing Yards,pass_yds_pg,normal,207.5,book,6 books,197.78,215.0,0.4872,under,low,2026-09-20T16:55:44Z,247.0,1,1,0,0,0.4428,0.502,0.4872,1
401872936,2026-09-20,15864,Geno Smith,home,qb_rush,Rushing Yards,rush_yds_pg,normal,7.5,book,6 books,7.01,7.0,0.5001,under,low,2026-09-20T16:55:44Z,17.0,1,1,0,0,0.4847,0.5052,0.5001,1
401872936,2026-09-20,3054212,Jonnu Smith,away,anytd,Anytime TD,td_pg,poisson,0.5,book,7 books,0.15,0.0,0.1291,under,high,2026-09-20T16:55:44Z,,0,1,,,0.139,0.1258,0.1291,1
401872936,2026-09-20,3054212,Jonnu Smith,away,rec,Receptions,rec_pg,negbin,1.5,book,6 books,2.2,2.0,0.4856,over,low,2026-09-20T16:55:44Z,,0,1,,,0.5868,0.4518,0.4856,1
401872936,2026-09-20,3054212,Jonnu Smith,away,rec_yds,Receiving Yards,rec_yds_pg,normal,12.5,book,6 books,19.56,50.0,0.5284,over,low,2026-09-20T16:55:44Z,,0,1,,,0.6199,0.498,0.5284,1
401872936,2026-09-20,3125107,Andrew Beck,home,anytd,Anytime TD,td_pg,poisson,0.5,book,8 books,0.1,0.0,0.0479,under,high,2026-09-20T16:55:44Z,0,1,1,1,0,0.0907,0.0337,0.0479,1
401872936,2026-09-20,3149687,Chris Brooks,away,anytd,Anytime TD,td_pg,poisson,0.5,book,8 books,0.58,0.0,0.3535,over,low,2026-09-20T16:55:44Z,0.0,1,1,0,0,0.4381,0.3253,0.3535,1
401872936,2026-09-20,3149687,Chris Brooks,away,rec,Receptions,rec_pg,negbin,1.5,book,6 books,0.64,0.0,0.3625,under,med,2026-09-20T16:55:44Z,1.0,1,1,1,0,0.1509,0.433,0.3625,1
401872936,2026-09-20,3149687,Chris Brooks,away,rush_yds,Rushing Yards,rush_yds_pg,normal,24.5,book,6 books,10.21,29.0,0.4262,under,med,2026-09-20T16:55:44Z,11.0,1,1,1,0,0.2017,0.501,0.4262,1
401872936,2026-09-20,3149687,Chris Brooks,away,scrim,Rush + Rec Yards,scrim_yds_pg,normal,38.5,book,3 books,14.75,29.0,0.4067,under,med,2026-09-20T16:55:44Z,26.0,1,1,1,0,0.1299,0.499,0.4067,1
401872936,2026-09-20,4036378,Jordan Love,away,pass_att,Pass Attempts,pass_att_pg,normal,33.5,book,4 books,31.51,42.0,0.4558,under,low,2026-09-20T16:55:44Z,,1,1,,,0.3932,0.4767,0.4558,1
401872936,2026-09-20,4036378,Jordan Love,away,pass_cmp,Completions,pass_cmp_pg,normal,20.5,book,5 books,19.75,21.0,0.5077,under,low,2026-09-20T16:55:44Z,16.0,1,1,1,0,0.444,0.5289,0.5077,1
401872936,2026-09-20,4036378,Jordan Love,away,pass_int,Interceptions,pass_int_pg,poisson,0.5,book,5 books,0.72,0.0,0.4798,over,low,2026-09-20T16:55:44Z,0.0,1,1,0,0,0.5148,0.4681,0.4798,1
401872936,2026-09-20,4036378,Jordan Love,away,pass_td,Passing TDs,pass_td_pg,poisson,1.5,book,7 books,1.64,2.0,0.5245,over,low,2026-09-20T16:55:44Z,2.0,1,1,1,0,0.4878,0.5368,0.5245,1
401872936,2026-09-20,4036378,Jordan Love,away,pass_yds,Passing Yards,pass_yds_pg,normal,251.5,book,7 books,256.81,387.0,0.5073,over,low,2026-09-20T16:55:44Z,145.0,1,1,0,0,0.5263,0.501,0.5073,1
401872936,2026-09-20,4036378,Jordan Love,away,qb_rush,Rushing Yards,rush_yds_pg,normal,7.5,book,7 books,11.25,0.0,0.5328,over,low,2026-09-20T16:55:44Z,,1,1,,,0.5975,0.5112,0.5328,1
401872936,2026-09-20,4241410,Jelani Woods,home,anytd,Anytime TD,td_pg,poisson,0.5,book,8 books,0.29,0.0,0.1221,under,high,2026-09-20T16:55:44Z,,0,1,,,0.2525,0.0786,0.1221,1
401872936,2026-09-20,4248528,Christian Watson,away,anytd,Anytime TD,td_pg,poisson,0.5,book,8 books,0.85,2.0,0.3956,over,low,2026-09-20T16:55:44Z,1.0,1,1,1,0,0.5718,0.3369,0.3956,1
401872936,2026-09-20,4248528,Christian Watson,away,rec,Receptions,rec_pg,negbin,4.5,book,6 books,3.93,6.0,0.4145,under,med,2026-09-20T16:55:44Z,4.0,1,1,1,0,0.3577,0.4335,0.4145,1
401872936,2026-09-20,4248528,Christian Watson,away,rec_yds,Receiving Yards,rec_yds_pg,normal,61.5,book,6 books,76.75,147.0,0.5272,over,low,2026-09-20T16:55:44Z,41.0,1,1,0,0,0.6027,0.502,0.5272,1
401872936,2026-09-20,4259305,Bo Melton,away,anytd,Anytime TD,td_pg,poisson,0.5,book,8 books,0.05,0.0,0.0772,under,high,2026-09-20T16:55:44Z,0.0,1,1,1,0,0.0516,0.0858,0.0772,1
401872936,2026-09-20,4361372,Jeremy Ruckert,home,anytd,Anytime TD,td_pg,poisson,0.5,book,8 books,0.05,0.0,0.0621,under,high,2026-09-20T16:55:44Z,0.0,1,1,1,0,0.0464,0.0674,0.0621,1
401872936,2026-09-20,4362249,Jayden Reed,away,anytd,Anytime TD,td_pg,poisson,0.5,book,8 books,0.12,0.0,0.2198,under,high,2026-09-20T16:55:44Z,0.0,1,1,1,0,0.1141,0.255,0.2198,1
401872936,2026-09-20,4362249,Jayden Reed,away,rec,Receptions,rec_pg,negbin,3.5,book,6 books,2.77,3.0,0.4291,under,med,2026-09-20T16:55:44Z,1.0,1,1,1,0,0.308,0.4694,0.4291,1
401872936,2026-09-20,4362249,Jayden Reed,away,rec_yds,Receiving Yards,rec_yds_pg,normal,37.5,book,6 books,28.47,20.0,0.4699,under,low,2026-09-20T16:55:44Z,4.0,1,1,1,0,0.3764,0.501,0.4699,1
401872936,2026-09-20,4427366,Breece Hall,home,anytd,Anytime TD,td_pg,poisson,0.5,book,8 books,0.41,1.0,0.4554,under,low,2026-09-20T16:55:44Z,0.0,1,1,1,0,0.3392,0.4942,0.4554,1
401872936,2026-09-20,4427366,Breece Hall,home,rec,Receptions,rec_pg,negbin,2.5,book,6 books,2.18,2.0,0.4891,under,low,2026-09-20T16:55:44Z,5.0,1,1,0,0,0.3607,0.5319,0.4891,1
401872936,2026-09-20,4427366,Breece Hall,home,rush_att,Rush Attempts,rush_att_pg,negbin,15.5,book,3 books,16.15,22.0,0.5291,over,low,2026-09-20T16:55:44Z,16.0,1,1,1,0,0.5296,0.5289,0.5291,1
401872936,2026-09-20,4427366,Breece Hall,home,rush_yds,Rushing Yards,rush_yds_pg,normal,65.5,book,6 books,70.3,102.0,0.5101,over,low,2026-09-20T16:55:44Z,29.0,1,1,0,0,0.5405,0.5,0.5101,1
401872936,2026-09-20,4427366,Breece Hall,home,scrim,Rush + Rec Yards,scrim_yds_pg,normal,89.5,book,4 books,90.57,118.0,0.5026,over,low,2026-09-20T16:55:44Z,92.0,1,1,1,0,0.5074,0.501,0.5026,1
401872936,2026-09-20,4429023,MarShawn Lloyd,away,anytd,Anytime TD,td_pg,poisson,0.5,book,8 books,0.58,0.0,0.4119,over,low,2026-09-20T16:55:44Z,1.0,1,1,1,0,0.4381,0.4032,0.4119,1
401872936,2026-09-20,4429023,MarShawn Lloyd,away,rec,Receptions,rec_pg,negbin,1.5,book,6 books,0.09,0.0,0.2976,under,high,2026-09-20T16:55:44Z,2.0,1,1,0,0,0.015,0.3917,0.2976,1
401872936,2026-09-20,4429023,MarShawn Lloyd,away,rush_att,Rush Attempts,rush_att_pg,negbin,13.5,book,4 books,13.63,13.0,0.5124,over,low,2026-09-20T16:55:44Z,6.0,1,1,0,0,0.4842,0.5217,0.5124,1
401872936,2026-09-20,4429023,MarShawn Lloyd,away,rush_yds,Rushing Yards,rush_yds_pg,normal,49.5,book,6 books,57.94,37.0,0.5204,over,low,2026-09-20T16:55:44Z,20.0,1,1,0,0,0.5816,0.5,0.5204,1
401872936,2026-09-20,4429023,MarShawn Lloyd,away,scrim,Rush + Rec Yards,scrim_yds_pg,normal,60.5,book,4 books,71.74,37.0,0.5253,over,low,2026-09-20T16:55:44Z,26.0,1,1,0,0,0.5918,0.5031,0.5253,1
401872936,2026-09-20,4429105,Arian Smith,home,anytd,Anytime TD,td_pg,poisson,0.5,book,8 books,0.29,0.0,0.0926,under,high,2026-09-20T16:55:44Z,0,1,1,1,0,0.2525,0.0393,0.0926,1
401872936,2026-09-20,4430191,Skyy Moore,away,anytd,Anytime TD,td_pg,poisson,0.5,book,8 books,0.31,0.0,0.11,under,high,2026-09-20T16:55:44Z,0.0,1,1,1,0,0.2631,0.059,0.11,1
401872936,2026-09-20,4569371,Isaiah Williams,home,anytd,Anytime TD,td_pg,poisson,0.5,book,8 books,0.29,0.0,0.181,under,high,2026-09-20T16:55:44Z,0.0,1,1,1,0,0.2525,0.1572,0.181,1
401872936,2026-09-20,4569371,Isaiah Williams,home,rec,Receptions,rec_pg,negbin,1.5,book,3 books,1.59,1.0,0.4549,over,low,2026-09-20T16:55:44Z,6.0,1,1,1,0,0.4337,0.462,0.4549,1
401872936,2026-09-20,4569371,Isaiah Williams,home,rec_yds,Receiving Yards,rec_yds_pg,normal,11.5,book,2 books,11.53,7.0,0.4978,over,low,2026-09-20T16:55:44Z,34.0,1,1,1,0,0.5007,0.4968,0.4978,1
401872936,2026-09-20,4569618,Garrett Wilson,home,anytd,Anytime TD,td_pg,poisson,0.5,book,8 books,0.46,0.0,0.3365,under,high,2026-09-20T16:55:44Z,1.0,1,1,0,0,0.3699,0.3253,0.3365,1
401872936,2026-09-20,4569618,Garrett Wilson,home,rec,Receptions,rec_pg,negbin,5.5,book,6 books,5.23,6.0,0.501,under,low,2026-09-20T16:55:44Z,5.0,1,1,1,0,0.4146,0.5298,0.501,1
401872936,2026-09-20,4569618,Garrett Wilson,home,rec_yds,Receiving Yards,rec_yds_pg,normal,66.5,book,6 books,58.39,79.0,0.4861,under,low,2026-09-20T16:55:44Z,57.0,1,1,1,0,0.4318,0.5042,0.4861,1
401872936,2026-09-20,4572680,Tucker Kraft,away,anytd,Anytime TD,td_pg,poisson,0.5,book,8 books,0.64,0.0,0.3704,over,low,2026-09-20T16:55:44Z,0.0,1,1,0,0,0.4706,0.3369,0.3704,1
401872936,2026-09-20,4572680,Tucker Kraft,away,rec,Receptions,rec_pg,negbin,3.5,book,7 books,3.85,3.0,0.5293,over,low,2026-09-20T16:55:44Z,2.0,1,1,0,0,0.5019,0.5384,0.5293,1
401872936,2026-09-20,4572680,Tucker Kraft,away,rec_yds,Receiving Yards,rec_yds_pg,normal,44.5,book,6 books,62.87,65.0,0.5358,over,low,2026-09-20T16:55:44Z,15.0,1,1,0,0,0.6434,0.5,0.5358,1
401872936,2026-09-20,4597500,Adonai Mitchell,home,anytd,Anytime TD,td_pg,poisson,0.5,book,8 books,0.1,0.0,0.1848,under,high,2026-09-20T16:55:44Z,0.0,1,1,1,0,0.0961,0.2144,0.1848,1
401872936,2026-09-20,4597500,Adonai Mitchell,home,rec,Receptions,rec_pg,negbin,2.5,book,5 books,2.2,3.0,0.4864,under,low,2026-09-20T16:55:44Z,6.0,1,1,0,0,0.363,0.5276,0.4864,1
401872936,2026-09-20,4597500,Adonai Mitchell,home,rec_yds,Receiving Yards,rec_yds_pg,normal,34.5,book,6 books,32.59,60.0,0.4939,under,low,2026-09-20T16:55:44Z,63.0,1,1,0,0,0.4756,0.5,0.4939,1
401872936,2026-09-20,4685247,Braelon Allen,home,anytd,Anytime TD,td_pg,poisson,0.5,book,8 books,0.55,0.0,0.2741,over,low,2026-09-20T16:55:44Z,1.0,1,1,1,0,0.4227,0.2246,0.2741,1
401872936,2026-09-20,4685247,Braelon Allen,home,rush_yds,Rushing Yards,rush_yds_pg,normal,23.5,book,6 books,55.95,40.0,0.5752,over,med,2026-09-20T16:55:44Z,7.0,1,1,0,0,0.7916,0.5031,0.5752,1
401872936,2026-09-20,4701936,Matthew Golden,away,anytd,Anytime TD,td_pg,poisson,0.5,book,8 books,0.31,0.0,0.2739,under,high,2026-09-20T16:55:44Z,0.0,1,1,1,0,0.2631,0.2775,0.2739,1
401872936,2026-09-20,4701936,Matthew Golden,away,rec,Receptions,rec_pg,negbin,3.5,book,6 books,2.74,6.0,0.4934,under,low,2026-09-20T16:55:44Z,4.0,1,1,0,0,0.3015,0.5574,0.4934,1
401872936,2026-09-20,4701936,Matthew Golden,away,rec_yds,Receiving Yards,rec_yds_pg,normal,49.5,book,6 books,37.98,95.0,0.4681,under,low,2026-09-20T16:55:44Z,58.0,1,1,0,0,0.3694,0.501,0.4681,1
401872936,2026-09-20,4808766,Mason Taylor,home,anytd,Anytime TD,td_pg,poisson,0.5,book,8 books,0.06,0.0,0.133,under,high,2026-09-20T16:55:44Z,,0,1,,,0.0603,0.1572,0.133,1
401872936,2026-09-20,4808766,Mason Taylor,home,rec,Receptions,rec_pg,negbin,2.5,book,6 books,3.12,2.0,0.5098,over,low,2026-09-20T16:55:44Z,,0,1,,,0.5549,0.4948,0.5098,1
401872936,2026-09-20,4808766,Mason Taylor,home,rec_yds,Receiving Yards,rec_yds_pg,normal,17.5,book,7 books,22.95,0.0,0.5221,over,low,2026-09-20T16:55:44Z,,0,1,,,0.5855,0.501,0.5221,1
401872936,2026-09-20,5083315,Kenyon Sadiq,home,anytd,Anytime TD,td_pg,poisson,0.5,book,8 books,0.53,1.0,0.2213,over,low,2026-09-20T16:55:44Z,0.0,1,1,0,0,0.4135,0.1572,0.2213,1
401872936,2026-09-20,5083315,Kenyon Sadiq,home,rec,Receptions,rec_pg,negbin,2.5,book,6 books,3.61,3.0,0.5146,over,low,2026-09-20T16:55:44Z,2.0,1,1,0,0,0.6413,0.4723,0.5146,1
401872936,2026-09-20,5083315,Kenyon Sadiq,home,rec_yds,Receiving Yards,rec_yds_pg,normal,20.5,book,6 books,41.12,21.0,0.552,over,low,2026-09-20T16:55:44Z,17.0,1,1,0,0,0.714,0.498,0.552,1
401872937,2026-09-20,2573079,Carson Wentz,away,pass_att,Pass Attempts,pass_att_pg,normal,31.5,book,4 books,30.27,19.0,0.4829,under,low,2026-09-20T16:55:44Z,,1,1,,,0.4317,0.5,0.4829,1
401872937,2026-09-20,2573079,Carson Wentz,away,pass_cmp,Completions,pass_cmp_pg,normal,19.5,book,5 books,19.64,12.0,0.5118,over,low,2026-09-20T16:55:44Z,11.0,1,1,0,0,0.5108,0.5121,0.5118,1
401872937,2026-09-20,2573079,Carson Wentz,away,pass_int,Interceptions,pass_int_pg,poisson,0.5,book,5 books,0.67,0.0,0.5251,over,low,2026-09-20T16:55:44Z,0.0,1,1,0,0,0.4899,0.5368,0.5251,1
401872937,2026-09-20,2573079,Carson Wentz,away,pass_td,Passing TDs,pass_td_pg,poisson,1.5,book,6 books,1.42,3.0,0.3981,under,med,2026-09-20T16:55:44Z,0.0,1,1,1,0,0.4154,0.3923,0.3981,1
401872937,2026-09-20,2573079,Carson Wentz,away,pass_yds,Passing Yards,pass_yds_pg,normal,214.5,book,6 books,213.01,133.0,0.4987,under,low,2026-09-20T16:55:44Z,143.0,1,1,1,0,0.4916,0.501,0.4987,1
401872937,2026-09-20,2573079,Carson Wentz,away,qb_rush,Rushing Yards,rush_yds_pg,normal,8.5,book,5 books,9.0,0.0,0.5043,over,low,2026-09-20T16:55:44Z,6.0,1,1,0,0,0.5143,0.501,0.5043,1
401872937,2026-09-20,2973405,Kalif Raymond,home,anytd,Anytime TD,td_pg,poisson,0.5,book,8 books,0.06,0.0,0.1711,under,high,2026-09-20T16:55:44Z,0.0,1,1,1,0,0.0555,0.2096,0.1711,1
401872937,2026-09-20,2973405,Kalif Raymond,home,rec,Receptions,rec_pg,negbin,2.5,book,6 books,2.72,8.0,0.4257,over,low,2026-09-20T16:55:44Z,5.0,1,1,1,0,0.4757,0.409,0.4257,1
401872937,2026-09-20,2973405,Kalif Raymond,home,rec_yds,Receiving Yards,rec_yds_pg,normal,23.5,book,6 books,30.87,84.0,0.5234,over,low,2026-09-20T16:55:44Z,40.0,1,1,1,0,0.5966,0.499,0.5234,1
401872937,2026-09-20,3042519,Aaron Jones Sr.,away,anytd,Anytime TD,td_pg,poisson,0.5,book,8 books,0.36,1.0,0.4935,under,low,2026-09-20T16:55:44Z,0.0,1,1,1,0,0.299,0.5583,0.4935,1
401872937,2026-09-20,3042519,Aaron Jones Sr.,away,rec,Receptions,rec_pg,negbin,2.5,book,6 books,1.88,0.0,0.4698,under,low,2026-09-20T16:55:44Z,,1,1,,,0.2926,0.5289,0.4698,1
401872937,2026-09-20,3042519,Aaron Jones Sr.,away,rush_att,Rush Attempts,rush_att_pg,negbin,14.5,book,3 books,10.79,12.0,0.4234,under,med,2026-09-20T16:55:44Z,23.0,1,1,0,0,0.1664,0.509,0.4234,1
401872937,2026-09-20,3042519,Aaron Jones Sr.,away,rush_yds,Rushing Yards,rush_yds_pg,normal,60.5,book,6 books,42.37,40.0,0.4481,under,low,2026-09-20T16:55:44Z,105.0,1,1,0,0,0.2924,0.5,0.4481,1
401872937,2026-09-20,3042519,Aaron Jones Sr.,away,scrim,Rush + Rec Yards,scrim_yds_pg,normal,79.5,book,4 books,55.46,40.0,0.4443,under,low,2026-09-20T16:55:44Z,105.0,1,1,0,0,0.277,0.5,0.4443,1
401872937,2026-09-20,3921690,Josh Oliver,away,anytd,Anytime TD,td_pg,poisson,0.5,book,8 books,0.21,0.0,0.1485,under,high,2026-09-20T16:55:44Z,0.0,1,1,1,0,0.1898,0.1348,0.1485,1
401872937,2026-09-20,3921690,Josh Oliver,away,rec,Receptions,rec_pg,negbin,1.5,book,6 books,1.13,2.0,0.4448,under,low,2026-09-20T16:55:44Z,1.0,1,1,1,0,0.2978,0.4938,0.4448,1
401872937,2026-09-20,3921690,Josh Oliver,away,rec_yds,Receiving Yards,rec_yds_pg,normal,13.5,book,6 books,11.9,22.0,0.4921,under,low,2026-09-20T16:55:44Z,24.0,1,1,0,0,0.4652,0.501,0.4921,1
401872937,2026-09-20,4036133,T.J. Hockenson,away,anytd,Anytime TD,td_pg,poisson,0.5,book,8 books,0.32,1.0,0.2362,under,high,2026-09-20T16:55:44Z,0.0,1,1,1,0,0.2708,0.2246,0.2362,1
401872937,2026-09-20,4036133,T.J. Hockenson,away,rec,Receptions,rec_pg,negbin,3.5,book,7 books,3.38,4.0,0.4868,under,low,2026-09-20T16:55:44Z,3.0,1,1,1,0,0.4194,0.5093,0.4868,1
401872937,2026-09-20,4036133,T.J. Hockenson,away,rec_yds,Receiving Yards,rec_yds_pg,normal,30.5,book,6 books,28.74,36.0,0.4939,under,low,2026-09-20T16:55:44Z,29.0,1,1,1,0,0.4756,0.5,0.4939,1
401872937,2026-09-20,4240631,DeeJay Dallas,away,anytd,Anytime TD,td_pg,poisson,0.5,book,7 books,0.54,0.0,0.2217,over,low,2026-09-20T16:55:44Z,0.0,1,1,0,0,0.4152,0.1572,0.2217,1
401872937,2026-09-20,4258595,Cole Kmet,home,anytd,Anytime TD,td_pg,poisson,0.5,book,8 books,0.28,1.0,0.1942,under,high,2026-09-20T16:55:44Z,0.0,1,1,1,0,0.2428,0.178,0.1942,1
401872937,2026-09-20,4258595,Cole Kmet,home,rec,Receptions,rec_pg,negbin,1.5,book,6 books,1.93,2.0,0.4905,over,low,2026-09-20T16:55:44Z,0.0,1,1,0,0,0.5229,0.4797,0.4905,1
401872937,2026-09-20,4258595,Cole Kmet,home,rec_yds,Receiving Yards,rec_yds_pg,normal,13.5,book,6 books,24.56,35.0,0.5408,over,low,2026-09-20T16:55:44Z,0.0,1,1,0,0,0.6633,0.5,0.5408,1
401872937,2026-09-20,4259545,D'Andre Swift,home,anytd,Anytime TD,td_pg,poisson,0.5,book,8 books,1.05,3.0,0.5701,over,med,2026-09-20T16:55:44Z,0.0,1,1,0,0,0.6496,0.5437,0.5701,1
401872937,2026-09-20,4259545,D'Andre Swift,home,rec,Receptions,rec_pg,negbin,1.5,book,6 books,1.98,1.0,0.5389,over,low,2026-09-20T16:55:44Z,5.0,1,1,1,0,0.5334,0.5408,0.5389,1
401872937,2026-09-20,4259545,D'Andre Swift,home,rush_att,Rush Attempts,rush_att_pg,negbin,13.5,book,3 books,14.91,18.0,0.5545,over,low,2026-09-20T16:55:44Z,16.0,1,1,1,0,0.598,0.54,0.5545,1
401872937,2026-09-20,4259545,D'Andre Swift,home,rush_yds,Rushing Yards,rush_yds_pg,normal,60.5,book,6 books,79.38,124.0,0.5372,over,low,2026-09-20T16:55:44Z,45.0,1,1,0,0,0.6425,0.502,0.5372,1
401872937,2026-09-20,4259545,D'Andre Swift,home,scrim,Rush + Rec Yards,scrim_yds_pg,normal,75.5,book,4 books,97.09,134.0,0.5363,over,low,2026-09-20T16:55:44Z,99.0,1,1,1,0,0.6392,0.502,0.5363,1
401872937,2026-09-20,4262921,Justin Jefferson,away,anytd,Anytime TD,td_pg,poisson,0.5,book,8 books,0.41,2.0,0.356,under,med,2026-09-20T16:55:44Z,0.0,1,1,1,0,0.3355,0.3628,0.356,1
401872937,2026-09-20,4262921,Justin Jefferson,away,rec,Receptions,rec_pg,negbin,6.5,book,6 books,5.27,8.0,0.4389,under,low,2026-09-20T16:55:44Z,3.0,1,1,1,0,0.296,0.4866,0.4389,1
401872937,2026-09-20,4262921,Justin Jefferson,away,rec_yds,Receiving Yards,rec_yds_pg,normal,79.5,book,6 books,63.2,92.0,0.4682,under,low,2026-09-20T16:55:44Z,55.0,1,1,1,0,0.3726,0.5,0.4682,1
401872937,2026-09-20,4426386,Roschon Johnson,home,anytd,Anytime TD,td_pg,poisson,0.5,book,8 books,0.58,0.0,0.1375,over,low,2026-09-20T16:55:44Z,,0,1,,,0.4411,0.0363,0.1375,1
401872937,2026-09-20,4429205,Jordan Addison,away,anytd,Anytime TD,td_pg,poisson,0.5,book,8 books,0.23,0.0,0.2367,under,high,2026-09-20T16:55:44Z,0.0,1,1,1,0,0.2019,0.2483,0.2367,1
401872937,2026-09-20,4429205,Jordan Addison,away,rec,Receptions,rec_pg,negbin,3.5,book,6 books,2.42,0.0,0.4032,under,med,2026-09-20T16:55:44Z,2.0,1,1,1,0,0.2436,0.4565,0.4032,1
401872937,2026-09-20,4429205,Jordan Addison,away,rec_yds,Receiving Yards,rec_yds_pg,normal,40.5,book,6 books,34.4,0.0,0.4805,under,low,2026-09-20T16:55:44Z,21.0,1,1,1,0,0.4252,0.499,0.4805,1
401872937,2026-09-20,4431299,Rome Odunze,home,anytd,Anytime TD,td_pg,poisson,0.5,book,8 books,0.43,0.0,0.3153,under,high,2026-09-20T16:55:44Z,0.0,1,1,1,0,0.3482,0.3043,0.3153,1
401872937,2026-09-20,4431299,Rome Odunze,home,rec,Receptions,rec_pg,negbin,2.5,book,6 books,3.46,2.0,0.5481,over,low,2026-09-20T16:55:44Z,3.0,1,1,1,0,0.6155,0.5256,0.5481,1
401872937,2026-09-20,4431299,Rome Odunze,home,rec_yds,Receiving Yards,rec_yds_pg,normal,39.5,book,6 books,56.05,52.0,0.5368,over,low,2026-09-20T16:55:44Z,43.0,1,1,1,0,0.6412,0.502,0.5368,1
401872937,2026-09-20,4431611,Caleb Williams,home,pass_att,Pass Attempts,pass_att_pg,normal,31.5,book,5 books,33.34,29.0,0.5215,over,low,2026-09-20T16:55:44Z,,1,1,,,0.5954,0.4969,0.5215,1
401872937,2026-09-20,4431611,Caleb Williams,home,pass_cmp,Completions,pass_cmp_pg,normal,19.5,book,6 books,20.07,21.0,0.5021,over,low,2026-09-20T16:55:44Z,15.0,1,1,0,0,0.5422,0.4888,0.5021,1
401872937,2026-09-20,4431611,Caleb Williams,home,pass_int,Interceptions,pass_int_pg,poisson,0.5,book,5 books,0.73,0.0,0.4584,over,low,2026-09-20T16:55:44Z,1.0,1,1,1,0,0.518,0.4385,0.4584,1
401872937,2026-09-20,4431611,Caleb Williams,home,pass_td,Passing TDs,pass_td_pg,poisson,1.5,book,7 books,1.7,2.0,0.5171,over,low,2026-09-20T16:55:44Z,0.0,1,1,0,0,0.5073,0.5203,0.5171,1
401872937,2026-09-20,4431611,Caleb Williams,home,pass_yds,Passing Yards,pass_yds_pg,normal,226.5,book,7 books,244.53,269.0,0.5221,over,low,2026-09-20T16:55:44Z,138.0,1,1,0,0,0.5917,0.499,0.5221,1
401872937,2026-09-20,4431611,Caleb Williams,home,qb_rush,Rushing Yards,rush_yds_pg,normal,27.5,book,6 books,30.66,65.0,0.5106,over,low,2026-09-20T16:55:44Z,42.0,1,1,1,0,0.5487,0.498,0.5106,1
401872937,2026-09-20,4608686,Kyle Monangai,home,anytd,Anytime TD,td_pg,poisson,0.5,book,8 books,0.42,1.0,0.3269,under,high,2026-09-20T16:55:44Z,0.0,1,1,1,0,0.3449,0.3209,0.3269,1
401872937,2026-09-20,4608686,Kyle Monangai,home,rec,Receptions,rec_pg,negbin,1.5,book,6 books,1.24,2.0,0.3949,under,med,2026-09-20T16:55:44Z,2.0,1,1,0,0,0.3318,0.416,0.3949,1
401872937,2026-09-20,4608686,Kyle Monangai,home,rush_att,Rush Attempts,rush_att_pg,negbin,8.5,book,3 books,10.15,10.0,0.5441,over,low,2026-09-20T16:55:44Z,10.0,1,1,1,0,0.6453,0.5104,0.5441,1
401872937,2026-09-20,4608686,Kyle Monangai,home,rush_yds,Rushing Yards,rush_yds_pg,normal,36.5,book,7 books,56.54,100.0,0.5469,over,low,2026-09-20T16:55:44Z,47.0,1,1,1,0,0.6907,0.499,0.5469,1
401872937,2026-09-20,4608686,Kyle Monangai,home,scrim,Rush + Rec Yards,scrim_yds_pg,normal,52.5,book,2 books,68.91,124.0,0.5325,over,low,2026-09-20T16:55:44Z,58.0,1,1,1,0,0.6363,0.4979,0.5325,1
401872937,2026-09-20,4685278,Luther Burden III,home,anytd,Anytime TD,td_pg,poisson,0.5,book,8 books,0.11,0.0,0.2752,under,high,2026-09-20T16:55:44Z,0.0,1,1,1,0,0.1079,0.331,0.2752,1
401872937,2026-09-20,4685278,Luther Burden III,home,rec,Receptions,rec_pg,negbin,4.5,book,6 books,3.51,5.0,0.4008,under,med,2026-09-20T16:55:44Z,3.0,1,1,1,0,0.2912,0.4373,0.4008,1
401872937,2026-09-20,4685278,Luther Burden III,home,rec_yds,Receiving Yards,rec_yds_pg,normal,50.5,book,7 books,47.99,63.0,0.4923,under,low,2026-09-20T16:55:44Z,32.0,1,1,1,0,0.4755,0.498,0.4923,1
401872937,2026-09-20,4723086,Colston Loveland,home,anytd,Anytime TD,td_pg,poisson,0.5,book,8 books,0.32,0.0,0.3169,under,high,2026-09-20T16:55:44Z,0.0,1,1,1,0,0.2746,0.331,0.3169,1
401872937,2026-09-20,4723086,Colston Loveland,home,rec,Receptions,rec_pg,negbin,4.5,book,6 books,3.08,0.0,0.4297,under,med,2026-09-20T16:55:44Z,1.0,1,1,1,0,0.2251,0.498,0.4297,1
401872937,2026-09-20,4723086,Colston Loveland,home,rec_yds,Receiving Yards,rec_yds_pg,normal,53.5,book,6 books,38.14,0.0,0.4572,under,low,2026-09-20T16:55:44Z,3.0,1,1,1,0,0.3288,0.5,0.4572,1
401872937,2026-09-20,5160110,Jahdae Walker,home,anytd,Anytime TD,td_pg,poisson,0.5,book,8 books,0.36,1.0,0.1432,under,high,2026-09-20T16:55:44Z,,0,1,,,0.3033,0.0898,0.1432,1
401872938,2026-09-20,2576581,Chris Moore,home,anytd,Anytime TD,td_pg,poisson,0.5,book,7 books,0.07,0.0,0.1217,under,high,2026-09-20T16:55:44Z,0.0,1,1,1,0,0.0675,0.1398,0.1217,1
401872938,2026-09-20,3043078,Derrick Henry,home,anytd,Anytime TD,td_pg,poisson,0.5,book,8 books,1.51,3.0,0.7001,over,high,2026-09-20T16:55:44Z,1.0,1,1,1,0,0.7788,0.6739,0.7001,1
401872938,2026-09-20,3043078,Derrick Henry,home,rec,Receptions,rec_pg,negbin,1.5,book,5 books,0.99,1.0,0.3232,under,high,2026-09-20T16:55:44Z,3.0,1,1,0,0,0.2567,0.3453,0.3232,1
401872938,2026-09-20,3043078,Derrick Henry,home,rush_att,Rush Attempts,rush_att_pg,negbin,20.5,book,4 books,20.95,24.0,0.4882,over,low,2026-09-20T16:55:44Z,16.0,1,1,0,0,0.5107,0.4807,0.4882,1
401872938,2026-09-20,3043078,Derrick Henry,home,rush_yds,Rushing Yards,rush_yds_pg,normal,95.5,book,6 books,120.03,144.0,0.5349,over,low,2026-09-20T16:55:44Z,68.0,1,1,0,0,0.6333,0.502,0.5349,1
401872938,2026-09-20,3043078,Derrick Henry,home,scrim,Rush + Rec Yards,scrim_yds_pg,normal,105.5,book,4 books,132.38,163.0,0.5339,over,low,2026-09-20T16:55:44Z,87.0,1,1,0,0,0.6356,0.5,0.5339,1
401872938,2026-09-20,3052897,Durham Smythe,home,anytd,Anytime TD,td_pg,poisson,0.5,book,8 books,0.35,0.0,0.1507,under,high,2026-09-20T16:55:44Z,0.0,1,1,1,0,0.297,0.102,0.1507,1
401872938,2026-09-20,3116365,Mark Andrews,home,anytd,Anytime TD,td_pg,poisson,0.5,book,8 books,0.35,0.0,0.3741,under,med,2026-09-20T16:55:44Z,0.0,1,1,1,0,0.2921,0.4014,0.3741,1
401872938,2026-09-20,3116365,Mark Andrews,home,rec,Receptions,rec_pg,negbin,4.5,book,6 books,3.32,4.0,0.3893,under,med,2026-09-20T16:55:44Z,6.0,1,1,0,0,0.2611,0.432,0.3893,1
401872938,2026-09-20,3116365,Mark Andrews,home,rec_yds,Receiving Yards,rec_yds_pg,normal,45.5,book,7 books,33.89,49.0,0.4661,under,low,2026-09-20T16:55:44Z,49.0,1,1,0,0,0.3584,0.502,0.4661,1
401872938,2026-09-20,3916387,Lamar Jackson,home,pass_att,Pass Attempts,pass_att_pg,normal,27.5,book,4 books,25.87,25.0,0.4712,under,low,2026-09-20T16:55:44Z,,1,1,,,0.4006,0.4948,0.4712,1
401872938,2026-09-20,3916387,Lamar Jackson,home,pass_cmp,Completions,pass_cmp_pg,normal,17.5,book,5 books,16.65,17.0,0.4849,under,low,2026-09-20T16:55:44Z,21.0,1,1,0,0,0.4305,0.5031,0.4849,1
401872938,2026-09-20,3916387,Lamar Jackson,home,pass_int,Interceptions,pass_int_pg,poisson,0.5,book,5 books,0.83,0.0,0.4482,over,low,2026-09-20T16:55:44Z,1.0,1,1,1,0,0.5659,0.409,0.4482,1
401872938,2026-09-20,3916387,Lamar Jackson,home,pass_td,Passing TDs,pass_td_pg,poisson,1.5,book,7 books,1.78,1.0,0.4779,over,low,2026-09-20T16:55:44Z,1.0,1,1,0,0,0.5303,0.4604,0.4779,1
401872938,2026-09-20,3916387,Lamar Jackson,home,pass_yds,Passing Yards,pass_yds_pg,normal,211.5,book,6 books,255.35,324.0,0.5519,over,low,2026-09-20T16:55:44Z,235.0,1,1,1,0,0.7078,0.5,0.5519,1
401872938,2026-09-20,3916387,Lamar Jackson,home,qb_rush,Rushing Yards,rush_yds_pg,normal,40.5,book,6 books,34.11,40.0,0.478,under,low,2026-09-20T16:55:44Z,34.0,1,1,1,0,0.409,0.501,0.478,1
401872938,2026-09-20,3929645,Juwan Johnson,away,anytd,Anytime TD,td_pg,poisson,0.5,book,8 books,0.26,1.0,0.2137,under,high,2026-09-20T16:55:44Z,0.0,1,1,1,0,0.2259,0.2096,0.2137,1
401872938,2026-09-20,3929645,Juwan Johnson,away,rec,Receptions,rec_pg,negbin,3.5,book,6 books,3.83,3.0,0.5256,over,low,2026-09-20T16:55:44Z,4.0,1,1,1,0,0.4983,0.5347,0.5256,1
401872938,2026-09-20,3929645,Juwan Johnson,away,rec_yds,Receiving Yards,rec_yds_pg,normal,37.5,book,6 books,42.91,54.0,0.5151,over,low,2026-09-20T16:55:44Z,66.0,1,1,1,0,0.5572,0.501,0.5151,1
401872938,2026-09-20,4036131,Noah Fant,away,anytd,Anytime TD,td_pg,poisson,0.5,book,8 books,0.27,1.0,0.1382,under,high,2026-09-20T16:55:44Z,,0,1,,,0.2382,0.1048,0.1382,1
401872938,2026-09-20,4036131,Noah Fant,away,rec,Receptions,rec_pg,negbin,1.5,book,5 books,2.29,4.0,0.5996,over,med,2026-09-20T16:55:44Z,,0,1,,,0.6052,0.5978,0.5996,1
401872938,2026-09-20,4036131,Noah Fant,away,rec_yds,Receiving Yards,rec_yds_pg,normal,14.5,book,6 books,17.55,33.0,0.5131,over,low,2026-09-20T16:55:44Z,,0,1,,,0.5554,0.499,0.5131,1
401872938,2026-09-20,4038441,Justice Hill,home,anytd,Anytime TD,td_pg,poisson,0.5,book,8 books,0.29,0.0,0.1923,under,high,2026-09-20T16:55:44Z,0.0,1,1,1,0,0.2545,0.1715,0.1923,1
401872938,2026-09-20,4038441,Justice Hill,home,rush_yds,Rushing Yards,rush_yds_pg,normal,12.5,book,6 books,12.63,18.0,0.5022,over,low,2026-09-20T16:55:44Z,6.0,1,1,0,0,0.5028,0.502,0.5022,1
401872938,2026-09-20,4038441,Justice Hill,home,scrim,Rush + Rec Yards,scrim_yds_pg,normal,31.5,book,4 books,31.13,28.0,0.4995,under,low,2026-09-20T16:55:44Z,18.0,1,1,1,0,0.4949,0.501,0.4995,1
401872938,2026-09-20,4239996,Travis Etienne Jr.,away,anytd,Anytime TD,td_pg,poisson,0.5,book,8 books,0.52,0.0,0.3634,over,low,2026-09-20T16:55:44Z,0.0,1,1,0,0,0.4055,0.3494,0.3634,1
401872938,2026-09-20,4239996,Travis Etienne Jr.,away,rec,Receptions,rec_pg,negbin,1.5,book,6 books,2.62,7.0,0.6209,over,med,2026-09-20T16:55:44Z,2.0,1,1,1,0,0.6728,0.6037,0.6209,1
401872938,2026-09-20,4239996,Travis Etienne Jr.,away,rush_att,Rush Attempts,rush_att_pg,negbin,10.5,book,3 books,12.76,9.0,0.5325,over,low,2026-09-20T16:55:44Z,8.0,1,1,0,0,0.6854,0.4815,0.5325,1
401872938,2026-09-20,4239996,Travis Etienne Jr.,away,rush_yds,Rushing Yards,rush_yds_pg,normal,40.5,book,7 books,50.55,46.0,0.525,over,low,2026-09-20T16:55:44Z,25.0,1,1,0,0,0.6062,0.498,0.525,1
401872938,2026-09-20,4239996,Travis Etienne Jr.,away,scrim,Rush + Rec Yards,scrim_yds_pg,normal,56.5,book,4 books,66.58,78.0,0.5202,over,low,2026-09-20T16:55:44Z,31.0,1,1,0,0,0.5868,0.498,0.5202,1
401872938,2026-09-20,4360689,Tyler Shough,away,pass_att,Pass Attempts,pass_att_pg,normal,34.5,book,5 books,30.54,56.0,0.4492,under,low,2026-09-20T16:55:44Z,,1,1,,,0.2907,0.502,0.4492,1
401872938,2026-09-20,4360689,Tyler Shough,away,pass_cmp,Completions,pass_cmp_pg,normal,21.5,book,6 books,20.22,35.0,0.4964,under,low,2026-09-20T16:55:44Z,27.0,1,1,0,0,0.4066,0.5263,0.4964,1
401872938,2026-09-20,4360689,Tyler Shough,away,pass_int,Interceptions,pass_int_pg,poisson,0.5,book,5 books,0.99,2.0,0.5427,over,low,2026-09-20T16:55:44Z,0.0,1,1,0,0,0.6277,0.5144,0.5427,1
401872938,2026-09-20,4360689,Tyler Shough,away,pass_td,Passing TDs,pass_td_pg,poisson,1.5,book,6 books,1.03,3.0,0.3127,under,high,2026-09-20T16:55:44Z,1.0,1,1,1,0,0.2739,0.3256,0.3127,1
401872938,2026-09-20,4360689,Tyler Shough,away,pass_yds,Passing Yards,pass_yds_pg,normal,230.5,book,7 books,203.17,410.0,0.4637,under,low,2026-09-20T16:55:44Z,252.0,1,1,0,0,0.3454,0.5031,0.4637,1
401872938,2026-09-20,4360689,Tyler Shough,away,qb_rush,Rushing Yards,rush_yds_pg,normal,16.5,book,6 books,12.59,8.0,0.4773,under,low,2026-09-20T16:55:44Z,23.0,1,1,0,0,0.403,0.502,0.4773,1
401872938,2026-09-20,4360939,Rashod Bateman,home,anytd,Anytime TD,td_pg,poisson,0.5,book,8 books,0.15,0.0,0.2789,under,high,2026-09-20T16:55:44Z,1.0,1,1,0,0,0.1398,0.3253,0.2789,1
401872938,2026-09-20,4360939,Rashod Bateman,home,rec,Receptions,rec_pg,negbin,2.5,book,7 books,1.34,0.0,0.464,under,low,2026-09-20T16:55:44Z,7.0,1,1,0,0,0.1763,0.5599,0.464,1
401872938,2026-09-20,4360939,Rashod Bateman,home,rec_yds,Receiving Yards,rec_yds_pg,normal,37.5,book,6 books,16.87,0.0,0.4178,under,med,2026-09-20T16:55:44Z,88.0,1,1,0,0,0.1681,0.501,0.4178,1
401872938,2026-09-20,4361370,Chris Olave,away,anytd,Anytime TD,td_pg,poisson,0.5,book,8 books,0.38,0.0,0.3077,under,high,2026-09-20T16:55:44Z,1.0,1,1,0,0,0.3179,0.3043,0.3077,1
401872938,2026-09-20,4361370,Chris Olave,away,rec,Receptions,rec_pg,negbin,5.5,book,6 books,6.16,10.0,0.5108,over,low,2026-09-20T16:55:44Z,8.0,1,1,1,0,0.5433,0.5,0.5108,1
401872938,2026-09-20,4361370,Chris Olave,away,rec_yds,Receiving Yards,rec_yds_pg,normal,68.5,book,6 books,74.19,182.0,0.5115,over,low,2026-09-20T16:55:44Z,86.0,1,1,1,0,0.5398,0.502,0.5115,1
401872938,2026-09-20,4430684,Treyton Welch,away,anytd,Anytime TD,td_pg,poisson,0.5,book,6 books,0.24,0.0,0.0851,under,high,2026-09-20T16:55:44Z,,0,1,,,0.2172,0.041,0.0851,1
401872938,2026-09-20,4432260,Matthew Hibner,home,anytd,Anytime TD,td_pg,poisson,0.5,book,8 books,0.35,0.0,0.1248,under,high,2026-09-20T16:55:44Z,,0,1,,,0.297,0.0674,0.1248,1
401872938,2026-09-20,4569559,Devaughn Vele,away,anytd,Anytime TD,td_pg,poisson,0.5,book,8 books,0.24,1.0,0.1895,under,high,2026-09-20T16:55:44Z,0.0,1,1,1,0,0.2139,0.1814,0.1895,1
401872938,2026-09-20,4569559,Devaughn Vele,away,rec,Receptions,rec_pg,negbin,3.5,book,6 books,2.48,7.0,0.4758,under,low,2026-09-20T16:55:44Z,5.0,1,1,0,0,0.255,0.5494,0.4758,1
401872938,2026-09-20,4569559,Devaughn Vele,away,rec_yds,Receiving Yards,rec_yds_pg,normal,41.5,book,6 books,24.71,69.0,0.442,under,low,2026-09-20T16:55:44Z,64.0,1,1,0,0,0.2618,0.502,0.442,1
401872938,2026-09-20,4690013,Rasheen Ali,home,anytd,Anytime TD,td_pg,poisson,0.5,book,8 books,0.07,0.0,0.0466,under,high,2026-09-20T16:55:44Z,0,1,1,1,0,0.0632,0.041,0.0466,1
401872938,2026-09-20,4690143,LaJohntay Wester,home,anytd,Anytime TD,td_pg,poisson,0.5,book,8 books,0.35,0.0,0.2248,under,high,2026-09-20T16:55:44Z,0.0,1,1,1,0,0.297,0.2007,0.2248,1
401872938,2026-09-20,4690143,LaJohntay Wester,home,rec,Receptions,rec_pg,negbin,2.5,book,6 books,3.74,2.0,0.4641,over,low,2026-09-20T16:55:44Z,1.0,1,1,0,0,0.6616,0.3983,0.4641,1
401872938,2026-09-20,4690143,LaJohntay Wester,home,rec_yds,Receiving Yards,rec_yds_pg,normal,22.5,book,6 books,48.03,15.0,0.5601,over,low,2026-09-20T16:55:44Z,14.0,1,1,0,0,0.7343,0.502,0.5601,1
401872938,2026-09-20,4698597,Barion Brown,away,anytd,Anytime TD,td_pg,poisson,0.5,book,8 books,0.24,0.0,0.0815,under,high,2026-09-20T16:55:44Z,,0,1,,,0.2172,0.0363,0.0815,1
401872938,2026-09-20,4879276,Bryce Lance,away,anytd,Anytime TD,td_pg,poisson,0.5,book,8 books,0.24,0.0,0.1631,under,high,2026-09-20T16:55:44Z,0.0,1,1,1,0,0.2172,0.1451,0.1631,1
401872938,2026-09-20,4879276,Bryce Lance,away,rec,Receptions,rec_pg,negbin,1.5,book,5 books,3.27,3.0,0.6149,over,med,2026-09-20T16:55:44Z,1.0,1,1,0,0,0.7755,0.5613,0.6149,1
401872938,2026-09-20,4879276,Bryce Lance,away,rec_yds,Receiving Yards,rec_yds_pg,normal,20.5,book,6 books,38.88,42.0,0.5499,over,low,2026-09-20T16:55:44Z,8.0,1,1,0,0,0.6997,0.5,0.5499,1
401872938,2026-09-20,5081999,CJ Donaldson,away,anytd,Anytime TD,td_pg,poisson,0.5,book,2 books,0.46,0.0,0.1122,under,high,2026-09-20T16:55:44Z,0.0,1,1,1,0,0.3701,0.0262,0.1122,1
401872939,2026-09-20,3052096,Johnny Mundt,away,anytd,Anytime TD,td_pg,poisson,0.5,book,8 books,0.32,0.0,0.1194,under,high,2026-09-20T16:55:44Z,0.0,1,1,1,0,0.2754,0.0674,0.1194,1
401872939,2026-09-20,3121023,Dallas Goedert,away,anytd,Anytime TD,td_pg,poisson,0.5,book,8 books,1.01,2.0,0.3875,over,low,2026-09-20T16:55:44Z,0.0,1,1,0,0,0.6372,0.3043,0.3875,1
401872939,2026-09-20,3121023,Dallas Goedert,away,rec,Receptions,rec_pg,negbin,3.5,book,6 books,4.14,4.0,0.5361,over,low,2026-09-20T16:55:44Z,1.0,1,1,0,0,0.5499,0.5314,0.5361,1
401872939,2026-09-20,3121023,Dallas Goedert,away,rec_yds,Receiving Yards,rec_yds_pg,normal,39.5,book,6 books,49.03,77.0,0.5228,over,low,2026-09-20T16:55:44Z,4.0,1,1,0,0,0.591,0.5,0.5228,1
401872939,2026-09-20,3916148,Tony Pollard,home,anytd,Anytime TD,td_pg,poisson,0.5,book,8 books,0.2,0.0,0.2734,under,high,2026-09-20T16:55:44Z,0.0,1,1,1,0,0.1806,0.3043,0.2734,1
401872939,2026-09-20,3916148,Tony Pollard,home,rec,Receptions,rec_pg,negbin,1.5,book,6 books,1.61,1.0,0.4716,over,low,2026-09-20T16:55:44Z,1.0,1,1,0,0,0.4393,0.4824,0.4716,1
401872939,2026-09-20,3916148,Tony Pollard,home,rush_att,Rush Attempts,rush_att_pg,negbin,11.5,book,2 books,11.79,7.0,0.4914,over,low,2026-09-20T16:55:44Z,14.0,1,1,1,0,0.4986,0.489,0.4914,1
401872939,2026-09-20,3916148,Tony Pollard,home,rush_yds,Rushing Yards,rush_yds_pg,normal,40.5,book,6 books,47.85,35.0,0.5195,over,low,2026-09-20T16:55:44Z,64.0,1,1,1,0,0.581,0.499,0.5195,1
401872939,2026-09-20,3916148,Tony Pollard,home,scrim,Rush + Rec Yards,scrim_yds_pg,normal,53.5,book,4 books,55.92,34.0,0.5098,over,low,2026-09-20T16:55:44Z,65.0,1,1,1,0,0.5236,0.5052,0.5098,1
401872939,2026-09-20,3925357,Calvin Ridley,home,anytd,Anytime TD,td_pg,poisson,0.5,book,8 books,0.24,0.0,0.1215,under,high,2026-09-20T16:55:44Z,0.0,1,1,1,0,0.2164,0.0898,0.1215,1
401872939,2026-09-20,3925357,Calvin Ridley,home,rec,Receptions,rec_pg,negbin,1.5,book,6 books,1.83,0.0,0.5153,over,low,2026-09-20T16:55:44Z,2.0,1,1,1,0,0.4969,0.5215,0.5153,1
401872939,2026-09-20,3925357,Calvin Ridley,home,rec_yds,Receiving Yards,rec_yds_pg,normal,17.5,book,6 books,29.32,0.0,0.5432,over,low,2026-09-20T16:55:44Z,35.0,1,1,1,0,0.6572,0.5052,0.5432,1
401872939,2026-09-20,3926231,Britain Covey,away,anytd,Anytime TD,td_pg,poisson,0.5,book,7 books,0.32,0.0,0.0961,under,high,2026-09-20T16:55:44Z,,0,1,,,0.2754,0.0363,0.0961,1
401872939,2026-09-20,3929630,Saquon Barkley,away,anytd,Anytime TD,td_pg,poisson,0.5,book,8 books,0.5,0.0,0.4804,under,low,2026-09-20T16:55:44Z,0.0,1,1,1,0,0.3954,0.5087,0.4804,1
401872939,2026-09-20,3929630,Saquon Barkley,away,rec,Receptions,rec_pg,negbin,1.5,book,5 books,2.17,1.0,0.5988,over,med,2026-09-20T16:55:44Z,1.0,1,1,0,0,0.5778,0.6057,0.5988,1
401872939,2026-09-20,3929630,Saquon Barkley,away,rush_att,Rush Attempts,rush_att_pg,negbin,18.5,book,2 books,17.67,15.0,0.4658,under,low,2026-09-20T16:55:44Z,4.0,1,1,1,0,0.4105,0.4843,0.4658,1
401872939,2026-09-20,3929630,Saquon Barkley,away,rush_yds,Rushing Yards,rush_yds_pg,normal,80.5,book,6 books,78.6,83.0,0.4955,under,low,2026-09-20T16:55:44Z,9.0,1,1,1,0,0.4852,0.499,0.4955,1
401872939,2026-09-20,3929630,Saquon Barkley,away,scrim,Rush + Rec Yards,scrim_yds_pg,normal,95.5,book,4 books,93.33,80.0,0.4932,under,low,2026-09-20T16:55:44Z,20.0,1,1,1,0,0.4853,0.4958,0.4932,1
401872939,2026-09-20,4040715,Jalen Hurts,away,pass_att,Pass Attempts,pass_att_pg,normal,27.5,book,4 books,28.76,25.0,0.5213,over,low,2026-09-20T16:55:44Z,,1,1,,,0.5724,0.5042,0.5213,1
401872939,2026-09-20,4040715,Jalen Hurts,away,pass_cmp,Completions,pass_cmp_pg,normal,18.5,book,6 books,18.25,14.0,0.4721,under,low,2026-09-20T16:55:44Z,26.0,1,1,0,0,0.4804,0.4694,0.4721,1
401872939,2026-09-20,4040715,Jalen Hurts,away,pass_int,Interceptions,pass_int_pg,poisson,0.5,book,4 books,0.76,0.0,0.4434,over,low,2026-09-20T16:55:44Z,2.0,1,1,1,0,0.5337,0.4133,0.4434,1
401872939,2026-09-20,4040715,Jalen Hurts,away,pass_td,Passing TDs,pass_td_pg,poisson,1.5,book,6 books,1.93,3.0,0.4438,over,low,2026-09-20T16:55:44Z,2.0,1,1,1,0,0.5761,0.3997,0.4438,1
401872939,2026-09-20,4040715,Jalen Hurts,away,pass_yds,Passing Yards,pass_yds_pg,normal,205.5,book,6 books,216.61,203.0,0.5162,over,low,2026-09-20T16:55:44Z,264.0,1,1,1,0,0.5616,0.501,0.5162,1
401872939,2026-09-20,4040715,Jalen Hurts,away,qb_rush,Rushing Yards,rush_yds_pg,normal,30.5,book,7 books,31.77,46.0,0.5063,over,low,2026-09-20T16:55:44Z,16.0,1,1,0,0,0.5192,0.502,0.5063,1
401872939,2026-09-20,4241478,DeVonta Smith,away,anytd,Anytime TD,td_pg,poisson,0.5,book,8 books,0.21,0.0,0.2833,under,high,2026-09-20T16:55:44Z,1.0,1,1,0,0,0.1898,0.3145,0.2833,1
401872939,2026-09-20,4241478,DeVonta Smith,away,rec,Receptions,rec_pg,negbin,4.5,book,6 books,4.42,3.0,0.5165,under,low,2026-09-20T16:55:44Z,10.0,1,1,0,0,0.4354,0.5435,0.5165,1
401872939,2026-09-20,4241478,DeVonta Smith,away,rec_yds,Receiving Yards,rec_yds_pg,normal,60.5,book,6 books,62.53,53.0,0.5048,over,low,2026-09-20T16:55:44Z,117.0,1,1,1,0,0.5163,0.501,0.5048,1
401872939,2026-09-20,4248557,E.J. Jenkins,away,anytd,Anytime TD,td_pg,poisson,0.5,book,7 books,0.32,0.0,0.1042,under,high,2026-09-20T16:55:44Z,,0,1,,,0.2754,0.0472,0.1042,1
401872939,2026-09-20,4361516,Daniel Bellinger,home,anytd,Anytime TD,td_pg,poisson,0.5,book,8 books,0.08,0.0,0.0645,under,high,2026-09-20T16:55:44Z,0.0,1,1,1,0,0.0812,0.059,0.0645,1
401872939,2026-09-20,4428557,Tyjae Spears,home,anytd,Anytime TD,td_pg,poisson,0.5,book,8 books,0.1,0.0,0.182,under,high,2026-09-20T16:55:44Z,0.0,1,1,1,0,0.0989,0.2096,0.182,1
401872939,2026-09-20,4428557,Tyjae Spears,home,rec,Receptions,rec_pg,negbin,2.5,book,6 books,2.91,2.0,0.5215,over,low,2026-09-20T16:55:44Z,2.0,1,1,0,0,0.5143,0.5239,0.5215,1
401872939,2026-09-20,4428557,Tyjae Spears,home,rush_att,Rush Attempts,rush_att_pg,negbin,6.5,book,Fanatics,4.63,3.0,0.3697,under,med,2026-09-20T16:55:44Z,7.0,1,1,0,0,0.213,0.422,0.3697,1
401872939,2026-09-20,4428557,Tyjae Spears,home,rush_yds,Rushing Yards,rush_yds_pg,normal,17.5,book,6 books,16.37,12.0,0.4936,under,low,2026-09-20T16:55:44Z,41.0,1,1,0,0,0.4776,0.499,0.4936,1
401872939,2026-09-20,4428557,Tyjae Spears,home,scrim,Rush + Rec Yards,scrim_yds_pg,normal,37.5,book,4 books,31.75,24.0,0.482,under,low,2026-09-20T16:55:44Z,70.0,1,1,0,0,0.422,0.502,0.482,1
401872939,2026-09-20,4428850,Dontayvion Wicks,away,anytd,Anytime TD,td_pg,poisson,0.5,book,8 books,0.31,1.0,0.2429,under,high,2026-09-20T16:55:44Z,0.0,1,1,1,0,0.2642,0.2358,0.2429,1
401872939,2026-09-20,4428850,Dontayvion Wicks,away,rec,Receptions,rec_pg,negbin,2.5,book,6 books,2.19,2.0,0.4801,under,low,2026-09-20T16:55:44Z,5.0,1,1,0,0,0.3621,0.5194,0.4801,1
401872939,2026-09-20,4428850,Dontayvion Wicks,away,rec_yds,Receiving Yards,rec_yds_pg,normal,30.5,book,6 books,34.28,73.0,0.5124,over,low,2026-09-20T16:55:44Z,74.0,1,1,1,0,0.5466,0.501,0.5124,1
401872939,2026-09-20,4429013,Tank Bigsby,away,anytd,Anytime TD,td_pg,poisson,0.5,book,8 books,0.11,0.0,0.1429,under,high,2026-09-20T16:55:44Z,1.0,1,1,0,0,0.0999,0.1572,0.1429,1
401872939,2026-09-20,4431268,Chimere Dike,home,anytd,Anytime TD,td_pg,poisson,0.5,book,8 books,0.16,0.0,0.084,under,high,2026-09-20T16:55:44Z,,0,1,,,0.1473,0.0629,0.084,1
401872939,2026-09-20,4431545,Will Shipley,away,anytd,Anytime TD,td_pg,poisson,0.5,book,8 books,0.61,0.0,0.1644,over,low,2026-09-20T16:55:44Z,0.0,1,1,0,0,0.4556,0.0674,0.1644,1
401872939,2026-09-20,4569587,Wan'Dale Robinson,home,anytd,Anytime TD,td_pg,poisson,0.5,book,8 books,0.17,0.0,0.1804,under,high,2026-09-20T16:55:44Z,0.0,1,1,1,0,0.1558,0.1887,0.1804,1
401872939,2026-09-20,4569587,Wan'Dale Robinson,home,rec,Receptions,rec_pg,negbin,4.5,book,6 books,5.09,5.0,0.4629,over,low,2026-09-20T16:55:44Z,1.0,1,1,0,0,0.5376,0.438,0.4629,1
401872939,2026-09-20,4569587,Wan'Dale Robinson,home,rec_yds,Receiving Yards,rec_yds_pg,normal,37.5,book,6 books,48.07,38.0,0.5263,over,low,2026-09-20T16:55:44Z,9.0,1,1,0,0,0.6022,0.501,0.5263,1
401872939,2026-09-20,4686728,Gunnar Helm,home,anytd,Anytime TD,td_pg,poisson,0.5,book,8 books,0.08,0.0,0.1214,under,high,2026-09-20T16:55:44Z,0.0,1,1,1,0,0.0812,0.1348,0.1214,1
401872939,2026-09-20,4686728,Gunnar Helm,home,rec,Receptions,rec_pg,negbin,3.5,book,6 books,2.68,4.0,0.3842,under,med,2026-09-20T16:55:44Z,2.0,1,1,1,0,0.2904,0.4154,0.3842,1
401872939,2026-09-20,4686728,Gunnar Helm,home,rec_yds,Receiving Yards,rec_yds_pg,normal,22.5,book,6 books,18.9,28.0,0.4866,under,low,2026-09-20T16:55:44Z,13.0,1,1,1,0,0.4371,0.5031,0.4866,1
401872939,2026-09-20,4688380,Cam Ward,home,pass_att,Pass Attempts,pass_att_pg,normal,32.5,book,5 books,28.77,32.0,0.4411,under,low,2026-09-20T16:55:44Z,,1,1,,,0.2949,0.4899,0.4411,1
401872939,2026-09-20,4688380,Cam Ward,home,pass_cmp,Completions,pass_cmp_pg,normal,18.5,book,4 books,17.19,19.0,0.4864,under,low,2026-09-20T16:55:44Z,13.0,1,1,1,0,0.3956,0.5167,0.4864,1
401872939,2026-09-20,4688380,Cam Ward,home,pass_int,Interceptions,pass_int_pg,poisson,0.5,book,5 books,0.58,0.0,0.4893,over,low,2026-09-20T16:55:44Z,0.0,1,1,0,0,0.4387,0.5062,0.4893,1
401872939,2026-09-20,4688380,Cam Ward,home,pass_td,Passing TDs,pass_td_pg,poisson,0.5,book,7 books,0.73,1.0,0.5974,over,med,2026-09-20T16:55:44Z,0.0,1,1,0,0,0.5195,0.6234,0.5974,1
401872939,2026-09-20,4688380,Cam Ward,home,pass_yds,Passing Yards,pass_yds_pg,normal,185.5,book,7 books,145.21,140.0,0.4332,under,low,2026-09-20T16:55:44Z,183.0,1,1,1,0,0.2357,0.499,0.4332,1
401872939,2026-09-20,4688380,Cam Ward,home,qb_rush,Rushing Yards,rush_yds_pg,normal,11.5,book,6 books,9.18,21.0,0.4851,under,low,2026-09-20T16:55:44Z,7.0,1,1,1,0,0.4344,0.502,0.4851,1
401872939,2026-09-20,4715355,Darius Cooper,away,anytd,Anytime TD,td_pg,poisson,0.5,book,8 books,0.32,0.0,0.1082,under,high,2026-09-20T16:55:44Z,1.0,1,1,0,0,0.2754,0.0524,0.1082,1
401872939,2026-09-20,4870795,Makai Lemon,away,anytd,Anytime TD,td_pg,poisson,0.5,book,8 books,0.32,0.0,0.1975,under,high,2026-09-20T16:55:44Z,0.0,1,1,1,0,0.2754,0.1715,0.1975,1
401872939,2026-09-20,4870795,Makai Lemon,away,rec,Receptions,rec_pg,negbin,2.5,book,6 books,3.77,3.0,0.555,over,low,2026-09-20T16:55:44Z,1.0,1,1,0,0,0.6672,0.5176,0.555,1
401872939,2026-09-20,4870795,Makai Lemon,away,rec_yds,Receiving Yards,rec_yds_pg,normal,25.5,book,6 books,2.67,0.0,0.3816,under,med,2026-09-20T16:55:44Z,14.0,1,1,1,0,0.0357,0.4969,0.3816,1
401872939,2026-09-20,4871023,Carnell Tate,home,anytd,Anytime TD,td_pg,poisson,0.5,book,8 books,0.24,0.0,0.2186,under,high,2026-09-20T16:55:44Z,0.0,1,1,1,0,0.2164,0.2194,0.2186,1
401872939,2026-09-20,4871023,Carnell Tate,home,rec,Receptions,rec_pg,negbin,3.5,book,7 books,3.53,4.0,0.5094,over,low,2026-09-20T16:55:44Z,3.0,1,1,0,0,0.4457,0.5306,0.5094,1
401872939,2026-09-20,4871023,Carnell Tate,home,rec_yds,Receiving Yards,rec_yds_pg,normal,43.5,book,6 books,37.9,38.0,0.4854,under,low,2026-09-20T16:55:44Z,27.0,1,1,1,0,0.4355,0.502,0.4854,1
401872939,2026-09-20,4883647,Elic Ayomanor,home,anytd,Anytime TD,td_pg,poisson,0.5,book,8 books,0.3,1.0,0.1422,under,high,2026-09-20T16:55:44Z,0.0,1,1,1,0,0.2627,0.102,0.1422,1
401872940,2026-09-20,2576336,Ameer Abdullah,away,anytd,Anytime TD,td_pg,poisson,0.5,book,6 books,0.07,0.0,0.0803,under,high,2026-09-20T19:33:29Z,0.0,1,1,1,0,0.064,0.0858,0.0803,1
401872940,2026-09-20,3051876,Evan Engram,home,anytd,Anytime TD,td_pg,poisson,0.5,book,7 books,0.2,1.0,0.2055,under,high,2026-09-20T19:33:29Z,0.0,1,1,1,0,0.1789,0.2144,0.2055,1
401872940,2026-09-20,3051876,Evan Engram,home,rec,Receptions,rec_pg,negbin,3.5,book,5 books,3.11,4.0,0.4006,under,med,2026-09-20T19:33:29Z,1.0,1,1,1,0,0.3707,0.4106,0.4006,1
401872940,2026-09-20,3051876,Evan Engram,home,rec_yds,Receiving Yards,rec_yds_pg,normal,25.5,book,5 books,28.09,43.0,0.5122,over,low,2026-09-20T19:33:29Z,17.0,1,1,0,0,0.5363,0.5042,0.5122,1
401872940,2026-09-20,3128429,Courtland Sutton,home,anytd,Anytime TD,td_pg,poisson,0.5,book,7 books,0.31,0.0,0.3063,under,high,2026-09-20T19:33:29Z,0.0,1,1,1,0,0.2659,0.3198,0.3063,1
401872940,2026-09-20,3128429,Courtland Sutton,home,rec,Receptions,rec_pg,negbin,3.5,book,5 books,3.77,2.0,0.4879,over,low,2026-09-20T19:33:29Z,3.0,1,1,0,0,0.4885,0.4877,0.4879,1
401872940,2026-09-20,3128429,Courtland Sutton,home,rec_yds,Receiving Yards,rec_yds_pg,normal,40.5,book,5 books,46.56,11.0,0.5143,over,low,2026-09-20T19:33:29Z,25.0,1,1,0,0,0.5604,0.499,0.5143,1
401872940,2026-09-20,3911853,Adam Trautman,home,anytd,Anytime TD,td_pg,poisson,0.5,book,7 books,0.04,0.0,0.094,under,high,2026-09-20T19:33:29Z,,0,1,,,0.0432,0.111,0.094,1
401872940,2026-09-20,3911853,Adam Trautman,home,rec,Receptions,rec_pg,negbin,1.5,book,6 books,1.25,2.0,0.3514,under,med,2026-09-20T19:33:29Z,,0,1,,,0.335,0.3569,0.3514,1
401872940,2026-09-20,3911853,Adam Trautman,home,rec_yds,Receiving Yards,rec_yds_pg,normal,8.5,book,5 books,10.11,10.0,0.5078,over,low,2026-09-20T19:33:29Z,,0,1,,,0.5372,0.498,0.5078,1
401872940,2026-09-20,3916433,Jakobi Meyers,away,anytd,Anytime TD,td_pg,poisson,0.5,book,7 books,0.33,1.0,0.2701,under,high,2026-09-20T19:33:29Z,0.0,1,1,1,0,0.2832,0.2657,0.2701,1
401872940,2026-09-20,3916433,Jakobi Meyers,away,rec,Receptions,rec_pg,negbin,3.5,book,5 books,4.29,2.0,0.5355,over,low,2026-09-20T19:33:29Z,1.0,1,1,0,0,0.5741,0.5227,0.5355,1
401872940,2026-09-20,3916433,Jakobi Meyers,away,rec_yds,Receiving Yards,rec_yds_pg,normal,37.5,book,5 books,51.71,40.0,0.5323,over,low,2026-09-20T19:33:29Z,28.0,1,1,0,0,0.6293,0.5,0.5323,1
401872940,2026-09-20,3929914,Adam Prentice,home,anytd,Anytime TD,td_pg,poisson,0.5,book,6 books,0.51,0.0,0.1307,over,low,2026-09-20T19:33:29Z,0.0,1,1,0,0,0.3996,0.041,0.1307,1
401872940,2026-09-20,4241985,J.K. Dobbins,home,anytd,Anytime TD,td_pg,poisson,0.5,book,7 books,0.3,0.0,0.41,under,med,2026-09-20T19:33:29Z,0.0,1,1,1,0,0.2594,0.4602,0.41,1
401872940,2026-09-20,4241985,J.K. Dobbins,home,rush_att,Rush Attempts,rush_att_pg,negbin,13.5,book,2 books,13.41,8.0,0.4958,under,low,2026-09-20T19:33:29Z,10.0,1,1,1,0,0.464,0.5064,0.4958,1
401872940,2026-09-20,4241985,J.K. Dobbins,home,rush_yds,Rushing Yards,rush_yds_pg,normal,58.5,book,5 books,63.36,36.0,0.5111,over,low,2026-09-20T19:33:29Z,36.0,1,1,0,0,0.5443,0.5,0.5111,1
401872940,2026-09-20,4244049,Quintin Morris,away,anytd,Anytime TD,td_pg,poisson,0.5,book,7 books,0.06,0.0,0.0456,under,high,2026-09-20T19:33:29Z,0.0,1,1,1,0,0.0595,0.041,0.0456,1
401872940,2026-09-20,4360310,Trevor Lawrence,away,pass_att,Pass Attempts,pass_att_pg,normal,32.5,book,4 books,31.63,23.0,0.4944,under,low,2026-09-20T19:33:29Z,,1,1,,,0.4531,0.5082,0.4944,1
401872940,2026-09-20,4360310,Trevor Lawrence,away,pass_cmp,Completions,pass_cmp_pg,normal,19.5,book,5 books,19.94,18.0,0.5173,over,low,2026-09-20T19:33:29Z,17.0,1,1,0,0,0.5322,0.5123,0.5173,1
401872940,2026-09-20,4360310,Trevor Lawrence,away,pass_int,Interceptions,pass_int_pg,poisson,0.5,book,4 books,0.73,0.0,0.518,over,low,2026-09-20T19:33:29Z,1.0,1,1,1,0,0.5193,0.5176,0.518,1
401872940,2026-09-20,4360310,Trevor Lawrence,away,pass_td,Passing TDs,pass_td_pg,poisson,1.5,book,5 books,2.15,4.0,0.492,over,low,2026-09-20T19:33:29Z,0.0,1,1,0,0,0.6338,0.4447,0.492,1
401872940,2026-09-20,4360310,Trevor Lawrence,away,pass_yds,Passing Yards,pass_yds_pg,normal,223.5,book,6 books,244.62,245.0,0.5267,over,low,2026-09-20T19:33:29Z,189.0,1,1,0,0,0.607,0.5,0.5267,1
401872940,2026-09-20,4360310,Trevor Lawrence,away,qb_rush,Rushing Yards,rush_yds_pg,normal,16.5,book,5 books,18.66,3.0,0.5119,over,low,2026-09-20T19:33:29Z,6.0,1,1,0,0,0.5446,0.501,0.5119,1
401872940,2026-09-20,4362619,Chris Rodriguez Jr.,away,anytd,Anytime TD,td_pg,poisson,0.5,book,7 books,0.4,0.0,0.261,under,high,2026-09-20T19:33:29Z,0.0,1,1,1,0,0.3274,0.2388,0.261,1
401872940,2026-09-20,4362619,Chris Rodriguez Jr.,away,rush_yds,Rushing Yards,rush_yds_pg,normal,24.5,book,6 books,37.0,23.0,0.5382,over,low,2026-09-20T19:33:29Z,13.0,1,1,0,0,0.659,0.4979,0.5382,1
401872940,2026-09-20,4372016,Jaylen Waddle,home,anytd,Anytime TD,td_pg,poisson,0.5,book,7 books,0.28,0.0,0.3149,under,high,2026-09-20T19:33:29Z,0.0,1,1,1,0,0.2454,0.3381,0.3149,1
401872940,2026-09-20,4372016,Jaylen Waddle,home,rec,Receptions,rec_pg,negbin,4.5,book,5 books,3.33,1.0,0.4178,under,med,2026-09-20T19:33:29Z,8.0,1,1,0,0,0.263,0.4694,0.4178,1
401872940,2026-09-20,4372016,Jaylen Waddle,home,rec_yds,Receiving Yards,rec_yds_pg,normal,54.5,book,5 books,43.0,2.0,0.4708,under,low,2026-09-20T19:33:29Z,138.0,1,1,0,0,0.38,0.501,0.4708,1
401872940,2026-09-20,4383440,Nate Adkins,home,anytd,Anytime TD,td_pg,poisson,0.5,book,7 books,0.08,0.0,0.0537,under,high,2026-09-20T19:33:29Z,1.0,1,1,0,0,0.08,0.0449,0.0537,1
401872940,2026-09-20,4426338,Bo Nix,home,pass_att,Pass Attempts,pass_att_pg,normal,32.5,book,5 books,33.01,28.0,0.5219,over,low,2026-09-20T19:33:29Z,,1,1,,,0.5269,0.5203,0.5219,1
401872940,2026-09-20,4426338,Bo Nix,home,pass_cmp,Completions,pass_cmp_pg,normal,21.5,book,4 books,20.81,17.0,0.5037,under,low,2026-09-20T19:33:29Z,22.0,1,1,0,0,0.4502,0.5215,0.5037,1
401872940,2026-09-20,4426338,Bo Nix,home,pass_int,Interceptions,pass_int_pg,poisson,0.5,book,4 books,0.64,0.0,0.4547,over,low,2026-09-20T19:33:29Z,1.0,1,1,1,0,0.4728,0.4487,0.4547,1
401872940,2026-09-20,4426338,Bo Nix,home,pass_td,Passing TDs,pass_td_pg,poisson,1.5,book,6 books,1.25,1.0,0.4363,under,low,2026-09-20T19:33:29Z,1.0,1,1,1,0,0.3569,0.4628,0.4363,1
401872940,2026-09-20,4426338,Bo Nix,home,pass_yds,Passing Yards,pass_yds_pg,normal,221.5,book,5 books,193.27,131.0,0.4589,under,low,2026-09-20T19:33:29Z,288.0,1,1,0,0,0.3356,0.5,0.4589,1
401872940,2026-09-20,4426338,Bo Nix,home,qb_rush,Rushing Yards,rush_yds_pg,normal,17.5,book,5 books,16.02,2.0,0.4948,under,low,2026-09-20T19:33:29Z,6.0,1,1,1,0,0.4669,0.5042,0.4948,1
401872940,2026-09-20,4430539,Brenton Strange,away,anytd,Anytime TD,td_pg,poisson,0.5,book,7 books,0.39,1.0,0.2527,under,high,2026-09-20T19:33:29Z,0.0,1,1,1,0,0.3207,0.2301,0.2527,1
401872940,2026-09-20,4430539,Brenton Strange,away,rec,Receptions,rec_pg,negbin,3.5,book,5 books,3.57,2.0,0.4576,over,low,2026-09-20T19:33:29Z,2.0,1,1,0,0,0.4527,0.4592,0.4576,1
401872940,2026-09-20,4430539,Brenton Strange,away,rec_yds,Receiving Yards,rec_yds_pg,normal,31.5,book,6 books,42.62,23.0,0.53,over,low,2026-09-20T19:33:29Z,17.0,1,1,0,0,0.6168,0.501,0.53,1
401872940,2026-09-20,4431280,Troy Franklin,home,anytd,Anytime TD,td_pg,poisson,0.5,book,7 books,0.26,0.0,0.1414,under,high,2026-09-20T19:33:29Z,0.0,1,1,1,0,0.2328,0.111,0.1414,1
401872940,2026-09-20,4432620,Parker Washington,away,anytd,Anytime TD,td_pg,poisson,0.5,book,7 books,0.44,1.0,0.3417,under,med,2026-09-20T19:33:29Z,0.0,1,1,1,0,0.3562,0.3369,0.3417,1
401872940,2026-09-20,4432620,Parker Washington,away,rec,Receptions,rec_pg,negbin,4.5,book,5 books,3.9,5.0,0.4722,under,low,2026-09-20T19:33:29Z,7.0,1,1,0,0,0.352,0.5123,0.4722,1
401872940,2026-09-20,4432620,Parker Washington,away,rec_yds,Receiving Yards,rec_yds_pg,normal,60.5,book,5 books,59.75,83.0,0.4984,under,low,2026-09-20T19:33:29Z,98.0,1,1,0,0,0.4937,0.5,0.4984,1
401872940,2026-09-20,4432773,Brian Thomas Jr.,away,anytd,Anytime TD,td_pg,poisson,0.5,book,7 books,0.18,0.0,0.2105,under,high,2026-09-20T19:33:29Z,0.0,1,1,1,0,0.1682,0.2246,0.2105,1
401872940,2026-09-20,4432773,Brian Thomas Jr.,away,rec,Receptions,rec_pg,negbin,2.5,book,5 books,3.39,3.0,0.5414,over,low,2026-09-20T19:33:29Z,3.0,1,1,1,0,0.6047,0.5203,0.5414,1
401872940,2026-09-20,4432773,Brian Thomas Jr.,away,rec_yds,Receiving Yards,rec_yds_pg,normal,34.5,book,5 books,50.26,40.0,0.5364,over,low,2026-09-20T19:33:29Z,40.0,1,1,1,0,0.6457,0.5,0.5364,1
401872940,2026-09-20,4600981,Pat Bryant,home,anytd,Anytime TD,td_pg,poisson,0.5,book,7 books,0.05,0.0,0.1768,under,high,2026-09-20T19:33:29Z,0.0,1,1,1,0,0.0488,0.2194,0.1768,1
401872940,2026-09-20,4600981,Pat Bryant,home,rec,Receptions,rec_pg,negbin,3.5,book,5 books,2.27,4.0,0.3902,under,med,2026-09-20T19:33:29Z,0.0,1,1,1,0,0.2191,0.4473,0.3902,1
401872940,2026-09-20,4600981,Pat Bryant,home,rec_yds,Receiving Yards,rec_yds_pg,normal,32.5,book,4 books,25.23,42.0,0.4747,under,low,2026-09-20T19:33:29Z,0.0,1,1,1,0,0.3924,0.5021,0.4747,1
401872940,2026-09-20,4685415,Travis Hunter,away,anytd,Anytime TD,td_pg,poisson,0.5,book,7 books,0.12,0.0,0.0878,under,high,2026-09-20T19:33:29Z,0,1,1,1,0,0.1155,0.0786,0.0878,1
401872940,2026-09-20,4686248,Nate Boerkircher,away,anytd,Anytime TD,td_pg,poisson,0.5,book,7 books,0.31,0.0,0.1373,under,high,2026-09-20T19:33:29Z,,0,1,,,0.266,0.0943,0.1373,1
401872940,2026-09-20,4879194,Josh Cameron,away,anytd,Anytime TD,td_pg,poisson,0.5,book,7 books,0.57,1.0,0.1587,over,low,2026-09-20T19:33:29Z,,0,1,,,0.4328,0.0674,0.1587,1
401872940,2026-09-20,4882093,Bhayshul Tuten,away,anytd,Anytime TD,td_pg,poisson,0.5,book,7 books,0.4,0.0,0.3399,under,high,2026-09-20T19:33:29Z,1.0,1,1,0,0,0.3303,0.3431,0.3399,1
401872940,2026-09-20,4882093,Bhayshul Tuten,away,rec,Receptions,rec_pg,negbin,1.5,book,5 books,0.73,1.0,0.4171,under,med,2026-09-20T19:33:29Z,2.0,1,1,0,0,0.1776,0.4969,0.4171,1
401872940,2026-09-20,4882093,Bhayshul Tuten,away,rush_att,Rush Attempts,rush_att_pg,negbin,12.5,book,4 books,7.19,15.0,0.386,under,med,2026-09-20T19:33:29Z,13.0,1,1,0,0,0.0596,0.4948,0.386,1
401872940,2026-09-20,4882093,Bhayshul Tuten,away,rush_yds,Rushing Yards,rush_yds_pg,normal,48.5,book,5 books,28.93,66.0,0.4309,under,low,2026-09-20T19:33:29Z,65.0,1,1,0,0,0.2298,0.498,0.4309,1
401872940,2026-09-20,4882093,Bhayshul Tuten,away,scrim,Rush + Rec Yards,scrim_yds_pg,normal,60.5,book,3 books,37.23,88.0,0.4363,under,low,2026-09-20T19:33:29Z,62.0,1,1,0,0,0.2327,0.5042,0.4363,1
401872941,2026-09-20,14880,Kirk Cousins,away,pass_att,Pass Attempts,pass_att_pg,normal,30.5,book,4 books,24.66,30.0,0.4138,under,med,2026-09-20T19:33:29Z,,1,1,,,0.177,0.4928,0.4138,1
401872941,2026-09-20,14880,Kirk Cousins,away,pass_cmp,Completions,pass_cmp_pg,normal,19.5,book,6 books,15.59,21.0,0.4064,under,med,2026-09-20T19:33:29Z,19.0,1,1,1,0,0.2026,0.4744,0.4064,1
401872941,2026-09-20,14880,Kirk Cousins,away,pass_int,Interceptions,pass_int_pg,poisson,0.5,book,4 books,1.0,2.0,0.5681,over,low,2026-09-20T19:33:29Z,1.0,1,1,1,0,0.6311,0.5471,0.5681,1
401872941,2026-09-20,14880,Kirk Cousins,away,pass_td,Passing TDs,pass_td_pg,poisson,1.5,book,7 books,1.1,3.0,0.3182,under,high,2026-09-20T19:33:29Z,3.0,1,1,0,0,0.3003,0.3241,0.3182,1
401872941,2026-09-20,14880,Kirk Cousins,away,pass_yds,Passing Yards,pass_yds_pg,normal,193.5,book,7 books,140.1,160.0,0.4155,under,med,2026-09-20T19:33:29Z,253.0,1,1,0,0,0.165,0.499,0.4155,1
401872941,2026-09-20,14880,Kirk Cousins,away,qb_rush,Rushing Yards,rush_yds_pg,normal,0.5,book,FanDuel,0.48,0.0,0.4249,under,med,2026-09-20T19:33:29Z,1.0,1,1,0,0,0.4992,0.4002,0.4249,1
401872941,2026-09-20,3123076,David Njoku,home,anytd,Anytime TD,td_pg,poisson,0.5,book,8 books,0.27,0.0,0.2,under,high,2026-09-20T19:33:29Z,0.0,1,1,1,0,0.234,0.1887,0.2,1
401872941,2026-09-20,3123076,David Njoku,home,rec,Receptions,rec_pg,negbin,2.5,book,6 books,3.07,5.0,0.5391,over,low,2026-09-20T19:33:29Z,1.0,1,1,0,0,0.5461,0.5368,0.5391,1
401872941,2026-09-20,3123076,David Njoku,home,rec_yds,Receiving Yards,rec_yds_pg,normal,23.5,book,6 books,28.8,58.0,0.5198,over,low,2026-09-20T19:33:29Z,9.0,1,1,0,0,0.5728,0.5021,0.5198,1
401872941,2026-09-20,3138744,Chris Myarick,away,anytd,Anytime TD,td_pg,poisson,0.5,book,5 books,0.25,0.0,0.092,under,high,2026-09-20T19:33:29Z,,0,1,,,0.2189,0.0497,0.092,1
401872941,2026-09-20,3917668,Alec Ingold,home,anytd,Anytime TD,td_pg,poisson,0.5,book,7 books,0.54,0.0,0.132,over,low,2026-09-20T19:33:29Z,0,1,1,0,0,0.4192,0.0363,0.132,1
401872941,2026-09-20,4038941,Justin Herbert,home,pass_att,Pass Attempts,pass_att_pg,normal,29.5,book,4 books,30.66,27.0,0.516,over,low,2026-09-20T19:33:29Z,,1,1,,,0.564,0.5,0.516,1
401872941,2026-09-20,4038941,Justin Herbert,home,pass_cmp,Completions,pass_cmp_pg,normal,19.5,book,5 books,20.21,17.0,0.5284,over,low,2026-09-20T19:33:29Z,15.0,1,1,0,0,0.5518,0.5206,0.5284,1
401872941,2026-09-20,4038941,Justin Herbert,home,pass_int,Interceptions,pass_int_pg,poisson,0.5,book,5 books,0.92,1.0,0.4384,over,low,2026-09-20T19:33:29Z,2.0,1,1,1,0,0.6021,0.3839,0.4384,1
401872941,2026-09-20,4038941,Justin Herbert,home,pass_td,Passing TDs,pass_td_pg,poisson,1.5,book,6 books,1.46,1.0,0.4883,under,low,2026-09-20T19:33:29Z,1.0,1,1,1,0,0.4284,0.5082,0.4883,1
401872941,2026-09-20,4038941,Justin Herbert,home,pass_yds,Passing Yards,pass_yds_pg,normal,223.5,book,6 books,219.68,209.0,0.4947,under,low,2026-09-20T19:33:29Z,192.0,1,1,1,0,0.4789,0.5,0.4947,1
401872941,2026-09-20,4038941,Justin Herbert,home,qb_rush,Rushing Yards,rush_yds_pg,normal,19.5,book,6 books,29.53,29.0,0.5409,over,low,2026-09-20T19:33:29Z,2.0,1,1,0,0,0.6544,0.5031,0.5409,1
401872941,2026-09-20,4045305,Ian Thomas,away,anytd,Anytime TD,td_pg,poisson,0.5,book,8 books,0.25,0.0,0.0964,under,high,2026-09-20T19:33:29Z,0.0,1,1,1,0,0.2189,0.0555,0.0964,1
401872941,2026-09-20,4241263,Charlie Kolar,home,anytd,Anytime TD,td_pg,poisson,0.5,book,8 books,0.09,0.0,0.1109,under,high,2026-09-20T19:33:29Z,0.0,1,1,1,0,0.0898,0.1179,0.1109,1
401872941,2026-09-20,4241961,Connor Heyward,away,anytd,Anytime TD,td_pg,poisson,0.5,book,8 books,0.12,0.0,0.0678,under,high,2026-09-20T19:33:29Z,0.0,1,1,1,0,0.1141,0.0524,0.0678,1
401872941,2026-09-20,4241983,Cody White,away,anytd,Anytime TD,td_pg,poisson,0.5,book,6 books,0.07,0.0,0.0473,under,high,2026-09-20T19:33:29Z,2.0,1,1,0,0,0.0663,0.041,0.0473,1
401872941,2026-09-20,4362477,Derius Davis,home,anytd,Anytime TD,td_pg,poisson,0.5,book,8 books,0.29,0.0,0.1068,under,high,2026-09-20T19:33:29Z,0.0,1,1,1,0,0.2501,0.059,0.1068,1
401872941,2026-09-20,4382466,Jalen Nailor,away,anytd,Anytime TD,td_pg,poisson,0.5,book,8 books,0.16,0.0,0.1788,under,high,2026-09-20T19:33:29Z,0.0,1,1,1,0,0.1491,0.1887,0.1788,1
401872941,2026-09-20,4382466,Jalen Nailor,away,rec,Receptions,rec_pg,negbin,2.5,book,5 books,1.73,3.0,0.4935,under,low,2026-09-20T19:33:29Z,1.0,1,1,1,0,0.2594,0.5715,0.4935,1
401872941,2026-09-20,4382466,Jalen Nailor,away,rec_yds,Receiving Yards,rec_yds_pg,normal,32.5,book,6 books,21.63,27.0,0.4586,under,low,2026-09-20T19:33:29Z,9.0,1,1,1,0,0.3281,0.502,0.4586,1
401872941,2026-09-20,4428718,Tre Tucker,away,anytd,Anytime TD,td_pg,poisson,0.5,book,8 books,0.2,0.0,0.2102,under,high,2026-09-20T19:33:29Z,1.0,1,1,0,0,0.1828,0.2194,0.2102,1
401872941,2026-09-20,4428718,Tre Tucker,away,rec,Receptions,rec_pg,negbin,3.5,book,6 books,2.81,2.0,0.4089,under,med,2026-09-20T19:33:29Z,5.0,1,1,0,0,0.3154,0.4401,0.4089,1
401872941,2026-09-20,4428718,Tre Tucker,away,rec_yds,Receiving Yards,rec_yds_pg,normal,36.5,book,6 books,31.81,27.0,0.4879,under,low,2026-09-20T19:33:29Z,119.0,1,1,0,0,0.4393,0.5042,0.4879,1
401872941,2026-09-20,4429025,Quentin Johnston,home,anytd,Anytime TD,td_pg,poisson,0.5,book,8 books,0.46,0.0,0.3435,under,med,2026-09-20T19:33:29Z,0.0,1,1,1,0,0.3668,0.3357,0.3435,1
401872941,2026-09-20,4429025,Quentin Johnston,home,rec,Receptions,rec_pg,negbin,3.5,book,6 books,3.31,2.0,0.5112,under,low,2026-09-20T19:33:29Z,1.0,1,1,1,0,0.4072,0.5458,0.5112,1
401872941,2026-09-20,4429025,Quentin Johnston,home,rec_yds,Receiving Yards,rec_yds_pg,normal,47.5,book,6 books,44.7,17.0,0.4935,under,low,2026-09-20T19:33:29Z,7.0,1,1,1,0,0.4711,0.501,0.4935,1
401872941,2026-09-20,4429086,Michael Mayer,away,anytd,Anytime TD,td_pg,poisson,0.5,book,8 books,0.05,0.0,0.221,under,high,2026-09-20T19:33:29Z,0.0,1,1,1,0,0.0514,0.2775,0.221,1
401872941,2026-09-20,4429086,Michael Mayer,away,rec,Receptions,rec_pg,negbin,5.5,book,6 books,2.92,6.0,0.3594,under,med,2026-09-20T19:33:29Z,3.0,1,1,1,0,0.1138,0.4412,0.3594,1
401872941,2026-09-20,4429086,Michael Mayer,away,rec_yds,Receiving Yards,rec_yds_pg,normal,44.5,book,6 books,21.71,32.0,0.4205,under,med,2026-09-20T19:33:29Z,23.0,1,1,1,0,0.1758,0.502,0.4205,1
401872941,2026-09-20,4595342,Oronde Gadsden,home,anytd,Anytime TD,td_pg,poisson,0.5,book,8 books,0.16,0.0,0.1717,under,high,2026-09-20T19:33:29Z,1.0,1,1,0,0,0.1478,0.1797,0.1717,1
401872941,2026-09-20,4595342,Oronde Gadsden,home,rec,Receptions,rec_pg,negbin,1.5,book,6 books,3.01,2.0,0.5458,over,low,2026-09-20T19:33:29Z,2.0,1,1,1,0,0.7375,0.4819,0.5458,1
401872941,2026-09-20,4595342,Oronde Gadsden,home,rec_yds,Receiving Yards,rec_yds_pg,normal,13.5,book,6 books,40.51,32.0,0.569,over,low,2026-09-20T19:33:29Z,18.0,1,1,1,0,0.7727,0.501,0.569,1
401872941,2026-09-20,4596334,Keaton Mitchell,home,anytd,Anytime TD,td_pg,poisson,0.5,book,8 books,0.06,0.0,0.1497,under,high,2026-09-20T19:33:29Z,0.0,1,1,1,0,0.0597,0.1797,0.1497,1
401872941,2026-09-20,4596334,Keaton Mitchell,home,rush_yds,Rushing Yards,rush_yds_pg,normal,23.5,book,5 books,22.41,9.0,0.4984,under,low,2026-09-20T19:33:29Z,24.0,1,1,0,0,0.4813,0.5042,0.4984,1
401872941,2026-09-20,4603186,Jack Bech,away,anytd,Anytime TD,td_pg,poisson,0.5,book,8 books,0.45,1.0,0.1854,under,high,2026-09-20T19:33:29Z,0.0,1,1,1,0,0.3643,0.1258,0.1854,1
401872941,2026-09-20,4612826,Ladd McConkey,home,anytd,Anytime TD,td_pg,poisson,0.5,book,8 books,0.46,1.0,0.3066,under,high,2026-09-20T19:33:29Z,0.0,1,1,1,0,0.3686,0.2859,0.3066,1
401872941,2026-09-20,4612826,Ladd McConkey,home,rec,Receptions,rec_pg,negbin,3.5,book,2 books,4.2,5.0,0.5418,over,low,2026-09-20T19:33:29Z,3.0,1,1,0,0,0.5604,0.5355,0.5418,1
401872941,2026-09-20,4612826,Ladd McConkey,home,rec_yds,Receiving Yards,rec_yds_pg,normal,42.5,book,2 books,52.54,82.0,0.5228,over,low,2026-09-20T19:33:29Z,35.0,1,1,0,0,0.5911,0.5,0.5228,1
401872941,2026-09-20,4685382,Omarion Hampton,home,anytd,Anytime TD,td_pg,poisson,0.5,book,8 books,0.6,1.0,0.5434,over,low,2026-09-20T19:33:29Z,1.0,1,1,1,0,0.4535,0.5734,0.5434,1
401872941,2026-09-20,4685382,Omarion Hampton,home,rec,Receptions,rec_pg,negbin,2.5,book,6 books,2.91,0.0,0.4237,over,low,2026-09-20T19:33:29Z,2.0,1,1,0,0,0.5151,0.3933,0.4237,1
401872941,2026-09-20,4685382,Omarion Hampton,home,rush_att,Rush Attempts,rush_att_pg,negbin,16.5,book,5 books,13.26,12.0,0.433,under,low,2026-09-20T19:33:29Z,23.0,1,1,0,0,0.2165,0.5052,0.433,1
401872941,2026-09-20,4685382,Omarion Hampton,home,rush_yds,Rushing Yards,rush_yds_pg,normal,62.5,book,7 books,55.3,43.0,0.4827,under,low,2026-09-20T19:33:29Z,94.0,1,1,0,0,0.4279,0.501,0.4827,1
401872941,2026-09-20,4685382,Omarion Hampton,home,scrim,Rush + Rec Yards,scrim_yds_pg,normal,78.5,book,4 books,72.35,43.0,0.4859,under,low,2026-09-20T19:33:29Z,115.0,1,1,0,0,0.4498,0.498,0.4859,1
401872941,2026-09-20,4686612,Tre' Harris,home,anytd,Anytime TD,td_pg,poisson,0.5,book,8 books,0.05,0.0,0.1841,under,high,2026-09-20T19:33:29Z,0.0,1,1,1,0,0.0459,0.2301,0.1841,1
401872941,2026-09-20,4686612,Tre' Harris,home,rec,Receptions,rec_pg,negbin,2.5,book,6 books,1.94,3.0,0.509,under,low,2026-09-20T19:33:29Z,1.0,1,1,1,0,0.3059,0.5767,0.509,1
401872941,2026-09-20,4686612,Tre' Harris,home,rec_yds,Receiving Yards,rec_yds_pg,normal,30.5,book,6 books,18.44,20.0,0.4481,under,low,2026-09-20T19:33:29Z,53.0,1,1,0,0,0.2954,0.499,0.4481,1
401872941,2026-09-20,4686658,Mike Washington Jr.,away,anytd,Anytime TD,td_pg,poisson,0.5,book,8 books,0.47,0.0,0.2111,under,high,2026-09-20T19:33:29Z,0.0,1,1,1,0,0.3728,0.1572,0.2111,1
401872941,2026-09-20,4686658,Mike Washington Jr.,away,rush_att,Rush Attempts,rush_att_pg,negbin,5.5,book,2 books,10.86,7.0,0.6282,over,med,2026-09-20T19:33:29Z,3.0,1,1,0,0,0.9305,0.5275,0.6282,1
401872941,2026-09-20,4686658,Mike Washington Jr.,away,rush_yds,Rushing Yards,rush_yds_pg,normal,18.5,book,6 books,47.72,41.0,0.5739,over,med,2026-09-20T19:33:29Z,7.0,1,1,0,0,0.7924,0.501,0.5739,1
401872941,2026-09-20,4890973,Ashton Jeanty,away,anytd,Anytime TD,td_pg,poisson,0.5,book,8 books,0.68,2.0,0.4938,over,low,2026-09-20T19:33:29Z,0.0,1,1,0,0,0.4925,0.4942,0.4938,1
401872941,2026-09-20,4890973,Ashton Jeanty,away,rec,Receptions,rec_pg,negbin,3.5,book,7 books,3.32,6.0,0.5188,under,low,2026-09-20T19:33:29Z,4.0,1,1,0,0,0.4091,0.5553,0.5188,1
401872941,2026-09-20,4890973,Ashton Jeanty,away,rush_att,Rush Attempts,rush_att_pg,negbin,16.5,book,3 books,15.18,23.0,0.4661,under,low,2026-09-20T19:33:29Z,21.0,1,1,0,0,0.3644,0.5,0.4661,1
401872941,2026-09-20,4890973,Ashton Jeanty,away,rush_yds,Rushing Yards,rush_yds_pg,normal,63.5,book,6 books,53.37,102.0,0.4757,under,low,2026-09-20T19:33:29Z,48.0,1,1,1,0,0.3967,0.502,0.4757,1
401872941,2026-09-20,4890973,Ashton Jeanty,away,scrim,Rush + Rec Yards,scrim_yds_pg,normal,94.5,book,4 books,73.52,147.0,0.4557,under,low,2026-09-20T19:33:29Z,63.0,1,1,1,0,0.3352,0.4958,0.4557,1
401872941,2026-09-20,5150247,Malik Benson,away,anytd,Anytime TD,td_pg,poisson,0.5,book,8 books,0.25,0.0,0.1191,under,high,2026-09-20T19:33:29Z,0.0,1,1,1,0,0.2189,0.0858,0.1191,1
401872942,2026-09-20,16002,Kyle Juszczyk,home,anytd,Anytime TD,td_pg,poisson,0.5,book,8 books,0.11,0.0,0.1009,under,high,2026-09-20T19:33:29Z,1.0,1,1,0,0,0.1058,0.0993,0.1009,1
401872942,2026-09-20,16737,Mike Evans,home,anytd,Anytime TD,td_pg,poisson,0.5,book,8 books,0.55,1.0,0.4001,over,low,2026-09-20T19:33:29Z,0.0,1,1,0,0,0.4211,0.3931,0.4001,1
401872942,2026-09-20,16737,Mike Evans,home,rec,Receptions,rec_pg,negbin,3.5,book,6 books,4.46,6.0,0.5567,over,low,2026-09-20T19:33:29Z,3.0,1,1,0,0,0.6009,0.542,0.5567,1
401872942,2026-09-20,16737,Mike Evans,home,rec_yds,Receiving Yards,rec_yds_pg,normal,50.5,book,6 books,53.04,49.0,0.5065,over,low,2026-09-20T19:33:29Z,54.0,1,1,1,0,0.5231,0.501,0.5065,1
401872942,2026-09-20,3040151,George Kittle,home,anytd,Anytime TD,td_pg,poisson,0.5,book,8 books,0.6,0.0,0.3653,over,low,2026-09-20T19:33:29Z,1.0,1,1,1,0,0.4539,0.3357,0.3653,1
401872942,2026-09-20,3040151,George Kittle,home,rec,Receptions,rec_pg,negbin,3.5,book,6 books,5.03,2.0,0.5714,over,med,2026-09-20T19:33:29Z,4.0,1,1,1,0,0.6815,0.5347,0.5714,1
401872942,2026-09-20,3040151,George Kittle,home,rec_yds,Receiving Yards,rec_yds_pg,normal,40.5,book,6 books,56.55,12.0,0.5333,over,low,2026-09-20T19:33:29Z,80.0,1,1,1,0,0.6362,0.499,0.5333,1
401872942,2026-09-20,3043116,Demarcus Robinson,home,anytd,Anytime TD,td_pg,poisson,0.5,book,8 books,0.26,1.0,0.2337,under,high,2026-09-20T19:33:29Z,0.0,1,1,1,0,0.2274,0.2358,0.2337,1
401872942,2026-09-20,3043116,Demarcus Robinson,home,rec,Receptions,rec_pg,negbin,1.5,book,6 books,1.78,2.0,0.5537,over,low,2026-09-20T19:33:29Z,3.0,1,1,1,0,0.4828,0.5774,0.5537,1
401872942,2026-09-20,3043116,Demarcus Robinson,home,rec_yds,Receiving Yards,rec_yds_pg,normal,26.5,book,6 books,28.24,50.0,0.5076,over,low,2026-09-20T19:33:29Z,34.0,1,1,1,0,0.5244,0.502,0.5076,1
401872942,2026-09-20,3047876,KhaDarel Hodge,home,anytd,Anytime TD,td_pg,poisson,0.5,book,6 books,0.34,0.0,0.0897,under,high,2026-09-20T19:33:29Z,0.0,1,1,1,0,0.2898,0.023,0.0897,1
401872942,2026-09-20,3117251,Christian McCaffrey,home,anytd,Anytime TD,td_pg,poisson,0.5,book,8 books,0.95,0.0,0.6528,over,med,2026-09-20T19:33:29Z,2.0,1,1,1,0,0.6135,0.6659,0.6528,1
401872942,2026-09-20,3117251,Christian McCaffrey,home,rec,Receptions,rec_pg,negbin,4.5,book,5 books,6.31,5.0,0.5716,over,med,2026-09-20T19:33:29Z,4.0,1,1,0,0,0.6973,0.5298,0.5716,1
401872942,2026-09-20,3117251,Christian McCaffrey,home,rush_att,Rush Attempts,rush_att_pg,negbin,14.5,book,DraftKings,18.29,10.0,0.5703,over,med,2026-09-20T19:33:29Z,10.0,1,1,0,0,0.7654,0.5052,0.5703,1
401872942,2026-09-20,3117251,Christian McCaffrey,home,rush_yds,Rushing Yards,rush_yds_pg,normal,61.5,book,6 books,80.14,68.0,0.5357,over,low,2026-09-20T19:33:29Z,23.0,1,1,0,0,0.6398,0.501,0.5357,1
401872942,2026-09-20,3117251,Christian McCaffrey,home,scrim,Rush + Rec Yards,scrim_yds_pg,normal,104.5,book,3 books,135.6,88.0,0.5398,over,low,2026-09-20T19:33:29Z,66.0,1,1,0,0,0.6529,0.502,0.5398,1
401872942,2026-09-20,3126486,Deebo Samuel Sr.,home,anytd,Anytime TD,td_pg,poisson,0.5,book,8 books,0.55,1.0,0.3264,over,low,2026-09-20T19:33:29Z,0.0,1,1,0,0,0.4211,0.2948,0.3264,1
401872942,2026-09-20,3126486,Deebo Samuel Sr.,home,rec,Receptions,rec_pg,negbin,3.5,book,6 books,5.14,6.0,0.5092,over,low,2026-09-20T19:33:29Z,3.0,1,1,0,0,0.6952,0.4473,0.5092,1
401872942,2026-09-20,3126486,Deebo Samuel Sr.,home,rec_yds,Receiving Yards,rec_yds_pg,normal,35.5,book,6 books,52.32,48.0,0.5384,over,low,2026-09-20T19:33:29Z,31.0,1,1,0,0,0.6507,0.501,0.5384,1
401872942,2026-09-20,3126486,Deebo Samuel Sr.,home,scrim,Rush + Rec Yards,scrim_yds_pg,normal,45.5,book,2 books,59.05,60.0,0.5305,over,low,2026-09-20T19:33:29Z,35.0,1,1,0,0,0.6125,0.5032,0.5305,1
401872942,2026-09-20,4040612,Luke Farrell,home,anytd,Anytime TD,td_pg,poisson,0.5,book,8 books,0.11,0.0,0.1051,under,high,2026-09-20T19:33:29Z,0,1,1,1,0,0.1058,0.1048,0.1051,1
401872942,2026-09-20,4242512,Malik Willis,away,pass_att,Pass Attempts,pass_att_pg,normal,27.5,book,5 books,18.86,27.0,0.375,under,med,2026-09-20T19:33:29Z,,1,1,,,0.0557,0.4815,0.375,1
401872942,2026-09-20,4242512,Malik Willis,away,pass_cmp,Completions,pass_cmp_pg,normal,16.5,book,5 books,11.54,15.0,0.4026,under,med,2026-09-20T19:33:29Z,14.0,1,1,1,0,0.1103,0.5,0.4026,1
401872942,2026-09-20,4242512,Malik Willis,away,pass_int,Interceptions,pass_int_pg,poisson,0.5,book,4 books,0.81,1.0,0.5434,over,low,2026-09-20T19:33:29Z,0.0,1,1,0,0,0.5536,0.54,0.5434,1
401872942,2026-09-20,4242512,Malik Willis,away,pass_td,Passing TDs,pass_td_pg,poisson,0.5,book,7 books,0.33,0.0,0.5138,under,low,2026-09-20T19:33:29Z,1.0,1,1,0,0,0.2821,0.591,0.5138,1
401872942,2026-09-20,4242512,Malik Willis,away,pass_yds,Passing Yards,pass_yds_pg,normal,179.5,book,7 books,217.24,220.0,0.5501,over,low,2026-09-20T19:33:29Z,197.0,1,1,1,0,0.7004,0.5,0.5501,1
401872942,2026-09-20,4242512,Malik Willis,away,qb_rush,Rushing Yards,rush_yds_pg,normal,37.5,book,7 books,29.96,39.0,0.4725,under,low,2026-09-20T19:33:29Z,6.0,1,1,1,0,0.3837,0.502,0.4725,1
401872942,2026-09-20,4361741,Brock Purdy,home,pass_att,Pass Attempts,pass_att_pg,normal,28.5,book,4 books,34.56,34.0,0.5705,over,med,2026-09-20T19:33:29Z,,1,1,,,0.7819,0.5,0.5705,1
401872942,2026-09-20,4361741,Brock Purdy,home,pass_cmp,Completions,pass_cmp_pg,normal,19.5,book,6 books,24.23,25.0,0.5928,over,med,2026-09-20T19:33:29Z,20.0,1,1,1,0,0.7818,0.5298,0.5928,1
401872942,2026-09-20,4361741,Brock Purdy,home,pass_int,Interceptions,pass_int_pg,poisson,0.5,book,5 books,1.25,1.0,0.4768,over,low,2026-09-20T19:33:29Z,0.0,1,1,0,0,0.7124,0.3983,0.4768,1
401872942,2026-09-20,4361741,Brock Purdy,home,pass_td,Passing TDs,pass_td_pg,poisson,1.5,book,6 books,2.68,3.0,0.6497,over,med,2026-09-20T19:33:29Z,2.0,1,1,1,0,0.7482,0.6168,0.6497,1
401872942,2026-09-20,4361741,Brock Purdy,home,pass_yds,Passing Yards,pass_yds_pg,normal,238.5,book,6 books,267.84,205.0,0.5361,over,low,2026-09-20T19:33:29Z,287.0,1,1,1,0,0.6383,0.502,0.5361,1
401872942,2026-09-20,4361741,Brock Purdy,home,qb_rush,Rushing Yards,rush_yds_pg,normal,13.5,book,6 books,21.04,29.0,0.5412,over,low,2026-09-20T19:33:29Z,30.0,1,1,1,0,0.643,0.5072,0.5412,1
401872942,2026-09-20,4367209,Greg Dulcich,away,anytd,Anytime TD,td_pg,poisson,0.5,book,8 books,0.07,0.0,0.118,under,high,2026-09-20T19:33:29Z,0.0,1,1,1,0,0.0676,0.1348,0.118,1
401872942,2026-09-20,4367209,Greg Dulcich,away,rec,Receptions,rec_pg,negbin,2.5,book,6 books,2.27,2.0,0.4148,under,med,2026-09-20T19:33:29Z,2.0,1,1,1,0,0.3795,0.4266,0.4148,1
401872942,2026-09-20,4367209,Greg Dulcich,away,rec_yds,Receiving Yards,rec_yds_pg,normal,20.5,book,6 books,25.96,18.0,0.52,over,low,2026-09-20T19:33:29Z,17.0,1,1,0,0,0.5799,0.5,0.52,1
401872942,2026-09-20,4429160,De'Von Achane,away,anytd,Anytime TD,td_pg,poisson,0.5,book,8 books,0.52,0.0,0.4058,over,low,2026-09-20T19:33:29Z,0.0,1,1,0,0,0.4083,0.4049,0.4058,1
401872942,2026-09-20,4429160,De'Von Achane,away,rec,Receptions,rec_pg,negbin,4.5,book,6 books,3.77,4.0,0.4511,under,low,2026-09-20T19:33:29Z,3.0,1,1,1,0,0.3324,0.4907,0.4511,1
401872942,2026-09-20,4429160,De'Von Achane,away,rush_att,Rush Attempts,rush_att_pg,negbin,14.5,book,3 books,12.92,11.0,0.4513,under,low,2026-09-20T19:33:29Z,20.0,1,1,0,0,0.3329,0.4907,0.4513,1
401872942,2026-09-20,4429160,De'Von Achane,away,rush_yds,Rushing Yards,rush_yds_pg,normal,58.5,book,6 books,64.08,36.0,0.5157,over,low,2026-09-20T19:33:29Z,74.0,1,1,1,0,0.5504,0.5042,0.5157,1
401872942,2026-09-20,4429160,De'Von Achane,away,scrim,Rush + Rec Yards,scrim_yds_pg,normal,90.5,book,4 books,89.62,66.0,0.4992,under,low,2026-09-20T19:33:29Z,93.0,1,1,0,0,0.4939,0.501,0.4992,1
401872942,2026-09-20,4569603,Malik Washington,away,anytd,Anytime TD,td_pg,poisson,0.5,book,8 books,0.16,0.0,0.1795,under,high,2026-09-20T19:33:29Z,0.0,1,1,1,0,0.1518,0.1887,0.1795,1
401872942,2026-09-20,4569603,Malik Washington,away,rec,Receptions,rec_pg,negbin,3.5,book,6 books,2.5,3.0,0.4186,under,med,2026-09-20T19:33:29Z,4.0,1,1,0,0,0.259,0.4718,0.4186,1
401872942,2026-09-20,4569603,Malik Washington,away,rec_yds,Receiving Yards,rec_yds_pg,normal,33.5,book,6 books,20.47,53.0,0.4485,under,low,2026-09-20T19:33:29Z,43.0,1,1,0,0,0.2911,0.501,0.4485,1
401872942,2026-09-20,4682745,Jaylen Wright,away,anytd,Anytime TD,td_pg,poisson,0.5,book,8 books,0.14,0.0,0.0916,under,high,2026-09-20T19:33:29Z,0.0,1,1,1,0,0.1306,0.0786,0.0916,1
401872942,2026-09-20,4685307,Kevin Coleman Jr.,away,anytd,Anytime TD,td_pg,poisson,0.5,book,8 books,0.25,0.0,0.1028,under,high,2026-09-20T19:33:29Z,,0,1,,,0.2227,0.0629,0.1028,1
401872942,2026-09-20,4696044,Kaelon Black,home,anytd,Anytime TD,td_pg,poisson,0.5,book,8 books,0.65,0.0,0.3155,over,low,2026-09-20T19:33:29Z,0.0,1,1,0,0,0.4759,0.2621,0.3155,1
401872942,2026-09-20,4696044,Kaelon Black,home,rush_att,Rush Attempts,rush_att_pg,negbin,8.5,book,DraftKings,14.95,14.0,0.6419,over,med,2026-09-20T19:33:29Z,7.0,1,1,0,0,0.9334,0.5447,0.6419,1
401872942,2026-09-20,4696044,Kaelon Black,home,rush_yds,Rushing Yards,rush_yds_pg,normal,38.5,book,5 books,72.92,65.0,0.5661,over,low,2026-09-20T19:33:29Z,25.0,1,1,0,0,0.7612,0.501,0.5661,1
401872942,2026-09-20,4869645,Caleb Douglas,away,anytd,Anytime TD,td_pg,poisson,0.5,book,8 books,0.25,0.0,0.1867,under,high,2026-09-20T19:33:29Z,0.0,1,1,1,0,0.2227,0.1747,0.1867,1
401872942,2026-09-20,4869645,Caleb Douglas,away,rec,Receptions,rec_pg,negbin,2.5,book,6 books,3.77,5.0,0.5932,over,med,2026-09-20T19:33:29Z,2.0,1,1,0,0,0.6664,0.5688,0.5932,1
401872942,2026-09-20,4869645,Caleb Douglas,away,rec_yds,Receiving Yards,rec_yds_pg,normal,38.5,book,7 books,50.92,94.0,0.5287,over,low,2026-09-20T19:33:29Z,19.0,1,1,0,0,0.6147,0.5,0.5287,1
401872942,2026-09-20,4869961,Chris Bell,away,anytd,Anytime TD,td_pg,poisson,0.5,book,8 books,0.25,0.0,0.1441,under,high,2026-09-20T19:33:29Z,0.0,1,1,1,0,0.2227,0.1179,0.1441,1
401872942,2026-09-20,4869961,Chris Bell,away,rec,Receptions,rec_pg,negbin,1.5,book,7 books,0.54,1.0,0.4355,under,low,2026-09-20T19:33:29Z,0.0,1,1,1,0,0.1234,0.5396,0.4355,1
401872942,2026-09-20,4869961,Chris Bell,away,rec_yds,Receiving Yards,rec_yds_pg,normal,19.5,book,6 books,36.43,25.0,0.5444,over,low,2026-09-20T19:33:29Z,0.0,1,1,0,0,0.6929,0.4948,0.5444,1
401872942,2026-09-20,4880236,Will Kacmarek,away,anytd,Anytime TD,td_pg,poisson,0.5,book,8 books,0.25,0.0,0.0999,under,high,2026-09-20T19:33:29Z,0.0,1,1,1,0,0.2227,0.059,0.0999,1
401872943,2026-09-20,2578570,Jacoby Brissett,home,pass_att,Pass Attempts,pass_att_pg,normal,34.5,book,5 books,32.72,37.0,0.4789,under,low,2026-09-20T19:33:29Z,,1,1,,,0.4063,0.5031,0.4789,1
401872943,2026-09-20,2578570,Jacoby Brissett,home,pass_cmp,Completions,pass_cmp_pg,normal,21.5,book,6 books,21.71,27.0,0.4976,over,low,2026-09-20T19:33:29Z,17.0,1,1,0,0,0.515,0.4918,0.4976,1
401872943,2026-09-20,2578570,Jacoby Brissett,home,pass_int,Interceptions,pass_int_pg,poisson,0.5,book,4 books,0.62,0.0,0.5224,over,low,2026-09-20T19:33:29Z,1.0,1,1,1,0,0.4599,0.5432,0.5224,1
401872943,2026-09-20,2578570,Jacoby Brissett,home,pass_td,Passing TDs,pass_td_pg,poisson,1.5,book,6 books,1.33,1.0,0.3425,under,med,2026-09-20T19:33:29Z,1.0,1,1,1,0,0.3843,0.3286,0.3425,1
401872943,2026-09-20,2578570,Jacoby Brissett,home,pass_yds,Passing Yards,pass_yds_pg,normal,216.5,book,7 books,213.73,277.0,0.4976,under,low,2026-09-20T19:33:29Z,95.0,1,1,1,0,0.4844,0.502,0.4976,1
401872943,2026-09-20,2578570,Jacoby Brissett,home,qb_rush,Rushing Yards,rush_yds_pg,normal,9.5,book,5 books,10.69,14.0,0.5111,over,low,2026-09-20T19:33:29Z,7.0,1,1,0,0,0.5319,0.5042,0.5111,1
401872943,2026-09-20,2975863,Eric Saubert,away,anytd,Anytime TD,td_pg,poisson,0.5,book,8 books,0.36,0.0,0.1066,under,high,2026-09-20T19:33:29Z,0.0,1,1,1,0,0.3032,0.041,0.1066,1
401872943,2026-09-20,2977187,Cooper Kupp,away,anytd,Anytime TD,td_pg,poisson,0.5,book,8 books,0.13,0.0,0.18,under,high,2026-09-20T19:33:29Z,0.0,1,1,1,0,0.1179,0.2007,0.18,1
401872943,2026-09-20,2977187,Cooper Kupp,away,rec,Receptions,rec_pg,negbin,2.5,book,6 books,3.07,2.0,0.4492,over,low,2026-09-20T19:33:29Z,2.0,1,1,0,0,0.5456,0.4171,0.4492,1
401872943,2026-09-20,2977187,Cooper Kupp,away,rec_yds,Receiving Yards,rec_yds_pg,normal,23.5,book,6 books,44.22,35.0,0.5521,over,low,2026-09-20T19:33:29Z,20.0,1,1,0,0,0.7052,0.501,0.5521,1
401872943,2026-09-20,3045523,Kendrick Bourne,home,anytd,Anytime TD,td_pg,poisson,0.5,book,8 books,0.26,0.0,0.1516,under,high,2026-09-20T19:33:29Z,0.0,1,1,1,0,0.229,0.1258,0.1516,1
401872943,2026-09-20,3045523,Kendrick Bourne,home,rec,Receptions,rec_pg,negbin,2.5,book,5 books,3.04,8.0,0.5331,over,low,2026-09-20T19:33:29Z,2.0,1,1,0,0,0.5405,0.5306,0.5331,1
401872943,2026-09-20,3045523,Kendrick Bourne,home,rec_yds,Receiving Yards,rec_yds_pg,normal,24.5,book,6 books,35.72,75.0,0.537,over,low,2026-09-20T19:33:29Z,11.0,1,1,0,0,0.6325,0.5052,0.537,1
401872943,2026-09-20,3924327,Drew Lock,away,pass_att,Pass Attempts,pass_att_pg,normal,29.5,book,4 books,4.6,22.0,0.3697,under,med,2026-09-20T19:33:29Z,,1,1,,,0.01,0.4896,0.3697,1
401872943,2026-09-20,3924327,Drew Lock,away,pass_cmp,Completions,pass_cmp_pg,normal,18.5,book,4 books,3.31,16.0,0.3907,under,med,2026-09-20T19:33:29Z,19.0,1,1,0,0,0.01,0.5176,0.3907,1
401872943,2026-09-20,3924327,Drew Lock,away,pass_int,Interceptions,pass_int_pg,poisson,0.5,book,4 books,0.86,0.0,0.5148,over,low,2026-09-20T19:33:29Z,0.0,1,1,0,0,0.575,0.4948,0.5148,1
401872943,2026-09-20,3924327,Drew Lock,away,pass_td,Passing TDs,pass_td_pg,poisson,1.5,book,7 books,2.56,1.0,0.4643,over,low,2026-09-20T19:33:29Z,3.0,1,1,1,0,0.7247,0.3775,0.4643,1
401872943,2026-09-20,3924327,Drew Lock,away,pass_yds,Passing Yards,pass_yds_pg,normal,207.5,book,6 books,40.55,187.0,0.379,under,med,2026-09-20T19:33:29Z,235.0,1,1,0,0,0.01,0.502,0.379,1
401872943,2026-09-20,3924327,Drew Lock,away,qb_rush,Rushing Yards,rush_yds_pg,normal,7.5,book,6 books,7.26,13.0,0.5043,under,low,2026-09-20T19:33:29Z,,1,1,,,0.4925,0.5082,0.5043,1
401872943,2026-09-20,4032473,Rashid Shaheed,away,anytd,Anytime TD,td_pg,poisson,0.5,book,8 books,0.11,0.0,0.1802,under,high,2026-09-20T19:33:29Z,0.0,1,1,1,0,0.1055,0.2051,0.1802,1
401872943,2026-09-20,4032473,Rashid Shaheed,away,rec,Receptions,rec_pg,negbin,2.5,book,5 books,3.2,1.0,0.4548,over,low,2026-09-20T19:33:29Z,3.0,1,1,1,0,0.5699,0.4165,0.4548,1
401872943,2026-09-20,4032473,Rashid Shaheed,away,rec_yds,Receiving Yards,rec_yds_pg,normal,24.5,book,6 books,39.11,4.0,0.5402,over,low,2026-09-20T19:33:29Z,35.0,1,1,1,0,0.6607,0.5,0.5402,1
401872943,2026-09-20,4039050,Devin Duvernay,home,anytd,Anytime TD,td_pg,poisson,0.5,book,8 books,0.26,0.0,0.0825,under,high,2026-09-20T19:33:29Z,,0,1,,,0.229,0.0337,0.0825,1
401872943,2026-09-20,4239944,Hunter Long,home,anytd,Anytime TD,td_pg,poisson,0.5,book,7 books,0.16,0.0,0.0787,under,high,2026-09-20T19:33:29Z,0,1,1,1,0,0.1483,0.0555,0.0787,1
401872943,2026-09-20,4243176,Brady Russell,away,anytd,Anytime TD,td_pg,poisson,0.5,book,8 books,0.68,0.0,0.1444,over,low,2026-09-20T19:33:29Z,,0,1,,,0.4944,0.0277,0.1444,1
401872943,2026-09-20,4360739,Simi Fehoko,home,anytd,Anytime TD,td_pg,poisson,0.5,book,8 books,0.26,0.0,0.0801,under,high,2026-09-20T19:33:29Z,,0,1,,,0.229,0.0304,0.0801,1
401872943,2026-09-20,4360761,Michael Wilson,home,anytd,Anytime TD,td_pg,poisson,0.5,book,8 books,0.3,0.0,0.2149,under,high,2026-09-20T19:33:29Z,0.0,1,1,1,0,0.2573,0.2007,0.2149,1
401872943,2026-09-20,4360761,Michael Wilson,home,rec,Receptions,rec_pg,negbin,3.5,book,6 books,4.35,5.0,0.5516,over,low,2026-09-20T19:33:29Z,2.0,1,1,0,0,0.5838,0.5408,0.5516,1
401872943,2026-09-20,4360761,Michael Wilson,home,rec_yds,Receiving Yards,rec_yds_pg,normal,37.5,book,6 books,50.84,56.0,0.5323,over,low,2026-09-20T19:33:29Z,18.0,1,1,0,0,0.6232,0.502,0.5323,1
401872943,2026-09-20,4361307,Trey McBride,home,anytd,Anytime TD,td_pg,poisson,0.5,book,8 books,0.61,1.0,0.3627,over,low,2026-09-20T19:33:29Z,1.0,1,1,1,0,0.4577,0.331,0.3627,1
401872943,2026-09-20,4361307,Trey McBride,home,rec,Receptions,rec_pg,negbin,6.5,book,6 books,7.17,9.0,0.5005,over,low,2026-09-20T19:33:29Z,8.0,1,1,1,0,0.5416,0.4868,0.5005,1
401872943,2026-09-20,4361307,Trey McBride,home,rec_yds,Receiving Yards,rec_yds_pg,normal,61.5,book,6 books,66.38,95.0,0.5101,over,low,2026-09-20T19:33:29Z,41.0,1,1,0,0,0.5373,0.501,0.5101,1
401872943,2026-09-20,4373626,Tyler Allgeier,home,anytd,Anytime TD,td_pg,poisson,0.5,book,8 books,0.34,0.0,0.3003,under,high,2026-09-20T19:33:29Z,0.0,1,1,1,0,0.2882,0.3043,0.3003,1
401872943,2026-09-20,4373626,Tyler Allgeier,home,rush_att,Rush Attempts,rush_att_pg,negbin,10.5,book,2 books,9.19,17.0,0.4587,under,low,2026-09-20T19:33:29Z,5.0,1,1,1,0,0.331,0.5012,0.4587,1
401872943,2026-09-20,4373626,Tyler Allgeier,home,rush_yds,Rushing Yards,rush_yds_pg,normal,36.5,book,6 books,30.66,61.0,0.4781,under,low,2026-09-20T19:33:29Z,10.0,1,1,1,0,0.4154,0.499,0.4781,1
401872943,2026-09-20,4429835,George Holani,away,anytd,Anytime TD,td_pg,poisson,0.5,book,8 books,0.09,0.0,0.2429,under,high,2026-09-20T19:33:29Z,0.0,1,1,1,0,0.0872,0.2948,0.2429,1
401872943,2026-09-20,4429835,George Holani,away,rush_att,Rush Attempts,rush_att_pg,negbin,7.5,book,2 books,3.31,8.0,0.4041,under,med,2026-09-20T19:33:29Z,4.0,1,1,1,0,0.043,0.5245,0.4041,1
401872943,2026-09-20,4429835,George Holani,away,rush_yds,Rushing Yards,rush_yds_pg,normal,29.5,book,6 books,12.48,29.0,0.4189,under,med,2026-09-20T19:33:29Z,13.0,1,1,1,0,0.1754,0.5,0.4189,1
401872943,2026-09-20,4430878,Jaxon Smith-Njigba,away,anytd,Anytime TD,td_pg,poisson,0.5,book,8 books,0.79,1.0,0.4315,over,low,2026-09-20T19:33:29Z,3.0,1,1,1,0,0.5467,0.3931,0.4315,1
401872943,2026-09-20,4430878,Jaxon Smith-Njigba,away,rec,Receptions,rec_pg,negbin,6.5,book,6 books,7.92,8.0,0.517,over,low,2026-09-20T19:33:29Z,9.0,1,1,1,0,0.6288,0.4797,0.517,1
401872943,2026-09-20,4430878,Jaxon Smith-Njigba,away,rec_yds,Receiving Yards,rec_yds_pg,normal,81.5,book,7 books,130.34,122.0,0.5514,over,low,2026-09-20T19:33:29Z,155.0,1,1,1,0,0.7026,0.501,0.5514,1
401872943,2026-09-20,4432708,Marvin Harrison Jr.,home,anytd,Anytime TD,td_pg,poisson,0.5,book,8 books,0.24,0.0,0.2009,under,high,2026-09-20T19:33:29Z,0.0,1,1,1,0,0.214,0.1965,0.2009,1
401872943,2026-09-20,4432708,Marvin Harrison Jr.,home,rec,Receptions,rec_pg,negbin,3.5,book,6 books,2.81,1.0,0.4116,under,med,2026-09-20T19:33:29Z,0.0,1,1,1,0,0.3157,0.4435,0.4116,1
401872943,2026-09-20,4432708,Marvin Harrison Jr.,home,rec_yds,Receiving Yards,rec_yds_pg,normal,35.5,book,6 books,41.37,33.0,0.5159,over,low,2026-09-20T19:33:29Z,0.0,1,1,0,0,0.5637,0.5,0.5159,1
401872943,2026-09-20,4576297,AJ Barner,away,anytd,Anytime TD,td_pg,poisson,0.5,book,8 books,0.41,0.0,0.2531,under,high,2026-09-20T19:33:29Z,1.0,1,1,0,0,0.3385,0.2246,0.2531,1
401872943,2026-09-20,4576297,AJ Barner,away,rec,Receptions,rec_pg,negbin,2.5,book,6 books,3.18,2.0,0.519,over,low,2026-09-20T19:33:29Z,1.0,1,1,0,0,0.5667,0.5031,0.519,1
401872943,2026-09-20,4576297,AJ Barner,away,rec_yds,Receiving Yards,rec_yds_pg,normal,22.5,book,6 books,33.25,13.0,0.5364,over,low,2026-09-20T19:33:29Z,8.0,1,1,0,0,0.6331,0.5042,0.5364,1
401872943,2026-09-20,4685512,Jadarian Price,away,anytd,Anytime TD,td_pg,poisson,0.5,book,8 books,0.68,0.0,0.4011,over,low,2026-09-20T19:33:29Z,0.0,1,1,0,0,0.4944,0.37,0.4011,1
401872943,2026-09-20,4685512,Jadarian Price,away,rec,Receptions,rec_pg,negbin,1.5,book,6 books,2.93,2.0,0.5565,over,low,2026-09-20T19:33:29Z,1.0,1,1,0,0,0.7262,0.5,0.5565,1
401872943,2026-09-20,4685512,Jadarian Price,away,rush_att,Rush Attempts,rush_att_pg,negbin,14.5,book,4 books,14.16,10.0,0.4714,under,low,2026-09-20T19:33:29Z,13.0,1,1,1,0,0.4433,0.4807,0.4714,1
401872943,2026-09-20,4685512,Jadarian Price,away,rush_yds,Rushing Yards,rush_yds_pg,normal,62.5,book,6 books,73.08,52.0,0.5216,over,low,2026-09-20T19:33:29Z,52.0,1,1,0,0,0.5863,0.5,0.5216,1
401872943,2026-09-20,4685512,Jadarian Price,away,scrim,Rush + Rec Yards,scrim_yds_pg,normal,72.5,book,4 books,91.23,58.0,0.531,over,low,2026-09-20T19:33:29Z,60.0,1,1,0,0,0.627,0.499,0.531,1
401872943,2026-09-20,4870808,Jeremiyah Love,home,anytd,Anytime TD,td_pg,poisson,0.5,book,8 books,0.71,1.0,0.3751,over,low,2026-09-20T19:33:29Z,0.0,1,1,0,0,0.5072,0.331,0.3751,1
401872943,2026-09-20,4870808,Jeremiyah Love,home,rec,Receptions,rec_pg,negbin,2.5,book,7 books,2.48,2.0,0.5283,under,low,2026-09-20T19:33:29Z,3.0,1,1,0,0,0.4252,0.5627,0.5283,1
401872943,2026-09-20,4870808,Jeremiyah Love,home,rush_att,Rush Attempts,rush_att_pg,negbin,9.5,book,2 books,12.21,11.0,0.5689,over,low,2026-09-20T19:33:29Z,9.0,1,1,0,0,0.7307,0.515,0.5689,1
401872943,2026-09-20,4870808,Jeremiyah Love,home,rush_yds,Rushing Yards,rush_yds_pg,normal,36.5,book,7 books,50.22,41.0,0.5376,over,low,2026-09-20T19:33:29Z,29.0,1,1,0,0,0.6442,0.502,0.5376,1
401872943,2026-09-20,4870808,Jeremiyah Love,home,scrim,Rush + Rec Yards,scrim_yds_pg,normal,58.5,book,4 books,63.93,50.0,0.5113,over,low,2026-09-20T19:33:29Z,45.0,1,1,0,0,0.5484,0.499,0.5113,1
401872943,2026-09-20,4887558,Emanuel Wilson,away,anytd,Anytime TD,td_pg,poisson,0.5,book,8 books,0.18,0.0,0.1349,under,high,2026-09-20T19:33:29Z,0.0,1,1,1,0,0.1623,0.1258,0.1349,1
401872944,2026-09-20,2577417,Dak Prescott,home,pass_att,Pass Attempts,pass_att_pg,normal,34.5,book,4 books,38.87,34.0,0.5604,over,low,2026-09-20T19:33:29Z,31.0,1,1,0,0,0.698,0.5146,0.5604,1
401872944,2026-09-20,2577417,Dak Prescott,home,pass_cmp,Completions,pass_cmp_pg,normal,22.5,book,6 books,26.01,22.0,0.557,over,low,2026-09-20T19:33:29Z,26.0,1,1,1,0,0.7094,0.5062,0.557,1
401872944,2026-09-20,2577417,Dak Prescott,home,pass_int,Interceptions,pass_int_pg,poisson,0.5,book,5 books,1.14,1.0,0.5353,over,low,2026-09-20T19:33:29Z,0.0,1,1,0,0,0.6813,0.4866,0.5353,1
401872944,2026-09-20,2577417,Dak Prescott,home,pass_td,Passing TDs,pass_td_pg,poisson,1.5,book,7 books,2.15,2.0,0.6269,over,med,2026-09-20T19:33:29Z,4.0,1,1,1,0,0.6325,0.625,0.6269,1
401872944,2026-09-20,2577417,Dak Prescott,home,pass_yds,Passing Yards,pass_yds_pg,normal,266.5,book,7 books,300.39,175.0,0.5367,over,low,2026-09-20T19:33:29Z,279.0,1,1,1,0,0.6466,0.5,0.5367,1
401872944,2026-09-20,2577417,Dak Prescott,home,qb_rush,Rushing Yards,rush_yds_pg,normal,8.5,book,6 books,13.11,14.0,0.528,over,low,2026-09-20T19:33:29Z,26.0,1,1,1,0,0.6119,0.5,0.528,1
401872944,2026-09-20,2976212,Stefon Diggs,away,anytd,Anytime TD,td_pg,poisson,0.5,book,8 books,0.37,1.0,0.2983,under,high,2026-09-20T19:33:29Z,2.0,1,1,0,0,0.3086,0.2948,0.2983,1
401872944,2026-09-20,2976212,Stefon Diggs,away,rec,Receptions,rec_pg,negbin,4.5,book,6 books,4.85,4.0,0.5013,over,low,2026-09-20T19:33:29Z,5.0,1,1,1,0,0.5023,0.501,0.5013,1
401872944,2026-09-20,2976212,Stefon Diggs,away,rec_yds,Receiving Yards,rec_yds_pg,normal,48.5,book,6 books,59.85,55.0,0.5233,over,low,2026-09-20T19:33:29Z,47.0,1,1,0,0,0.5932,0.5,0.5233,1
401872944,2026-09-20,3121422,Terry McLaurin,away,anytd,Anytime TD,td_pg,poisson,0.5,book,8 books,0.25,0.0,0.292,under,high,2026-09-20T19:33:29Z,0.0,1,1,1,0,0.2246,0.3145,0.292,1
401872944,2026-09-20,3121422,Terry McLaurin,away,rec,Receptions,rec_pg,negbin,4.5,book,6 books,3.51,2.0,0.4039,under,med,2026-09-20T19:33:29Z,2.0,1,1,1,0,0.2911,0.4415,0.4039,1
401872944,2026-09-20,3121422,Terry McLaurin,away,rec_yds,Receiving Yards,rec_yds_pg,normal,53.5,book,7 books,51.72,14.0,0.4966,under,low,2026-09-20T19:33:29Z,50.0,1,1,1,0,0.4835,0.501,0.4966,1
401872944,2026-09-20,3676833,KaVontae Turpin,home,anytd,Anytime TD,td_pg,poisson,0.5,book,8 books,0.13,0.0,0.1142,under,high,2026-09-20T19:33:29Z,0.0,1,1,1,0,0.1239,0.111,0.1142,1
401872944,2026-09-20,4048228,John Bates,away,anytd,Anytime TD,td_pg,poisson,0.5,book,8 books,0.06,0.0,0.1269,under,high,2026-09-20T19:33:29Z,,0,1,,,0.055,0.1509,0.1269,1
401872944,2026-09-20,4048228,John Bates,away,rec,Receptions,rec_pg,negbin,1.5,book,3 books,0.95,2.0,0.4939,under,low,2026-09-20T19:33:29Z,,0,1,,,0.2434,0.5774,0.4939,1
401872944,2026-09-20,4048228,John Bates,away,rec_yds,Receiving Yards,rec_yds_pg,normal,13.5,book,3 books,8.03,13.0,0.4665,under,low,2026-09-20T19:33:29Z,,0,1,,,0.3659,0.5,0.4665,1
401872944,2026-09-20,4241389,CeeDee Lamb,home,anytd,Anytime TD,td_pg,poisson,0.5,book,8 books,0.41,1.0,0.4212,under,med,2026-09-20T19:33:29Z,2.0,1,1,0,0,0.337,0.4492,0.4212,1
401872944,2026-09-20,4241389,CeeDee Lamb,home,rec,Receptions,rec_pg,negbin,5.5,book,6 books,5.87,5.0,0.5326,over,low,2026-09-20T19:33:29Z,8.0,1,1,1,0,0.5047,0.5419,0.5326,1
401872944,2026-09-20,4241389,CeeDee Lamb,home,rec_yds,Receiving Yards,rec_yds_pg,normal,76.5,book,6 books,85.06,44.0,0.5141,over,low,2026-09-20T19:33:29Z,153.0,1,1,1,0,0.5534,0.501,0.5141,1
401872944,2026-09-20,4242355,Jake Ferguson,home,anytd,Anytime TD,td_pg,poisson,0.5,book,8 books,0.47,0.0,0.2898,under,high,2026-09-20T19:33:29Z,2.0,1,1,0,0,0.3731,0.2621,0.2898,1
401872944,2026-09-20,4242355,Jake Ferguson,home,rec,Receptions,rec_pg,negbin,3.5,book,6 books,4.82,2.0,0.5055,over,low,2026-09-20T19:33:29Z,4.0,1,1,1,0,0.6537,0.4562,0.5055,1
401872944,2026-09-20,4242355,Jake Ferguson,home,rec_yds,Receiving Yards,rec_yds_pg,normal,26.5,book,6 books,36.21,6.0,0.5278,over,low,2026-09-20T19:33:29Z,43.0,1,1,1,0,0.6142,0.499,0.5278,1
401872944,2026-09-20,4360967,Brevyn Spann-Ford,home,anytd,Anytime TD,td_pg,poisson,0.5,book,8 books,0.06,0.0,0.0974,under,high,2026-09-20T19:33:29Z,0,1,1,1,0,0.0567,0.111,0.0974,1
401872944,2026-09-20,4361088,Colson Yankoff,away,anytd,Anytime TD,td_pg,poisson,0.5,book,7 books,0.31,0.0,0.0952,under,high,2026-09-20T19:33:29Z,0.0,1,1,1,0,0.263,0.0393,0.0952,1
401872944,2026-09-20,4361577,Dyami Brown,away,anytd,Anytime TD,td_pg,poisson,0.5,book,8 books,0.06,0.0,0.079,under,high,2026-09-20T19:33:29Z,0.0,1,1,1,0,0.0588,0.0858,0.079,1
401872944,2026-09-20,4361579,Javonte Williams,home,anytd,Anytime TD,td_pg,poisson,0.5,book,8 books,1.2,2.0,0.6342,over,med,2026-09-20T19:33:29Z,0.0,1,1,0,0,0.6997,0.6124,0.6342,1
401872944,2026-09-20,4361579,Javonte Williams,home,rec,Receptions,rec_pg,negbin,2.5,book,6 books,2.94,5.0,0.4913,over,low,2026-09-20T19:33:29Z,3.0,1,1,1,0,0.5207,0.4815,0.4913,1
401872944,2026-09-20,4361579,Javonte Williams,home,rush_att,Rush Attempts,rush_att_pg,negbin,17.5,book,4 books,16.76,12.0,0.4907,under,low,2026-09-20T19:33:29Z,12.0,1,1,1,0,0.4156,0.5157,0.4907,1
401872944,2026-09-20,4361579,Javonte Williams,home,rush_yds,Rushing Yards,rush_yds_pg,normal,76.5,book,7 books,82.61,41.0,0.5129,over,low,2026-09-20T19:33:29Z,30.0,1,1,0,0,0.5456,0.502,0.5129,1
401872944,2026-09-20,4361579,Javonte Williams,home,scrim,Rush + Rec Yards,scrim_yds_pg,normal,95.5,book,4 books,97.26,72.0,0.5029,over,low,2026-09-20T19:33:29Z,50.0,1,1,0,0,0.5115,0.5,0.5029,1
401872944,2026-09-20,4362478,Emari Demercado,home,anytd,Anytime TD,td_pg,poisson,0.5,book,7 books,0.08,0.0,0.1447,under,high,2026-09-20T19:33:29Z,0.0,1,1,1,0,0.0735,0.1685,0.1447,1
401872944,2026-09-20,4362478,Emari Demercado,home,rush_yds,Rushing Yards,rush_yds_pg,normal,11.5,book,5 books,25.2,7.0,0.552,over,low,2026-09-20T19:33:29Z,8.0,1,1,0,0,0.7112,0.499,0.552,1
401872944,2026-09-20,4372096,Luke Schoonmaker,home,anytd,Anytime TD,td_pg,poisson,0.5,book,8 books,0.36,0.0,0.1341,under,high,2026-09-20T19:33:29Z,,0,1,,,0.3004,0.0786,0.1341,1
401872944,2026-09-20,4383396,Hunter Luepke,home,anytd,Anytime TD,td_pg,poisson,0.5,book,8 books,0.06,0.0,0.0785,under,high,2026-09-20T19:33:29Z,0.0,1,1,1,0,0.0567,0.0858,0.0785,1
401872944,2026-09-20,4383396,Hunter Luepke,home,rec,Receptions,rec_pg,negbin,0.5,book,BetMGM,0.71,0.0,0.51,over,low,2026-09-20T19:33:29Z,,1,1,,,0.436,0.5347,0.51,1
401872944,2026-09-20,4426348,Jayden Daniels,away,pass_att,Pass Attempts,pass_att_pg,normal,30.5,book,4 books,28.15,34.0,0.4706,under,low,2026-09-20T19:33:29Z,17.0,1,1,1,0,0.3655,0.5056,0.4706,1
401872944,2026-09-20,4426348,Jayden Daniels,away,pass_cmp,Completions,pass_cmp_pg,normal,19.5,book,5 books,16.63,18.0,0.4642,under,low,2026-09-20T19:33:29Z,11.0,1,1,1,0,0.2778,0.5263,0.4642,1
401872944,2026-09-20,4426348,Jayden Daniels,away,pass_int,Interceptions,pass_int_pg,poisson,0.5,book,5 books,0.72,0.0,0.4531,over,low,2026-09-20T19:33:29Z,0.0,1,1,0,0,0.5146,0.4326,0.4531,1
401872944,2026-09-20,4426348,Jayden Daniels,away,pass_td,Passing TDs,pass_td_pg,poisson,1.5,book,6 books,1.31,2.0,0.4068,under,med,2026-09-20T19:33:29Z,1.0,1,1,1,0,0.376,0.4171,0.4068,1
401872944,2026-09-20,4426348,Jayden Daniels,away,pass_yds,Passing Yards,pass_yds_pg,normal,223.5,book,6 books,180.66,164.0,0.4385,under,low,2026-09-20T19:33:29Z,96.0,1,1,1,0,0.2508,0.501,0.4385,1
401872944,2026-09-20,4426348,Jayden Daniels,away,qb_rush,Rushing Yards,rush_yds_pg,normal,36.5,book,6 books,38.93,31.0,0.508,over,low,2026-09-20T19:33:29Z,69.0,1,1,1,0,0.5318,0.5,0.508,1
401872944,2026-09-20,4426354,George Pickens,home,anytd,Anytime TD,td_pg,poisson,0.5,book,8 books,0.53,0.0,0.4032,over,low,2026-09-20T19:33:29Z,0.0,1,1,0,0,0.4086,0.4014,0.4032,1
401872944,2026-09-20,4426354,George Pickens,home,rec,Receptions,rec_pg,negbin,4.5,book,6 books,5.61,3.0,0.5291,over,low,2026-09-20T19:33:29Z,6.0,1,1,1,0,0.6103,0.502,0.5291,1
401872944,2026-09-20,4426354,George Pickens,home,rec_yds,Receiving Yards,rec_yds_pg,normal,65.5,book,6 books,88.96,28.0,0.5346,over,low,2026-09-20T19:33:29Z,40.0,1,1,0,0,0.6385,0.5,0.5346,1
401872944,2026-09-20,4426485,Jonathan Mingo,home,anytd,Anytime TD,td_pg,poisson,0.5,book,8 books,0.36,0.0,0.1256,under,high,2026-09-20T19:33:29Z,,0,1,,,0.3004,0.0674,0.1256,1
401872944,2026-09-20,4575131,Jacory Croskey-Merritt,away,anytd,Anytime TD,td_pg,poisson,0.5,book,8 books,0.57,1.0,0.4536,over,low,2026-09-20T19:33:29Z,0.0,1,1,0,0,0.4336,0.4602,0.4536,1
401872944,2026-09-20,4575131,Jacory Croskey-Merritt,away,rush_att,Rush Attempts,rush_att_pg,negbin,12.5,book,3 books,11.29,16.0,0.4636,under,low,2026-09-20T19:33:29Z,12.0,1,1,1,0,0.3544,0.5,0.4636,1
401872944,2026-09-20,4575131,Jacory Croskey-Merritt,away,rush_yds,Rushing Yards,rush_yds_pg,normal,52.5,book,6 books,50.83,63.0,0.4979,under,low,2026-09-20T19:33:29Z,43.0,1,1,1,0,0.4822,0.5031,0.4979,1
401872944,2026-09-20,4602667,Jaylin Lane,away,anytd,Anytime TD,td_pg,poisson,0.5,book,8 books,0.31,0.0,0.1129,under,high,2026-09-20T19:33:29Z,,0,1,,,0.263,0.0629,0.1129,1
401872944,2026-09-20,4685246,Kaytron Allen,away,anytd,Anytime TD,td_pg,poisson,0.5,book,8 books,0.58,0.0,0.2008,over,low,2026-09-20T19:33:29Z,0.0,1,1,0,0,0.438,0.1217,0.2008,1
401872944,2026-09-20,4697815,Rachaad White,away,anytd,Anytime TD,td_pg,poisson,0.5,book,7 books,0.2,0.0,0.2772,under,high,2026-09-20T19:33:29Z,0.0,1,1,1,0,0.1808,0.3093,0.2772,1
401872944,2026-09-20,4697815,Rachaad White,away,rec,Receptions,rec_pg,negbin,1.5,book,6 books,2.3,2.0,0.6131,over,med,2026-09-20T19:33:29Z,6.0,1,1,1,0,0.6083,0.6147,0.6131,1
401872944,2026-09-20,4697815,Rachaad White,away,rush_yds,Rushing Yards,rush_yds_pg,normal,22.5,book,6 books,32.26,22.0,0.5324,over,low,2026-09-20T19:33:29Z,43.0,1,1,1,0,0.6357,0.498,0.5324,1
401872944,2026-09-20,4697815,Rachaad White,away,scrim,Rush + Rec Yards,scrim_yds_pg,normal,38.5,book,3 books,43.98,27.0,0.514,over,low,2026-09-20T19:33:29Z,83.0,1,1,1,0,0.562,0.498,0.514,1
401872944,2026-09-20,5081432,Antonio Williams,away,anytd,Anytime TD,td_pg,poisson,0.5,book,8 books,0.56,1.0,0.2406,over,low,2026-09-20T19:33:29Z,0.0,1,1,0,0,0.4285,0.178,0.2406,1
401872944,2026-09-20,5081432,Antonio Williams,away,rec,Receptions,rec_pg,negbin,2.5,book,7 books,3.91,4.0,0.4969,over,low,2026-09-20T19:33:29Z,3.0,1,1,1,0,0.6885,0.4331,0.4969,1
401872944,2026-09-20,5081432,Antonio Williams,away,rec_yds,Receiving Yards,rec_yds_pg,normal,25.5,book,6 books,54.06,64.0,0.5599,over,low,2026-09-20T19:33:29Z,24.0,1,1,0,0,0.7394,0.5,0.5599,1
401872944,2026-09-20,5083754,Ryan Flournoy,home,anytd,Anytime TD,td_pg,poisson,0.5,book,8 books,0.25,0.0,0.2122,under,high,2026-09-20T19:33:29Z,0.0,1,1,1,0,0.2197,0.2096,0.2122,1
401872944,2026-09-20,5083754,Ryan Flournoy,home,rec,Receptions,rec_pg,negbin,2.5,book,6 books,2.68,2.0,0.5141,over,low,2026-09-20T19:33:29Z,5.0,1,1,1,0,0.4669,0.5298,0.5141,1
401872944,2026-09-20,5083754,Ryan Flournoy,home,rec_yds,Receiving Yards,rec_yds_pg,normal,30.5,book,6 books,33.82,22.0,0.5103,over,low,2026-09-20T19:33:29Z,23.0,1,1,0,0,0.5414,0.5,0.5103,1
401872945,2026-09-20,15818,Keenan Allen,away,anytd,Anytime TD,td_pg,poisson,0.5,book,8 books,0.12,0.0,0.1386,under,high,2026-09-20T23:24:23Z,0.0,1,1,1,0,0.11,0.1965,0.1749,1
401872945,2026-09-20,15818,Keenan Allen,away,rec,Receptions,rec_pg,negbin,3.5,book,6 books,4.64,6.0,0.4649,over,low,2026-09-20T23:24:23Z,1.0,1,1,0,0,0.6051,0.5239,0.5442,1
401872945,2026-09-20,15818,Keenan Allen,away,rec_yds,Receiving Yards,rec_yds_pg,normal,30.5,book,6 books,38.16,32.0,0.4418,over,low,2026-09-20T23:24:23Z,5.0,1,1,0,0,0.572,0.5031,0.5204,1
401872945,2026-09-20,15847,Travis Kelce,home,anytd,Anytime TD,td_pg,poisson,0.5,book,8 books,0.18,0.0,0.2376,under,high,2026-09-20T23:24:23Z,1.0,1,1,0,0,0.1669,0.3369,0.2944,1
401872945,2026-09-20,15847,Travis Kelce,home,rec,Receptions,rec_pg,negbin,3.5,book,7 books,4.5,3.0,0.4824,over,low,2026-09-20T23:24:23Z,9.0,1,1,1,0,0.5855,0.5541,0.562,1
401872945,2026-09-20,15847,Travis Kelce,home,rec_yds,Receiving Yards,rec_yds_pg,normal,42.5,book,6 books,59.0,71.0,0.4485,over,low,2026-09-20T23:24:23Z,101.0,1,1,1,0,0.6121,0.499,0.5273,1
401872945,2026-09-20,2998565,Mo Alie-Cox,away,anytd,Anytime TD,td_pg,poisson,0.5,book,8 books,0.03,0.0,0.0565,under,high,2026-09-20T23:24:23Z,,0,1,,,0.0287,0.0858,0.0715,1
401872945,2026-09-20,3051889,Laquon Treadwell,away,anytd,Anytime TD,td_pg,poisson,0.5,book,7 books,0.18,0.0,0.0761,under,high,2026-09-20T23:24:23Z,0.0,1,1,1,0,0.168,0.0726,0.0964,1
401872945,2026-09-20,3139477,Patrick Mahomes,home,pass_att,Pass Attempts,pass_att_pg,normal,30.5,book,5 books,36.4,27.0,0.5019,over,low,2026-09-20T23:24:23Z,47.0,1,1,1,0,0.768,0.5194,0.5816,1
401872945,2026-09-20,3139477,Patrick Mahomes,home,pass_cmp,Completions,pass_cmp_pg,normal,19.5,book,5 books,22.5,15.0,0.4997,over,low,2026-09-20T23:24:23Z,32.0,1,1,1,0,0.6975,0.54,0.5794,1
401872945,2026-09-20,3139477,Patrick Mahomes,home,pass_int,Interceptions,pass_int_pg,poisson,0.5,book,5 books,0.82,0.0,0.3976,over,low,2026-09-20T23:24:23Z,0.0,1,1,0,0,0.5614,0.4447,0.4739,1
401872945,2026-09-20,3139477,Patrick Mahomes,home,pass_td,Passing TDs,pass_td_pg,poisson,1.5,book,7 books,1.81,2.0,0.4374,over,low,2026-09-20T23:24:23Z,3.0,1,1,1,0,0.5387,0.5082,0.5158,1
401872945,2026-09-20,3139477,Patrick Mahomes,home,pass_yds,Passing Yards,pass_yds_pg,normal,221.5,book,6 books,268.33,184.0,0.4755,over,low,2026-09-20T23:24:23Z,382.0,1,1,1,0,0.7136,0.502,0.5549,1
401872945,2026-09-20,3139477,Patrick Mahomes,home,qb_rush,Rushing Yards,rush_yds_pg,normal,17.5,book,7 books,31.82,23.0,0.469,over,low,2026-09-20T23:24:23Z,17.0,1,1,0,0,0.7055,0.4959,0.5483,1
401872945,2026-09-20,3917792,Daniel Jones,away,pass_att,Pass Attempts,pass_att_pg,normal,31.5,book,4 books,27.64,31.0,0.3759,under,med,2026-09-20T23:24:23Z,31.0,1,1,1,0,0.2834,0.5062,0.4505,1
401872945,2026-09-20,3917792,Daniel Jones,away,pass_cmp,Completions,pass_cmp_pg,normal,21.5,book,6 books,18.46,19.0,0.3429,under,med,2026-09-20T23:24:23Z,22.0,1,1,0,0,0.2779,0.46,0.4145,1
401872945,2026-09-20,3917792,Daniel Jones,away,pass_int,Interceptions,pass_int_pg,poisson,0.5,book,5 books,0.88,1.0,0.4612,over,low,2026-09-20T23:24:23Z,1.0,1,1,1,0,0.5838,0.526,0.5404,1
401872945,2026-09-20,3917792,Daniel Jones,away,pass_td,Passing TDs,pass_td_pg,poisson,1.5,book,6 books,1.21,1.0,0.2873,under,high,2026-09-20T23:24:23Z,1.0,1,1,1,0,0.3423,0.3554,0.3521,1
401872945,2026-09-20,3917792,Daniel Jones,away,pass_yds,Passing Yards,pass_yds_pg,normal,217.5,book,7 books,198.48,166.0,0.3962,under,med,2026-09-20T23:24:23Z,210.0,1,1,1,0,0.3893,0.5,0.4723,1
401872945,2026-09-20,3917792,Daniel Jones,away,qb_rush,Rushing Yards,rush_yds_pg,normal,8.5,book,5 books,9.8,4.0,0.4323,over,low,2026-09-20T23:24:23Z,10.0,1,1,1,0,0.536,0.502,0.5105,1
401872945,2026-09-20,4240472,Noah Gray,home,anytd,Anytime TD,td_pg,poisson,0.5,book,8 books,0.23,0.0,0.1179,under,high,2026-09-20T23:24:23Z,0.0,1,1,1,0,0.2059,0.1301,0.1491,1
401872945,2026-09-20,4240472,Noah Gray,home,rec,Receptions,rec_pg,negbin,1.5,book,6 books,1.34,1.0,0.3105,under,high,2026-09-20T23:24:23Z,0.0,1,1,1,0,0.3495,0.388,0.3784,1
401872945,2026-09-20,4240472,Noah Gray,home,rec_yds,Receiving Yards,rec_yds_pg,normal,11.5,book,6 books,11.13,5.0,0.4207,under,med,2026-09-20T23:24:23Z,0.0,1,1,1,0,0.4933,0.5,0.4983,1
401872945,2026-09-20,4242335,Jonathan Taylor,away,anytd,Anytime TD,td_pg,poisson,0.5,book,8 books,0.78,2.0,0.4827,over,low,2026-09-20T23:24:23Z,2.0,1,1,1,0,0.5418,0.569,0.5622,1
401872945,2026-09-20,4242335,Jonathan Taylor,away,rec,Receptions,rec_pg,negbin,2.5,book,6 books,2.57,3.0,0.42,over,low,2026-09-20T23:24:23Z,4.0,1,1,1,0,0.4313,0.5197,0.4976,1
401872945,2026-09-20,4242335,Jonathan Taylor,away,rush_att,Rush Attempts,rush_att_pg,negbin,18.5,book,3 books,17.58,19.0,0.4196,under,med,2026-09-20T23:24:23Z,24.0,1,1,0,0,0.4043,0.5281,0.4971,1
401872945,2026-09-20,4242335,Jonathan Taylor,away,rush_yds,Rushing Yards,rush_yds_pg,normal,82.5,book,6 books,80.88,98.0,0.4195,under,med,2026-09-20T23:24:23Z,92.0,1,1,0,0,0.4882,0.5,0.497,1
401872945,2026-09-20,4242335,Jonathan Taylor,away,scrim,Rush + Rec Yards,scrim_yds_pg,normal,103.5,book,4 books,101.35,121.0,0.4184,under,med,2026-09-20T23:24:23Z,132.0,1,1,0,0,0.4865,0.499,0.4959,1
401872945,2026-09-20,4360078,Alec Pierce,away,anytd,Anytime TD,td_pg,poisson,0.5,book,8 books,0.2,0.0,0.1636,under,high,2026-09-20T23:24:23Z,0.0,1,1,1,0,0.1797,0.2144,0.2057,1
401872945,2026-09-20,4360078,Alec Pierce,away,rec,Receptions,rec_pg,negbin,2.5,book,6 books,3.06,4.0,0.4864,over,low,2026-09-20T23:24:23Z,1.0,1,1,0,0,0.5234,0.5801,0.566,1
401872945,2026-09-20,4360078,Alec Pierce,away,rec_yds,Receiving Yards,rec_yds_pg,normal,44.5,book,6 books,57.9,61.0,0.4475,over,low,2026-09-20T23:24:23Z,11.0,1,1,0,0,0.5928,0.5042,0.5263,1
401872945,2026-09-20,4362921,Tyquan Thornton,home,anytd,Anytime TD,td_pg,poisson,0.5,book,8 books,0.13,0.0,0.1106,under,high,2026-09-20T23:24:23Z,0.0,1,1,1,0,0.1245,0.1451,0.14,1
401872945,2026-09-20,4362921,Tyquan Thornton,home,rec,Receptions,rec_pg,negbin,1.5,book,6 books,1.2,0.0,0.305,under,high,2026-09-20T23:24:23Z,4.0,1,1,0,0,0.3116,0.3923,0.3721,1
401872945,2026-09-20,4362921,Tyquan Thornton,home,rec_yds,Receiving Yards,rec_yds_pg,normal,16.5,book,6 books,28.72,0.0,0.4566,over,low,2026-09-20T23:24:23Z,86.0,1,1,1,0,0.6363,0.502,0.5356,1
401872945,2026-09-20,4372070,Ben VanSumeren,home,anytd,Anytime TD,td_pg,poisson,0.5,book,6 books,0.44,0.0,0.0823,under,high,2026-09-20T23:24:23Z,,0,1,,,0.3558,0.0205,0.1043,1
401872945,2026-09-20,4428331,Rashee Rice,home,anytd,Anytime TD,td_pg,poisson,0.5,book,8 books,0.59,1.0,0.3354,over,low,2026-09-20T23:24:23Z,0.0,1,1,0,0,0.4455,0.3931,0.4062,1
401872945,2026-09-20,4428331,Rashee Rice,home,rec,Receptions,rec_pg,negbin,4.5,book,6 books,6.23,2.0,0.4977,over,low,2026-09-20T23:24:23Z,4.0,1,1,0,0,0.6648,0.5482,0.5773,1
401872945,2026-09-20,4428331,Rashee Rice,home,rec_yds,Receiving Yards,rec_yds_pg,normal,50.5,book,6 books,69.02,19.0,0.449,over,low,2026-09-20T23:24:23Z,83.0,1,1,1,0,0.6113,0.5,0.5278,1
401872945,2026-09-20,4431196,Jake Briningstool,home,anytd,Anytime TD,td_pg,poisson,0.5,book,8 books,0.23,0.0,0.0836,under,high,2026-09-20T23:24:23Z,,0,1,,,0.2059,0.0726,0.1059,1
401872945,2026-09-20,4431459,Tyler Warren,away,anytd,Anytime TD,td_pg,poisson,0.5,book,8 books,0.24,1.0,0.2158,under,high,2026-09-20T23:24:23Z,1.0,1,1,0,0,0.217,0.2859,0.2687,1
401872945,2026-09-20,4431459,Tyler Warren,away,rec,Receptions,rec_pg,negbin,4.5,book,6 books,3.94,3.0,0.422,under,med,2026-09-20T23:24:23Z,6.0,1,1,0,0,0.3574,0.5471,0.4997,1
401872945,2026-09-20,4431459,Tyler Warren,away,rec_yds,Receiving Yards,rec_yds_pg,normal,42.5,book,6 books,37.1,13.0,0.4137,under,med,2026-09-20T23:24:23Z,21.0,1,1,1,0,0.4481,0.5052,0.4909,1
401872945,2026-09-20,4567048,Kenneth Walker III,home,anytd,Anytime TD,td_pg,poisson,0.5,book,8 books,0.43,2.0,0.4872,under,low,2026-09-20T23:24:23Z,0.0,1,1,1,0,0.35,0.6391,0.5668,1
401872945,2026-09-20,4567048,Kenneth Walker III,home,rec,Receptions,rec_pg,negbin,3.5,book,6 books,2.15,3.0,0.2992,under,high,2026-09-20T23:24:23Z,6.0,1,1,0,0,0.2059,0.4188,0.3656,1
401872945,2026-09-20,4567048,Kenneth Walker III,home,rush_att,Rush Attempts,rush_att_pg,negbin,18.5,book,3 books,15.49,23.0,0.3707,under,med,2026-09-20T23:24:23Z,24.0,1,1,0,0,0.2493,0.5101,0.4449,1
401872945,2026-09-20,4567048,Kenneth Walker III,home,rush_yds,Rushing Yards,rush_yds_pg,normal,81.5,book,6 books,85.39,173.0,0.4302,over,low,2026-09-20T23:24:23Z,117.0,1,1,1,0,0.5272,0.502,0.5083,1
401872945,2026-09-20,4567048,Kenneth Walker III,home,scrim,Rush + Rec Yards,scrim_yds_pg,normal,106.5,book,4 books,104.8,191.0,0.4184,under,med,2026-09-20T23:24:23Z,178.0,1,1,0,0,0.4896,0.498,0.4959,1
401872945,2026-09-20,4683062,Xavier Worthy,home,anytd,Anytime TD,td_pg,poisson,0.5,book,8 books,0.04,0.0,0.1852,under,high,2026-09-20T23:24:23Z,1.0,1,1,0,0,0.0434,0.2948,0.232,1
401872945,2026-09-20,4683062,Xavier Worthy,home,rec,Receptions,rec_pg,negbin,3.5,book,6 books,3.19,3.0,0.3671,under,med,2026-09-20T23:24:23Z,5.0,1,1,0,0,0.3794,0.4616,0.4411,1
401872945,2026-09-20,4683062,Xavier Worthy,home,rec_yds,Receiving Yards,rec_yds_pg,normal,40.5,book,6 books,38.19,18.0,0.4164,under,med,2026-09-20T23:24:23Z,25.0,1,1,1,0,0.4782,0.499,0.4938,1
401872945,2026-09-20,4686468,Seth McGowan,away,anytd,Anytime TD,td_pg,poisson,0.5,book,8 books,0.35,0.0,0.1117,under,high,2026-09-20T23:24:23Z,0.0,1,1,1,0,0.2959,0.0898,0.1413,1
401872945,2026-09-20,4688813,Josh Downs,away,anytd,Anytime TD,td_pg,poisson,0.5,book,8 books,0.12,0.0,0.157,under,high,2026-09-20T23:24:23Z,0.0,1,1,1,0,0.1164,0.2246,0.1976,1
401872945,2026-09-20,4688813,Josh Downs,away,rec,Receptions,rec_pg,negbin,4.5,book,6 books,3.13,2.0,0.3071,under,high,2026-09-20T23:24:23Z,7.0,1,1,0,0,0.2399,0.4194,0.3745,1
401872945,2026-09-20,4688813,Josh Downs,away,rec_yds,Receiving Yards,rec_yds_pg,normal,42.5,book,6 books,31.33,37.0,0.3943,under,med,2026-09-20T23:24:23Z,72.0,1,1,0,0,0.3814,0.5,0.4704,1
401872945,2026-09-20,4722908,Drew Ogletree,away,anytd,Anytime TD,td_pg,poisson,0.5,book,8 books,0.03,0.0,0.0282,under,high,2026-09-20T23:24:23Z,0.0,1,1,1,0,0.0325,0.0363,0.0353,1
401872945,2026-09-20,4832955,Emmett Johnson,home,anytd,Anytime TD,td_pg,poisson,0.5,book,8 books,0.44,0.0,0.1688,under,high,2026-09-20T23:24:23Z,0.0,1,1,1,0,0.3558,0.1641,0.212,1
401872945,2026-09-20,4832955,Emmett Johnson,home,rush_yds,Rushing Yards,rush_yds_pg,normal,17.5,book,5 books,12.02,24.0,0.393,under,med,2026-09-20T23:24:23Z,15.0,1,1,1,0,0.385,0.4969,0.4689,1
401872945,2026-09-20,4832955,Emmett Johnson,home,scrim,Rush + Rec Yards,scrim_yds_pg,normal,29.5,book,3 books,85.42,68.0,0.5087,over,low,2026-09-20T23:24:23Z,35.0,1,1,1,0,0.8411,0.504,0.5883,1
401872945,2026-09-20,4912218,Cyrus Allen,home,anytd,Anytime TD,td_pg,poisson,0.5,book,8 books,0.23,0.0,0.07,under,high,2026-09-20T23:24:23Z,,0,1,,,0.2059,0.0497,0.0887,1
401872945,2026-09-20,5082630,Jalen Royals,home,anytd,Anytime TD,td_pg,poisson,0.5,book,8 books,0.23,0.0,0.0673,under,high,2026-09-20T23:24:23Z,1.0,1,1,0,0,0.2059,0.0449,0.0852,1
401872946,2026-09-20,2975674,Robert Tonyan,away,anytd,Anytime TD,td_pg,poisson,0.5,book,8 books,0.28,0.0,0.0804,under,high,2026-09-20T16:55:44Z,,0,1,,,0.243,0.0262,0.0804,1
401872946,2026-09-20,2991662,Mack Hollins,home,anytd,Anytime TD,td_pg,poisson,0.5,book,8 books,0.11,0.0,0.2171,under,high,2026-09-20T16:55:44Z,0.0,1,1,1,0,0.1034,0.255,0.2171,1
401872946,2026-09-20,2991662,Mack Hollins,home,rec,Receptions,rec_pg,negbin,3.5,book,5 books,3.21,4.0,0.4098,under,med,2026-09-20T16:55:44Z,2.0,1,1,1,0,0.388,0.4171,0.4098,1
401872946,2026-09-20,2991662,Mack Hollins,home,rec_yds,Receiving Yards,rec_yds_pg,normal,35.5,book,7 books,38.36,51.0,0.5089,over,low,2026-09-20T16:55:44Z,18.0,1,1,0,0,0.5327,0.501,0.5089,1
401872946,2026-09-20,3046439,Hunter Henry,home,anytd,Anytime TD,td_pg,poisson,0.5,book,8 books,0.34,0.0,0.2926,under,high,2026-09-20T16:55:44Z,0.0,1,1,1,0,0.2861,0.2948,0.2926,1
401872946,2026-09-20,3046439,Hunter Henry,home,rec,Receptions,rec_pg,negbin,3.5,book,6 books,3.43,3.0,0.4413,under,low,2026-09-20T16:55:44Z,3.0,1,1,1,0,0.4276,0.4459,0.4413,1
401872946,2026-09-20,3046439,Hunter Henry,home,rec_yds,Receiving Yards,rec_yds_pg,normal,39.5,book,6 books,41.23,26.0,0.5024,over,low,2026-09-20T16:55:44Z,40.0,1,1,1,0,0.5189,0.4969,0.5024,1
401872946,2026-09-20,4035656,Ben Skowronek,away,anytd,Anytime TD,td_pg,poisson,0.5,book,8 books,0.05,0.0,0.0448,under,high,2026-09-20T16:55:44Z,0.0,1,1,1,0,0.0445,0.0449,0.0448,1
401872946,2026-09-20,4038815,Rico Dowdle,away,anytd,Anytime TD,td_pg,poisson,0.5,book,8 books,0.32,0.0,0.2928,under,high,2026-09-20T16:55:44Z,0.0,1,1,1,0,0.2727,0.2995,0.2928,1
401872946,2026-09-20,4038815,Rico Dowdle,away,rec,Receptions,rec_pg,negbin,2.5,book,6 books,2.15,2.0,0.4491,under,low,2026-09-20T16:55:44Z,2.0,1,1,1,0,0.3519,0.4815,0.4491,1
401872946,2026-09-20,4038815,Rico Dowdle,away,rush_att,Rush Attempts,rush_att_pg,negbin,8.5,book,2 books,12.33,8.0,0.5832,over,med,2026-09-20T16:55:44Z,7.0,1,1,0,0,0.8205,0.5042,0.5832,1
401872946,2026-09-20,4038815,Rico Dowdle,away,rush_yds,Rushing Yards,rush_yds_pg,normal,32.5,book,6 books,51.26,15.0,0.547,over,low,2026-09-20T16:55:44Z,22.0,1,1,0,0,0.6909,0.499,0.547,1
401872946,2026-09-20,4038815,Rico Dowdle,away,scrim,Rush + Rec Yards,scrim_yds_pg,normal,50.5,book,4 books,65.69,21.0,0.5319,over,low,2026-09-20T16:55:44Z,44.0,1,1,0,0,0.6307,0.499,0.5319,1
401872946,2026-09-20,4039505,Reggie Gilliam,home,anytd,Anytime TD,td_pg,poisson,0.5,book,7 books,0.56,0.0,0.1311,over,low,2026-09-20T16:55:44Z,0.0,1,1,0,0,0.4266,0.0325,0.1311,1
401872946,2026-09-20,4047650,DK Metcalf,away,anytd,Anytime TD,td_pg,poisson,0.5,book,8 books,0.36,0.0,0.3003,under,high,2026-09-20T16:55:44Z,0.0,1,1,1,0,0.3029,0.2995,0.3003,1
401872946,2026-09-20,4047650,DK Metcalf,away,rec,Receptions,rec_pg,negbin,4.5,book,6 books,3.77,4.0,0.4461,under,low,2026-09-20T16:55:44Z,4.0,1,1,1,0,0.3316,0.4843,0.4461,1
401872946,2026-09-20,4047650,DK Metcalf,away,rec_yds,Receiving Yards,rec_yds_pg,normal,59.5,book,6 books,50.0,40.0,0.4792,under,low,2026-09-20T16:55:44Z,27.0,1,1,1,0,0.4105,0.502,0.4792,1
401872946,2026-09-20,4361411,Pat Freiermuth,away,anytd,Anytime TD,td_pg,poisson,0.5,book,8 books,0.34,1.0,0.2158,under,high,2026-09-20T16:55:44Z,0.0,1,1,1,0,0.2858,0.1925,0.2158,1
401872946,2026-09-20,4361411,Pat Freiermuth,away,rec,Receptions,rec_pg,negbin,3.5,book,6 books,2.72,5.0,0.4151,under,med,2026-09-20T16:55:44Z,4.0,1,1,0,0,0.2978,0.4542,0.4151,1
401872946,2026-09-20,4361411,Pat Freiermuth,away,rec_yds,Receiving Yards,rec_yds_pg,normal,31.5,book,6 books,29.22,46.0,0.4953,under,low,2026-09-20T16:55:44Z,32.0,1,1,0,0,0.4688,0.5042,0.4953,1
401872946,2026-09-20,4361432,Romeo Doubs,home,anytd,Anytime TD,td_pg,poisson,0.5,book,8 books,0.31,0.0,0.2475,under,high,2026-09-20T16:55:44Z,0.0,1,1,1,0,0.2643,0.2419,0.2475,1
401872946,2026-09-20,4361432,Romeo Doubs,home,rec,Receptions,rec_pg,negbin,3.5,book,7 books,2.85,0.0,0.4177,under,med,2026-09-20T16:55:44Z,3.0,1,1,1,0,0.3227,0.4494,0.4177,1
401872946,2026-09-20,4361432,Romeo Doubs,home,rec_yds,Receiving Yards,rec_yds_pg,normal,39.5,book,6 books,37.03,0.0,0.4928,under,low,2026-09-20T16:55:44Z,96.0,1,1,0,0,0.4711,0.5,0.4928,1
401872946,2026-09-20,4427095,DeMario Douglas,home,anytd,Anytime TD,td_pg,poisson,0.5,book,8 books,0.14,0.0,0.181,under,high,2026-09-20T16:55:44Z,0.0,1,1,1,0,0.1345,0.1965,0.181,1
401872946,2026-09-20,4427095,DeMario Douglas,home,rec,Receptions,rec_pg,negbin,3.5,book,6 books,2.34,5.0,0.3858,under,med,2026-09-20T16:55:44Z,1.0,1,1,1,0,0.231,0.4373,0.3858,1
401872946,2026-09-20,4427095,DeMario Douglas,home,rec_yds,Receiving Yards,rec_yds_pg,normal,35.5,book,6 books,24.79,20.0,0.4621,under,low,2026-09-20T16:55:44Z,9.0,1,1,1,0,0.3424,0.502,0.4621,1
401872946,2026-09-20,4430802,Darnell Washington,away,anytd,Anytime TD,td_pg,poisson,0.5,book,8 books,0.05,0.0,0.1061,under,high,2026-09-20T16:55:44Z,0.0,1,1,1,0,0.0472,0.1258,0.1061,1
401872946,2026-09-20,4430802,Darnell Washington,away,rec,Receptions,rec_pg,negbin,1.5,book,6 books,1.86,2.0,0.5548,over,low,2026-09-20T16:55:44Z,1.0,1,1,0,0,0.5047,0.5715,0.5548,1
401872946,2026-09-20,4430802,Darnell Washington,away,rec_yds,Receiving Yards,rec_yds_pg,normal,14.5,book,6 books,20.37,18.0,0.5269,over,low,2026-09-20T16:55:44Z,7.0,1,1,0,0,0.5981,0.5031,0.5269,1
401872946,2026-09-20,4431431,Corey Kiner,home,anytd,Anytime TD,td_pg,poisson,0.5,book,8 books,0.56,0.0,0.1403,over,low,2026-09-20T16:55:44Z,0.0,1,1,0,0,0.4266,0.0449,0.1403,1
401872946,2026-09-20,4431452,Drake Maye,home,pass_att,Pass Attempts,pass_att_pg,normal,29.5,book,4 books,29.5,33.0,0.5039,over,low,2026-09-20T16:55:44Z,,1,1,,,0.4998,0.5052,0.5039,1
401872946,2026-09-20,4431452,Drake Maye,home,pass_cmp,Completions,pass_cmp_pg,normal,20.5,book,4 books,21.1,23.0,0.5192,over,low,2026-09-20T16:55:44Z,14.0,1,1,0,0,0.5428,0.5114,0.5192,1
401872946,2026-09-20,4431452,Drake Maye,home,pass_int,Interceptions,pass_int_pg,poisson,0.5,book,5 books,1.43,3.0,0.5248,over,low,2026-09-20T16:55:44Z,1.0,1,1,1,0,0.7617,0.4459,0.5248,1
401872946,2026-09-20,4431452,Drake Maye,home,pass_td,Passing TDs,pass_td_pg,poisson,1.5,book,7 books,1.66,1.0,0.4508,over,low,2026-09-20T16:55:44Z,0.0,1,1,0,0,0.493,0.4367,0.4508,1
401872946,2026-09-20,4431452,Drake Maye,home,pass_yds,Passing Yards,pass_yds_pg,normal,225.5,book,7 books,240.67,178.0,0.5188,over,low,2026-09-20T16:55:44Z,208.0,1,1,0,0,0.5782,0.499,0.5188,1
401872946,2026-09-20,4431452,Drake Maye,home,qb_rush,Rushing Yards,rush_yds_pg,normal,27.5,book,7 books,29.36,47.0,0.5089,over,low,2026-09-20T16:55:44Z,17.0,1,1,0,0,0.5294,0.502,0.5089,1
401872946,2026-09-20,4431492,Roman Wilson,away,anytd,Anytime TD,td_pg,poisson,0.5,book,8 books,0.12,0.0,0.1724,under,high,2026-09-20T16:55:44Z,0.0,1,1,1,0,0.1122,0.1925,0.1724,1
401872946,2026-09-20,4431492,Roman Wilson,away,rec,Receptions,rec_pg,negbin,2.5,book,6 books,1.21,3.0,0.4587,under,low,2026-09-20T16:55:44Z,5.0,1,1,0,0,0.151,0.5613,0.4587,1
401872946,2026-09-20,4431492,Roman Wilson,away,rec_yds,Receiving Yards,rec_yds_pg,normal,33.5,book,6 books,13.89,26.0,0.4147,under,med,2026-09-20T16:55:44Z,28.0,1,1,1,0,0.1588,0.5,0.4147,1
401872946,2026-09-20,4569173,Rhamondre Stevenson,home,anytd,Anytime TD,td_pg,poisson,0.5,book,8 books,0.53,0.0,0.4525,over,low,2026-09-20T16:55:44Z,0.0,1,1,0,0,0.4091,0.467,0.4525,1
401872946,2026-09-20,4569173,Rhamondre Stevenson,home,rec,Receptions,rec_pg,negbin,2.5,book,6 books,2.73,5.0,0.5356,over,low,2026-09-20T16:55:44Z,1.0,1,1,0,0,0.477,0.5551,0.5356,1
401872946,2026-09-20,4569173,Rhamondre Stevenson,home,rush_att,Rush Attempts,rush_att_pg,negbin,13.5,book,2 books,10.69,18.0,0.4261,under,med,2026-09-20T16:55:44Z,6.0,1,1,1,0,0.2223,0.494,0.4261,1
401872946,2026-09-20,4569173,Rhamondre Stevenson,home,rush_yds,Rushing Yards,rush_yds_pg,normal,48.5,book,6 books,43.6,51.0,0.4856,under,low,2026-09-20T16:55:44Z,43.0,1,1,1,0,0.4423,0.5,0.4856,1
401872946,2026-09-20,4569173,Rhamondre Stevenson,home,scrim,Rush + Rec Yards,scrim_yds_pg,normal,70.5,book,4 books,70.97,95.0,0.5017,over,low,2026-09-20T16:55:44Z,46.0,1,1,0,0,0.5039,0.501,0.5017,1
401872946,2026-09-20,4569987,Jaylen Warren,away,anytd,Anytime TD,td_pg,poisson,0.5,book,8 books,0.39,0.0,0.3241,under,high,2026-09-20T16:55:44Z,0.0,1,1,1,0,0.3206,0.3253,0.3241,1
401872946,2026-09-20,4569987,Jaylen Warren,away,rec,Receptions,rec_pg,negbin,3.5,book,6 books,2.79,5.0,0.3764,under,med,2026-09-20T16:55:44Z,2.0,1,1,1,0,0.3106,0.3983,0.3764,1
401872946,2026-09-20,4569987,Jaylen Warren,away,rush_att,Rush Attempts,rush_att_pg,negbin,10.5,book,2 books,12.09,10.0,0.5474,over,low,2026-09-20T16:55:44Z,11.0,1,1,1,0,0.6272,0.5209,0.5474,1
401872946,2026-09-20,4569987,Jaylen Warren,away,rush_yds,Rushing Yards,rush_yds_pg,normal,43.5,book,6 books,53.41,46.0,0.526,over,low,2026-09-20T16:55:44Z,43.0,1,1,0,0,0.601,0.501,0.526,1
401872946,2026-09-20,4569987,Jaylen Warren,away,scrim,Rush + Rec Yards,scrim_yds_pg,normal,66.5,book,3 books,73.68,73.0,0.5144,over,low,2026-09-20T16:55:44Z,77.0,1,1,1,0,0.5578,0.5,0.5144,1
401872946,2026-09-20,4693370,Riley Nowakowski,away,anytd,Anytime TD,td_pg,poisson,0.5,book,7 books,0.53,0.0,0.1258,over,low,2026-09-20T16:55:44Z,,0,1,,,0.4087,0.0314,0.1258,1
401872946,2026-09-20,4831959,Eli Raridon,home,anytd,Anytime TD,td_pg,poisson,0.5,book,8 books,0.54,1.0,0.1876,over,low,2026-09-20T16:55:44Z,0.0,1,1,0,0,0.4173,0.111,0.1876,1
401872946,2026-09-20,8439,Aaron Rodgers,away,pass_att,Pass Attempts,pass_att_pg,normal,34.5,book,5 books,31.16,40.0,0.4633,under,low,2026-09-20T16:55:44Z,,1,1,,,0.3229,0.5101,0.4633,1
401872946,2026-09-20,8439,Aaron Rodgers,away,pass_cmp,Completions,pass_cmp_pg,normal,21.5,book,6 books,20.1,24.0,0.4703,under,low,2026-09-20T16:55:44Z,23.0,1,1,0,0,0.3978,0.4944,0.4703,1
401872946,2026-09-20,8439,Aaron Rodgers,away,pass_int,Interceptions,pass_int_pg,poisson,0.5,book,5 books,0.66,0.0,0.4482,over,low,2026-09-20T16:55:44Z,1.0,1,1,1,0,0.4828,0.4367,0.4482,1
401872946,2026-09-20,8439,Aaron Rodgers,away,pass_td,Passing TDs,pass_td_pg,poisson,0.5,book,6 books,1.31,1.0,0.6817,over,high,2026-09-20T16:55:44Z,0.0,1,1,0,0,0.7314,0.6651,0.6817,1
401872946,2026-09-20,8439,Aaron Rodgers,away,pass_yds,Passing Yards,pass_yds_pg,normal,212.5,book,6 books,194.71,221.0,0.4745,under,low,2026-09-20T16:55:44Z,187.0,1,1,1,0,0.3951,0.501,0.4745,1
401872946,2026-09-20,8439,Aaron Rodgers,away,qb_rush,Rushing Yards,rush_yds_pg,normal,0.5,book,3 books,2.95,0.0,0.515,over,low,2026-09-20T16:55:44Z,5.0,1,1,1,0,0.5911,0.4896,0.515,1
401872947,2026-09-21,12483,Matthew Stafford,home,pass_att,Pass Attempts,pass_att_pg,normal,32.5,book,4 books,35.07,25.0,0.4611,over,low,2026-09-21T19:43:01Z,,,0,,,0.6283,0.4875,0.5227,1
401872947,2026-09-21,12483,Matthew Stafford,home,pass_cmp,Completions,pass_cmp_pg,normal,21.5,book,6 books,22.58,15.0,0.4628,over,low,2026-09-21T19:43:01Z,,,0,,,0.5735,0.5082,0.5245,1
401872947,2026-09-21,12483,Matthew Stafford,home,pass_int,Interceptions,pass_int_pg,poisson,0.5,book,5 books,0.91,1.0,0.4324,over,low,2026-09-21T19:43:01Z,,,0,,,0.5957,0.4592,0.4933,1
401872947,2026-09-21,12483,Matthew Stafford,home,pass_td,Passing TDs,pass_td_pg,poisson,1.5,book,6 books,2.44,0.0,0.5765,over,med,2026-09-21T19:43:01Z,,,0,,,0.6996,0.6161,0.637,1
401872947,2026-09-21,12483,Matthew Stafford,home,pass_yds,Passing Yards,pass_yds_pg,normal,239.5,book,6 books,277.33,155.0,0.4826,over,low,2026-09-21T19:43:01Z,,,0,,,0.6718,0.502,0.5445,1
401872947,2026-09-21,12483,Matthew Stafford,home,qb_rush,Rushing Yards,rush_yds_pg,normal,0.5,book,2 books,0.05,0.0,0.3363,under,high,2026-09-21T19:43:01Z,,,0,,,0.4803,0.362,0.3916,1
401872947,2026-09-21,16733,Odell Beckham Jr.,away,anytd,Anytime TD,td_pg,poisson,0.5,book,8 books,0.18,0.0,0.066,under,high,2026-09-21T19:43:01Z,,,0,,,0.1634,0.0524,0.0802,1
401872947,2026-09-21,16733,Odell Beckham Jr.,away,rec,Receptions,rec_pg,negbin,0.5,book,BetOnline.ag,0.45,0.0,0.3832,under,med,2026-09-21T19:43:01Z,,,0,,,0.2766,0.4969,0.4418,1
401872947,2026-09-21,16733,Odell Beckham Jr.,away,rec_yds,Receiving Yards,rec_yds_pg,normal,5.5,book,4 books,3.99,0.0,0.4173,under,med,2026-09-21T19:43:01Z,,,0,,,0.4648,0.4819,0.4776,1
401872947,2026-09-21,16800,Davante Adams,home,anytd,Anytime TD,td_pg,poisson,0.5,book,8 books,0.6,0.0,0.4381,over,low,2026-09-21T19:43:01Z,,,0,,,0.4531,0.5146,0.4992,1
401872947,2026-09-21,16800,Davante Adams,home,rec,Receptions,rec_pg,negbin,5.5,book,6 books,4.4,3.0,0.3476,under,med,2026-09-21T19:43:01Z,,,0,,,0.3013,0.438,0.4038,1
401872947,2026-09-21,16800,Davante Adams,home,rec_yds,Receiving Yards,rec_yds_pg,normal,62.5,book,6 books,55.61,26.0,0.4274,under,med,2026-09-21T19:43:01Z,,,0,,,0.4524,0.5,0.4881,1
401872947,2026-09-21,2531358,Chris Manhertz,away,anytd,Anytime TD,td_pg,poisson,0.5,book,8 books,0.18,0.0,0.0524,under,high,2026-09-21T19:43:01Z,,,0,,,0.1634,0.0304,0.0637,1
401872947,2026-09-21,2573401,Tyler Higbee,home,anytd,Anytime TD,td_pg,poisson,0.5,book,8 books,0.18,0.0,0.1362,under,high,2026-09-21T19:43:01Z,,,0,,,0.1656,0.1641,0.1645,1
401872947,2026-09-21,2573401,Tyler Higbee,home,rec,Receptions,rec_pg,negbin,1.5,book,6 books,2.61,2.0,0.4698,over,low,2026-09-21T19:43:01Z,,,0,,,0.6357,0.4969,0.5316,1
401872947,2026-09-21,2573401,Tyler Higbee,home,rec_yds,Receiving Yards,rec_yds_pg,normal,14.5,book,6 books,27.56,12.0,0.4763,over,low,2026-09-21T19:43:01Z,,,0,,,0.6434,0.5031,0.5382,1
401872947,2026-09-21,2975417,Patrick Ricard,away,anytd,Anytime TD,td_pg,poisson,0.5,book,8 books,0.26,0.0,0.0655,under,high,2026-09-21T19:43:01Z,,,0,,,0.2268,0.0304,0.0795,1
401872947,2026-09-21,4040655,Darnell Mooney,away,anytd,Anytime TD,td_pg,poisson,0.5,book,8 books,0.04,0.0,0.0759,under,high,2026-09-21T19:43:01Z,,,0,,,0.036,0.111,0.0922,1
401872947,2026-09-21,4040655,Darnell Mooney,away,rec,Receptions,rec_pg,negbin,1.5,book,5 books,2.14,2.0,0.4079,over,low,2026-09-21T19:43:01Z,,,0,,,0.5424,0.4429,0.4678,1
401872947,2026-09-21,4040655,Darnell Mooney,away,rec_yds,Receiving Yards,rec_yds_pg,normal,17.5,book,4 books,28.72,27.0,0.4685,over,low,2026-09-21T19:43:01Z,,,0,,,0.6209,0.5,0.5302,1
401872947,2026-09-21,4040761,Devin Singletary,away,anytd,Anytime TD,td_pg,poisson,0.5,book,8 books,0.27,1.0,0.1471,under,high,2026-09-21T19:43:01Z,,,0,,,0.2377,0.1572,0.1773,1
401872947,2026-09-21,4040761,Devin Singletary,away,rec,Receptions,rec_pg,negbin,1.5,book,4 books,1.57,4.0,0.3658,over,low,2026-09-21T19:43:01Z,,,0,,,0.4073,0.4286,0.4233,1
401872947,2026-09-21,4040761,Devin Singletary,away,rush_yds,Rushing Yards,rush_yds_pg,normal,15.5,book,4 books,23.1,16.0,0.4689,over,low,2026-09-21T19:43:01Z,,,0,,,0.6195,0.501,0.5306,1
401872947,2026-09-21,4040761,Devin Singletary,away,scrim,Rush + Rec Yards,scrim_yds_pg,normal,27.5,book,2 books,34.26,38.0,0.4604,over,low,2026-09-21T19:43:01Z,,,0,,,0.5851,0.501,0.5221,1
401872947,2026-09-21,4242557,Colby Parkinson,home,anytd,Anytime TD,td_pg,poisson,0.5,book,8 books,0.32,0.0,0.2253,under,high,2026-09-21T19:43:01Z,,,0,,,0.2752,0.2657,0.2681,1
401872947,2026-09-21,4242557,Colby Parkinson,home,rec,Receptions,rec_pg,negbin,3.5,book,6 books,2.76,1.0,0.3298,under,high,2026-09-21T19:43:01Z,,,0,,,0.3062,0.4106,0.3845,1
401872947,2026-09-21,4242557,Colby Parkinson,home,rec_yds,Receiving Yards,rec_yds_pg,normal,28.5,book,6 books,25.66,6.0,0.4294,under,med,2026-09-21T19:43:01Z,,,0,,,0.4667,0.498,0.4901,1
401872947,2026-09-21,4243003,Ronnie Rivers,home,anytd,Anytime TD,td_pg,poisson,0.5,book,8 books,0.28,0.0,0.0784,under,high,2026-09-21T19:43:01Z,,,0,,,0.2462,0.0449,0.0952,1
401872947,2026-09-21,4360516,Tyrone Tracy Jr.,away,anytd,Anytime TD,td_pg,poisson,0.5,book,5 books,0.15,0.0,0.0929,under,high,2026-09-21T19:43:01Z,,,0,,,0.1362,0.1048,0.1127,1
401872947,2026-09-21,4361050,Isaiah Likely,away,anytd,Anytime TD,td_pg,poisson,0.5,book,8 books,0.26,2.0,0.2036,under,high,2026-09-21T19:43:01Z,,,0,,,0.2281,0.2483,0.2432,1
401872947,2026-09-21,4361050,Isaiah Likely,away,rec,Receptions,rec_pg,negbin,4.5,book,6 books,2.99,8.0,0.3482,under,med,2026-09-21T19:43:01Z,,,0,,,0.2217,0.4653,0.4044,1
401872947,2026-09-21,4361050,Isaiah Likely,away,rec_yds,Receiving Yards,rec_yds_pg,normal,44.5,book,6 books,30.85,78.0,0.406,under,med,2026-09-21T19:43:01Z,,,0,,,0.3601,0.501,0.4658,1
401872947,2026-09-21,4426553,Davis Allen,home,anytd,Anytime TD,td_pg,poisson,0.5,book,8 books,0.11,0.0,0.0624,under,high,2026-09-21T19:43:01Z,,,0,,,0.101,0.0674,0.0758,1
401872947,2026-09-21,4429096,Blake Corum,home,anytd,Anytime TD,td_pg,poisson,0.5,book,8 books,0.21,0.0,0.2357,under,high,2026-09-21T19:43:01Z,,,0,,,0.1918,0.3093,0.2799,1
401872947,2026-09-21,4429096,Blake Corum,home,rec,Receptions,rec_pg,negbin,0.5,book,3 books,0.42,0.0,0.4708,under,low,2026-09-21T19:43:01Z,,,0,,,0.2641,0.6221,0.5326,1
401872947,2026-09-21,4429096,Blake Corum,home,rush_att,Rush Attempts,rush_att_pg,negbin,10.5,book,3 books,9.18,10.0,0.413,under,med,2026-09-21T19:43:01Z,,,0,,,0.3317,0.5203,0.4732,1
401872947,2026-09-21,4429096,Blake Corum,home,rush_yds,Rushing Yards,rush_yds_pg,normal,47.5,book,6 books,48.03,54.0,0.4402,over,low,2026-09-21T19:43:01Z,,,0,,,0.5055,0.5,0.5014,1
401872947,2026-09-21,4429096,Blake Corum,home,scrim,Rush + Rec Yards,scrim_yds_pg,normal,54.5,book,2 books,50.68,54.0,0.4296,under,med,2026-09-21T19:43:01Z,,,0,,,0.4616,0.5,0.4904,1
401872947,2026-09-21,4429148,Theo Johnson,away,anytd,Anytime TD,td_pg,poisson,0.5,book,8 books,0.18,0.0,0.0959,under,high,2026-09-21T19:43:01Z,,,0,,,0.1673,0.0993,0.1163,1
401872947,2026-09-21,4429148,Theo Johnson,away,rec,Receptions,rec_pg,negbin,0.5,book,5 books,2.71,1.0,0.6521,over,med,2026-09-21T19:43:01Z,,,0,,,0.859,0.658,0.7083,1
401872947,2026-09-21,4429148,Theo Johnson,away,rec_yds,Receiving Yards,rec_yds_pg,normal,8.5,book,5 books,30.42,9.0,0.4928,over,low,2026-09-21T19:43:01Z,,,0,,,0.7192,0.5,0.5548,1
401872947,2026-09-21,4430737,Kyren Williams,home,anytd,Anytime TD,td_pg,poisson,0.5,book,8 books,0.58,1.0,0.4986,over,low,2026-09-21T19:43:01Z,,,0,,,0.4413,0.6003,0.5606,1
401872947,2026-09-21,4430737,Kyren Williams,home,rec,Receptions,rec_pg,negbin,2.5,book,6 books,2.45,3.0,0.3793,under,med,2026-09-21T19:43:01Z,,,0,,,0.4044,0.4487,0.4376,1
401872947,2026-09-21,4430737,Kyren Williams,home,rush_att,Rush Attempts,rush_att_pg,negbin,13.5,book,3 books,15.2,11.0,0.4857,over,low,2026-09-21T19:43:01Z,,,0,,,0.6169,0.5246,0.5477,1
401872947,2026-09-21,4430737,Kyren Williams,home,rush_yds,Rushing Yards,rush_yds_pg,normal,63.5,book,7 books,71.89,41.0,0.4548,over,low,2026-09-21T19:43:01Z,,,0,,,0.5654,0.5,0.5164,1
401872947,2026-09-21,4430737,Kyren Williams,home,scrim,Rush + Rec Yards,scrim_yds_pg,normal,84.5,book,4 books,92.06,65.0,0.4526,over,low,2026-09-21T19:43:01Z,,,0,,,0.5501,0.502,0.5141,1
401872947,2026-09-21,4570037,Terrance Ferguson,home,anytd,Anytime TD,td_pg,poisson,0.5,book,8 books,0.13,0.0,0.1994,under,high,2026-09-21T19:43:01Z,,,0,,,0.1213,0.2775,0.2384,1
401872947,2026-09-21,4570037,Terrance Ferguson,home,rec,Receptions,rec_pg,negbin,2.5,book,6 books,0.71,0.0,0.3362,under,high,2026-09-21T19:43:01Z,,,0,,,0.0752,0.4969,0.3915,1
401872947,2026-09-21,4570037,Terrance Ferguson,home,rec_yds,Receiving Yards,rec_yds_pg,normal,34.5,book,6 books,14.91,0.0,0.3733,under,med,2026-09-21T19:43:01Z,,,0,,,0.222,0.501,0.4313,1
401872947,2026-09-21,4595348,Malik Nabers,away,anytd,Anytime TD,td_pg,poisson,0.5,book,8 books,0.18,0.0,0.2364,under,high,2026-09-21T19:43:01Z,,,0,,,0.1634,0.3198,0.2807,1
401872947,2026-09-21,4595348,Malik Nabers,away,rec,Receptions,rec_pg,negbin,5.5,book,6 books,4.3,6.0,0.3873,under,med,2026-09-21T19:43:01Z,,,0,,,0.2878,0.499,0.4462,1
401872947,2026-09-21,4595348,Malik Nabers,away,rec_yds,Receiving Yards,rec_yds_pg,normal,62.5,book,6 books,50.99,69.0,0.42,under,med,2026-09-21T19:43:01Z,,,0,,,0.4155,0.502,0.4804,1
401872947,2026-09-21,4682648,Malachi Fields,away,anytd,Anytime TD,td_pg,poisson,0.5,book,8 books,0.18,0.0,0.1348,under,high,2026-09-21T19:43:01Z,,,0,,,0.1634,0.1627,0.1628,1
401872947,2026-09-21,4682648,Malachi Fields,away,rec,Receptions,rec_pg,negbin,2.5,book,6 books,3.28,2.0,0.3946,over,low,2026-09-21T19:43:01Z,,,0,,,0.5573,0.4194,0.4538,1
401872947,2026-09-21,4682648,Malachi Fields,away,rec_yds,Receiving Yards,rec_yds_pg,normal,26.5,book,6 books,40.14,25.0,0.4647,over,low,2026-09-21T19:43:01Z,,,0,,,0.6181,0.4958,0.5264,1
401872947,2026-09-21,4689114,Jaxson Dart,away,pass_att,Pass Attempts,pass_att_pg,normal,30.5,book,5 books,24.65,29.0,0.3477,under,med,2026-09-21T19:43:01Z,,,0,,,0.1766,0.4797,0.4039,1
401872947,2026-09-21,4689114,Jaxson Dart,away,pass_cmp,Completions,pass_cmp_pg,normal,19.5,book,5 books,16.45,23.0,0.3956,under,med,2026-09-21T19:43:01Z,,,0,,,0.264,0.5185,0.4549,1
401872947,2026-09-21,4689114,Jaxson Dart,away,pass_int,Interceptions,pass_int_pg,poisson,0.5,book,5 books,0.58,0.0,0.3949,over,low,2026-09-21T19:43:01Z,,,0,,,0.4391,0.4592,0.4542,1
401872947,2026-09-21,4689114,Jaxson Dart,away,pass_td,Passing TDs,pass_td_pg,poisson,1.5,book,7 books,1.37,3.0,0.2967,under,high,2026-09-21T19:43:01Z,,,0,,,0.3978,0.3317,0.3482,1
401872947,2026-09-21,4689114,Jaxson Dart,away,pass_yds,Passing Yards,pass_yds_pg,normal,212.5,book,7 books,170.73,230.0,0.3788,under,med,2026-09-21T19:43:01Z,,,0,,,0.2487,0.5,0.4372,1
401872947,2026-09-21,4689114,Jaxson Dart,away,qb_rush,Rushing Yards,rush_yds_pg,normal,33.5,book,6 books,37.37,54.0,0.4523,over,low,2026-09-21T19:43:01Z,,,0,,,0.552,0.501,0.5138,1
401872947,2026-09-21,4696981,Cam Skattebo,away,anytd,Anytime TD,td_pg,poisson,0.5,book,8 books,0.59,1.0,0.382,over,low,2026-09-21T19:43:01Z,,,0,,,0.4459,0.4388,0.4406,1
401872947,2026-09-21,4696981,Cam Skattebo,away,rec,Receptions,rec_pg,negbin,1.5,book,7 books,2.54,0.0,0.5228,over,low,2026-09-21T19:43:01Z,,,0,,,0.6221,0.5721,0.5846,1
401872947,2026-09-21,4696981,Cam Skattebo,away,rush_att,Rush Attempts,rush_att_pg,negbin,13.5,book,3 books,13.29,18.0,0.4221,under,med,2026-09-21T19:43:01Z,,,0,,,0.4518,0.4929,0.4826,1
401872947,2026-09-21,4696981,Cam Skattebo,away,rush_yds,Rushing Yards,rush_yds_pg,normal,51.5,book,6 books,53.91,81.0,0.4453,over,low,2026-09-21T19:43:01Z,,,0,,,0.5232,0.501,0.5066,1
401872947,2026-09-21,4696981,Cam Skattebo,away,scrim,Rush + Rec Yards,scrim_yds_pg,normal,67.5,book,4 books,75.78,81.0,0.4574,over,low,2026-09-21T19:43:01Z,,,0,,,0.5632,0.5042,0.5189,1
401872947,2026-09-21,4710855,Konata Mumpfield,home,anytd,Anytime TD,td_pg,poisson,0.5,book,8 books,0.04,0.0,0.0969,under,high,2026-09-21T19:43:01Z,,,0,,,0.0349,0.1451,0.1176,1
401872947,2026-09-21,4710855,Konata Mumpfield,home,rec,Receptions,rec_pg,negbin,1.5,book,4 books,0.53,0.0,0.3365,under,high,2026-09-21T19:43:01Z,,,0,,,0.1234,0.4812,0.3918,1
401872947,2026-09-21,4710855,Konata Mumpfield,home,rec_yds,Receiving Yards,rec_yds_pg,normal,14.5,book,4 books,4.89,0.0,0.3917,under,med,2026-09-21T19:43:01Z,,,0,,,0.2941,0.5031,0.4508,1
401872963,2026-09-28,2973405,Kalif Raymond,home,rec,Receptions,rec_pg,negbin,8.5,,,8.91,8.0,0.5081,over,low,2026-09-16T00:24:47Z,,,0,,,,,,
401872963,2026-09-28,2973405,Kalif Raymond,home,rec_yds,Receiving Yards,rec_yds_pg,normal,84.5,,,100.84,84.0,0.5879,over,low,2026-09-16T00:24:47Z,,,0,,,,,,
401872963,2026-09-28,2973405,Kalif Raymond,home,scrim,Rush + Rec Yards,scrim_yds_pg,normal,84.5,,,100.84,84.0,0.5892,over,low,2026-09-16T00:24:47Z,,,0,,,,,,
401872963,2026-09-28,3121023,Dallas Goedert,away,anytd,Anytime TD,td_pg,poisson,0.5,,,1.93,2.0,0.8544,over,high,2026-09-16T00:24:47Z,,,0,,,,,,
401872963,2026-09-28,3121023,Dallas Goedert,away,rec,Receptions,rec_pg,negbin,4.5,,,3.9,4.0,0.3523,under,med,2026-09-16T00:24:47Z,,,0,,,,,,
401872963,2026-09-28,3121023,Dallas Goedert,away,rec_yds,Receiving Yards,rec_yds_pg,normal,77.5,,,74.19,77.0,0.4768,under,low,2026-09-16T00:24:47Z,,,0,,,,,,
401872963,2026-09-28,3121023,Dallas Goedert,away,scrim,Rush + Rec Yards,scrim_yds_pg,normal,77.5,,,74.19,77.0,0.4766,under,low,2026-09-16T00:24:47Z,,,0,,,,,,
401872963,2026-09-28,3917657,Zack Baun,away,tackles,Tackles + Assists,tackles_pg,negbin,12.5,,,10.53,12.0,0.2839,under,high,2026-09-16T00:24:47Z,,,0,,,,,,
401872963,2026-09-28,3929630,Saquon Barkley,away,rush_att,Rush Attempts,rush_att_pg,negbin,15.5,,,14.62,15.0,0.3982,under,med,2026-09-16T00:24:47Z,,,0,,,,,,
401872963,2026-09-28,3929630,Saquon Barkley,away,rush_yds,Rushing Yards,rush_yds_pg,normal,83.5,,,79.97,83.0,0.4729,under,low,2026-09-16T00:24:47Z,,,0,,,,,,
401872963,2026-09-28,3929630,Saquon Barkley,away,scrim,Rush + Rec Yards,scrim_yds_pg,normal,80.5,,,77.08,80.0,0.4733,under,low,2026-09-16T00:24:47Z,,,0,,,,,,
401872963,2026-09-28,4040715,Jalen Hurts,away,pass_att,Pass Attempts,pass_att_pg,normal,25.5,,,24.37,25.0,0.4283,under,low,2026-09-16T00:24:47Z,,,0,,,,,,
401872963,2026-09-28,4040715,Jalen Hurts,away,pass_cmp,Completions,pass_cmp_pg,normal,14.5,,,13.65,14.0,0.4229,under,low,2026-09-16T00:24:47Z,,,0,,,,,,
401872963,2026-09-28,4040715,Jalen Hurts,away,pass_td,Passing TDs,pass_td_pg,poisson,1.5,,,2.89,3.0,0.7839,over,high,2026-09-16T00:24:47Z,,,0,,,,,,
401872963,2026-09-28,4040715,Jalen Hurts,away,pass_yds,Passing Yards,pass_yds_pg,normal,203.5,,,195.59,203.0,0.453,under,low,2026-09-16T00:24:47Z,,,0,,,,,,
401872963,2026-09-28,4040715,Jalen Hurts,away,qb_rush,Rushing Yards,rush_yds_pg,normal,46.5,,,44.32,46.0,0.474,under,low,2026-09-16T00:24:47Z,,,0,,,,,,
401872963,2026-09-28,4241478,DeVonta Smith,away,rec,Receptions,rec_pg,negbin,3.5,,,2.92,3.0,0.3358,under,med,2026-09-16T00:24:47Z,,,0,,,,,,
401872963,2026-09-28,4241478,DeVonta Smith,away,rec_yds,Receiving Yards,rec_yds_pg,normal,53.5,,,51.06,53.0,0.4772,under,low,2026-09-16T00:24:47Z,,,0,,,,,,
401872963,2026-09-28,4241478,DeVonta Smith,away,scrim,Rush + Rec Yards,scrim_yds_pg,normal,53.5,,,51.06,53.0,0.4772,under,low,2026-09-16T00:24:47Z,,,0,,,,,,
401872963,2026-09-28,4258595,Cole Kmet,home,anytd,Anytime TD,td_pg,poisson,0.5,,,1.2,1.0,0.699,over,high,2026-09-16T00:24:47Z,,,0,,,,,,
401872963,2026-09-28,4258595,Cole Kmet,home,rec,Receptions,rec_pg,negbin,2.5,,,2.23,2.0,0.37,under,med,2026-09-16T00:24:47Z,,,0,,,,,,
401872963,2026-09-28,4258595,Cole Kmet,home,rec_yds,Receiving Yards,rec_yds_pg,normal,35.5,,,42.02,35.0,0.5698,over,low,2026-09-16T00:24:47Z,,,0,,,,,,
401872963,2026-09-28,4258595,Cole Kmet,home,scrim,Rush + Rec Yards,scrim_yds_pg,normal,35.5,,,42.02,35.0,0.5695,over,low,2026-09-16T00:24:47Z,,,0,,,,,,
401872963,2026-09-28,4259545,D'Andre Swift,home,anytd,Anytime TD,td_pg,poisson,0.5,,,3.6,3.0,0.9727,over,high,2026-09-16T00:24:47Z,,,0,,,,,,
401872963,2026-09-28,4259545,D'Andre Swift,home,rec,Receptions,rec_pg,negbin,1.5,,,1.11,1.0,0.2937,under,high,2026-09-16T00:24:47Z,,,0,,,,,,
401872963,2026-09-28,4259545,D'Andre Swift,home,rush_att,Rush Attempts,rush_att_pg,negbin,18.5,,,20.04,18.0,0.5944,over,med,2026-09-16T00:24:47Z,,,0,,,,,,
401872963,2026-09-28,4259545,D'Andre Swift,home,rush_yds,Rushing Yards,rush_yds_pg,normal,124.5,,,148.86,124.0,0.611,over,med,2026-09-16T00:24:47Z,,,0,,,,,,
401872963,2026-09-28,4259545,D'Andre Swift,home,scrim,Rush + Rec Yards,scrim_yds_pg,normal,134.5,,,160.87,134.0,0.6137,over,med,2026-09-16T00:24:47Z,,,0,,,,,,
401872963,2026-09-28,4381558,Jordan Davis,away,tackles,Tackles + Assists,tackles_pg,negbin,8.5,,,7.02,8.0,0.2921,under,high,2026-09-16T00:24:47Z,,,0,,,,,,
401872963,2026-09-28,4428850,Dontayvion Wicks,away,anytd,Anytime TD,td_pg,poisson,0.5,,,0.96,1.0,0.6184,over,med,2026-09-16T00:24:47Z,,,0,,,,,,
401872963,2026-09-28,4428850,Dontayvion Wicks,away,rec,Receptions,rec_pg,negbin,2.5,,,1.95,2.0,0.3084,under,high,2026-09-16T00:24:47Z,,,0,,,,,,
401872963,2026-09-28,4428850,Dontayvion Wicks,away,rec_yds,Receiving Yards,rec_yds_pg,normal,73.5,,,70.33,73.0,0.4769,under,low,2026-09-16T00:24:47Z,,,0,,,,,,
401872963,2026-09-28,4428850,Dontayvion Wicks,away,scrim,Rush + Rec Yards,scrim_yds_pg,normal,73.5,,,70.33,73.0,0.4767,under,low,2026-09-16T00:24:47Z,,,0,,,,,,
401872963,2026-09-28,4431299,Rome Odunze,home,rec,Receptions,rec_pg,negbin,2.5,,,2.23,2.0,0.37,under,med,2026-09-16T00:24:47Z,,,0,,,,,,
401872963,2026-09-28,4431299,Rome Odunze,home,rec_yds,Receiving Yards,rec_yds_pg,normal,52.5,,,62.43,52.0,0.5791,over,low,2026-09-16T00:24:47Z,,,0,,,,,,
401872963,2026-09-28,4431299,Rome Odunze,home,scrim,Rush + Rec Yards,scrim_yds_pg,normal,52.5,,,62.43,52.0,0.5795,over,low,2026-09-16T00:24:47Z,,,0,,,,,,
401872963,2026-09-28,4431611,Caleb Williams,home,pass_att,Pass Attempts,pass_att_pg,normal,29.5,,,32.29,29.0,0.6462,over,med,2026-09-16T00:24:47Z,,,0,,,,,,
401872963,2026-09-28,4431611,Caleb Williams,home,pass_cmp,Completions,pass_cmp_pg,normal,21.5,,,23.38,21.0,0.6244,over,med,2026-09-16T00:24:47Z,,,0,,,,,,
401872963,2026-09-28,4431611,Caleb Williams,home,pass_td,Passing TDs,pass_td_pg,poisson,1.5,,,2.4,2.0,0.6918,over,high,2026-09-16T00:24:47Z,,,0,,,,,,
401872963,2026-09-28,4431611,Caleb Williams,home,pass_yds,Passing Yards,pass_yds_pg,normal,269.5,,,322.93,269.0,0.713,over,high,2026-09-16T00:24:47Z,,,0,,,,,,
401872963,2026-09-28,4431611,Caleb Williams,home,qb_rush,Rushing Yards,rush_yds_pg,normal,65.5,,,78.03,65.0,0.5954,over,med,2026-09-16T00:24:47Z,,,0,,,,,,
401872963,2026-09-28,4608686,Kyle Monangai,home,anytd,Anytime TD,td_pg,poisson,0.5,,,1.2,1.0,0.699,over,high,2026-09-16T00:24:47Z,,,0,,,,,,
401872963,2026-09-28,4608686,Kyle Monangai,home,rec,Receptions,rec_pg,negbin,2.5,,,2.23,2.0,0.37,under,med,2026-09-16T00:24:47Z,,,0,,,,,,
401872963,2026-09-28,4608686,Kyle Monangai,home,rush_att,Rush Attempts,rush_att_pg,negbin,10.5,,,11.13,10.0,0.5342,over,low,2026-09-16T00:24:47Z,,,0,,,,,,
401872963,2026-09-28,4608686,Kyle Monangai,home,rush_yds,Rushing Yards,rush_yds_pg,normal,100.5,,,120.05,100.0,0.607,over,med,2026-09-16T00:24:47Z,,,0,,,,,,
401872963,2026-09-28,4608686,Kyle Monangai,home,scrim,Rush + Rec Yards,scrim_yds_pg,normal,124.5,,,148.86,124.0,0.6122,over,med,2026-09-16T00:24:47Z,,,0,,,,,,
401872963,2026-09-28,4685278,Luther Burden III,home,rec,Receptions,rec_pg,negbin,5.5,,,5.57,5.0,0.4626,under,low,2026-09-16T00:24:47Z,,,0,,,,,,
401872963,2026-09-28,4685278,Luther Burden III,home,rec_yds,Receiving Yards,rec_yds_pg,normal,63.5,,,75.63,63.0,0.583,over,low,2026-09-16T00:24:47Z,,,0,,,,,,
401872963,2026-09-28,4685278,Luther Burden III,home,scrim,Rush + Rec Yards,scrim_yds_pg,normal,65.5,,,78.03,65.0,0.5844,over,low,2026-09-16T00:24:47Z,,,0,,,,,,
401872963,2026-09-28,4685287,Jihaad Campbell,away,sacks,Sacks,sacks_pg,poisson,0.5,,,0.88,1.0,0.5842,over,low,2026-09-16T00:24:47Z,,,0,,,,,,
401872963,2026-09-28,4685287,Jihaad Campbell,away,tackles,Tackles + Assists,tackles_pg,negbin,9.5,,,7.9,9.0,0.2905,under,high,2026-09-16T00:24:47Z,,,0,,,,,,
401872963,2026-09-28,4954445,Dillon Thieneman,home,tackles,Tackles + Assists,tackles_pg,negbin,10.5,,,10.22,10.0,0.4389,under,low,2026-09-16T00:24:47Z,,,0,,,,,,
